title,date,url,content,category,source,reported_time
لاہور: 4 افراد کی خاتون کیساتھ مبینہ اجتماعی زیادتی، 2 پولیس مقابلے میں ہلاک,"Aug 01, 2025",https://www.24urdu.com/01-Aug-2025/140195,پولیس حکام کا بتنا ہے کہ لاہور کے علاقے چوہنگ میں 4 افراد نے ایک خاتون کو مبینہ طور پر اجتماعی زیادتی کا نشانہ بنایا تھا۔ پولیس کے مطابق ملزمان کی گرفتاری کیلئے چھاپا مارا گیا تو انہوں نے فائرنگ کر دی، جوابی فائرنگ میں 2 ملزمان ہلاک ہو گئے جبکہ دیگر ساتھیوں کی تلاش جاری ہے۔ دوسری جانب بیگم کوٹ پولیس نے بروقت کارروائی کرتے ہوئے 11 سالہ بچے سے زیادتی کی کوشش کرنے والے اوباش ملزم گرفتار کر لیا۔ ملزم ورغلاء کر معصوم بچے کو اپنے کمرے میں لے گیا اور زیادتی کرنے لگا، بچے کی چیخ پکار سے ملزم موقع سے بھاگ گیا۔ پولیس نے اطلاع ملنے پر بروقت کاروائی کرتے ملزم کو گرفتار کر لیا اور مقدمہ درج کر کے معاملے کی تحقیقات شروع کر دی ہین۔,N/A,24_news,10:55:AM
’’میں نے اپنے باپ کا بدلہ لے لیا ‘‘سینئر وکیل کو   قتل کرنیوالے ملزم کے جملے سامنے آگئے,"Aug 02, 2025",https://www.24urdu.com/02-Aug-2025/140298,"کراچی کے علاقے ڈیفنس میں سینئر وکیل خواجہ شمس الاسلام کو فائرنگ کر کے قتل کرنے والے ملزم کی شناخت ہو گئی اور حملہ آور نے فرار ہوتے ہوئے کہا ایک جملہ بھی ادا کیا۔ درخشاں تھانے کی حدود ڈیفنس فیز 6 قرآن اکیڈمی میں نماز جمعہ کے بعد ایک شخص نے مسجد میں گھس کر فائرنگ کی اور فرار ہو گیا، فائرنگ کے نتیجے میں سینئر وکیل خواجہ شمس السلام اور ان کا بیٹا زخمی ہو گئے، فائرنگ سے زخمی ہونے والے باپ بیٹے کو نجی اسپتال منتقل کیا جہاں دوران علاج 55 سالہ خواجہ شمس السلام چل بسے جبکہ ان کے بیٹے 25 سالہ خواجہ دانیال کو طبی امداد دی جا رہی ہے۔ پولیس کے مطابق خواجہ شمس الاسلام بیٹے کے ساتھ ڈی ایچ اے فیز 6 میں ایک جنازے میں شرکت کیلئے آئے تھے کہ قمیض شلوار میں ملبوس ملزم نے ان پر فائرنگ کی اور موٹر سائیکل پر فرار ہو گیا۔ عینی شاہدین کے مطابق ملزم نے چہرے پر ماسک لگا رکھا تھا جبکہ ایس ایس پی ساؤتھ مہظور علی نے بتایا کہ خواجہ شمس الاسلام نے نماز جمعہ اور اس کے بعد نماز جنازہ پڑھی، نماز کی ادائیگی کے بعد وہ سیڑھیوں کے قریب جوتے پہن کر جیسے ہی کھڑے ہوئے تو مسلح ملزم مسجد میں داخل ہوا اور بھاگتے ہوئے ان پر فائرنگ کر دی، خواجہ شمس الاسلام کو سینے میں دو گولیاں لگیں جبکہ ایک گولی ان کے بیٹے کو بھی لگی۔ پولیس کا کہنا ہے کہ خواجہ شمس الاسلام کو قتل کرنے والے ملزم کی شناخت کرلی گئی ہے۔ خواجہ شمس الاسلام کا قاتل سابق گن مین کا بیٹا عمران آفریدی ہے جس نے چند ماہ پہلے بھی خواجہ شمس الاسلام پر حملہ کیا تھا۔ مہظور علی نے بتایا کہ نبی گل نامی ریٹائرڈ ہیڈ کانسٹیبل خواجہ شمس الاسلام کے ساتھ بطور گن مین چلتا تھا، 2021 میں نبی گل کو کسی نے قتل کر کے لاش ٹھٹھہ کے قریب پھینک دی تھی جس پر نبی گل کے بیٹوں نے الزام عائد کیا کہ ان کے باپ کے قتل میں خواجہ شمس الاسلام ملوث ہیں۔ ایس ایس پی ساؤتھ نے بتایا کہ 2024 میں کلفٹن میں نبی گل کے بیٹوں اور بھائی نے خواجہ شمس الاسلام پر حملہ کیا تھا جس میں وہ زخمی ہوئے تھے، واقعے میں نبی گل کا بھائی بہار گل اور اس کا بیٹا عبداللہ اور ایک سہولت کار سرفراز گرفتار ہو کر جیل گئے تھے۔ انہوں نے بتایا کہ مذکورہ واقعہ بھی اسی کی کڑی ہے، جمعہ کو نبی گل کے بیٹے عمران نے فائرنگ کی اور بھاگتے ہوئے کہا کہ ""میں نے اپنے باپ کا بدلہ لے لیا۔ واقعے کے بعد سے عمران سمیت نبی گل کے پانچوں بیٹے اور نبی گل کے بھائی بہار گل کے بیٹے غائب ہیں، نبی گل کا ایک اور بھائی تقدیر گل معطل پولیس اہلکار ہے اور پولیس لائنز کلفٹن میں رہائش پذیر ہے۔ مہظور علی نے بتایا کہ ملزم عمران کو گرفتار کرنے کے لیے پولیس کی مختلف ٹیمیں چھاپے مار رہی ہیں جبکہ عمران کے دو رشتہ داروں کو پولیس نے حراست میں لے لیا ہے۔",N/A,24_news,09:36:AM
نیشنل سائبر کرائم انویسٹی گیشن ایجنسی کی کارروائی،مالی فراڈ میں ملوث ملز م گرفتار,"Jul 30, 2025",https://www.24urdu.com/30-Jul-2025/140017,کارروائی انکوائری نمبر 2589/2024 کے تحت کی گئی،ملزم کے خلاف ایف آئی آر بھی درج کرلی گئی ہے،ملزم کا تعلق سکیم III راولپنڈی سے ہے اوراس نے Travokey کمپنی کے مالیاتی نظام میں جعل سازی اور رد و بدل  کیا تھاجس سےکمپنی کو 90 لاکھ روپے کا نقصان پہنچا۔ یہ بھی پڑھیں: مقدمہ پیکا ایکٹ 2016 کی دفعات 13، 14 اور تعزیرات پاکستان کی دفعات 419، 420 کے تحت درج  کیاگیاہے،کیس کی تحقیقات سب انسپکٹر محمد سارم علی کی زیر نگرانی جاری ہیں۔,N/A,24_news,15:20:PM
اشتہاری کا اسٹیٹس ختم نہ ہوسکا، علی امین گنڈا پور کی گرفتاری کا حکم,"Jul 31, 2025",https://www.24urdu.com/31-Jul-2025/140105,انسداددہشت گردی عدالت کے جج طاہر عباس سپرا نے کیسز پر سماعت کی،عدالت نے اسلام آباد پولیس کو علی امین گنڈا پور کی گرفتاری کا حکم دیتے ہوئے کہاکہ علی امین گنڈا پور کے وارنٹ گرفتاری برقرار ہیں،اسلام آباد پولیس وارنٹ گرفتاری پر عمل کرے اور اگر پشاور ہائی کورٹ کا کوئی حکم ہے اس پر عمل کریں۔ یہ بھی پڑھیں: پی ٹی آئی راہنما فیصل جاوید خان اورو دیگر عدالت میں پیش ہوئے،عدالت نے وکلاء کی استدعا پر سماعت ملتوی کردی اورکیس پر آئندہ سماعت 6 اگست کو ہوگی۔ واضح رہے کہ علی امین گنڈا پور و دیگر کے خلاف تھانہ انڈسٹریل ایریا میں مقدمہ درج ہے۔,N/A,24_news,11:31:AM
کراچی پورٹ اینڈ شپنگ ریفرنس، کامران مائیکل سمیت تمام ملزمان بری,"Aug 01, 2025",https://www.24urdu.com/01-Aug-2025/140221,سابق وفاقی وزیر کامران مائیکل اور دیگر ملزمان آج احتساب عدالت میں پیش ہوئے تھے،عدالت نے کامران مائیکل سمیت 29 ملزمان کے خلاف ریفرنس ختم کردیا۔ درخواست گزار کے وکیل کا کہنا تھا کہ ریفرنس 2018 میں سیاسی رنجش کی بنا پر بنایا گیا ، کامران مائیکل کو 6 ماہ تک جیل میں رکھا گیا۔ یہ بھی پڑھیں: یاد رہے کہ 2019 میں نیب نے مسلم لیگ ن کے رہنما اور سابق وفاقی وزیر کامران مائیکل کوبطوروفاقی وزیر اختیارات کے غلط استعمال کے الزام میں گرفتار بھی کیا تھا۔,N/A,24_news,13:17:PM
اسمگلنگ کیخلاف ملک گیر کریک ڈاؤن، کروڑوں کی منشیات برآمد، 11 ملزم گرفتار,"Aug 02, 2025",https://www.24urdu.com/02-Aug-2025/140310,تمام کارروائیوں کے دوران مجموعی طور پر 2 کروڑ 15 لاکھ روپے سے زائد مالیت کی 107.318 کلوگرام منشیات برآمد کی گئی،ترجمان کے مطابق چکلالہ میں واقع ایک کوریئر آفس میں برطانیہ سے راولپنڈی آنے والے پارسل کی چیکنگ کے دوران 84 گرام مائع بھنگ برآمد ہوئی، جس پر متعلقہ ملزم کو گرفتار کر لیا گیا۔ اسی طرح ساہیوال کے قریب ہڑپہ ٹول پلازہ پر ایک گاڑی سے 4 کلو افیون، 2 کلو چرس اور 500 گرام آئس برآمد ہوئی، جہاں 3 ملزمان کو حراست میں لیا گیا۔ بلوچستان کے ضلع پشین میں سرانان روڈ پر کارروائی کے دوران ایک گاڑی سے 45 کلو افیون برآمد ہوئی، جب کہ ایک ملزم کو گرفتار کیا گیا۔ وفاقی دارالحکومت اسلام آباد میں ترنول کے قریب ایک ٹرک سے 25 کلو افیون اور 22.8 کلوگرام چرس برآمد کی گئی اور ایک شخص کو گرفتار کر لیا گیا۔ کوہاٹ کے قریب انڈس ہائی وے پر موٹر سائیکل سوار سے 2 کلو افیون برآمد ہوئی، جب کہ اسلام آباد موٹروے ٹول پلازہ پر ایک بس مسافر کے قبضے سے 2 کلو آئس اور دوسری کارروائی میں ایک اور مسافر کے بیگ سے 1.808 کلوگرام ہیروئن برآمد ہوئی۔ پشاور میں رنگ روڈ کے قریب ایک گاڑی سے 1.3 کلو ہیروئن برآمد کی گئی اور اٹک کے برہان ٹول پلازہ پر بس میں سوار ایک مسافر کے قبضے سے 710 گرام افیون برآمد ہوئی۔ تمام گرفتار افراد کے خلاف انسداد منشیات ایکٹ کے تحت مقدمات درج کر کے تفتیش شروع کر دی گئی ہے۔,N/A,24_news,11:10:AM
28 سال بعد شاہد حامد قتل کیس کا فیصلہ ، 2 ملزم بری,"Jul 29, 2025",https://www.24urdu.com/29-Jul-2025/139917,(24نیوز)کراچی کی انسداد دہشت گردی عدالت نے 28 سال بعد سابق ایم ڈی کے ای ایس سی شاہد حامد قتل کیس کا فیصلہ سنادیا۔ عدالت نے عدم شواہد کی بناء پر منہاج قاضی اور محبوب غفران کو بری کردیا،پراسیکیوشن کے مطابق مقدمے میں ملوث صولت مرزا کو عدالت نے 1999ء میں سزائے موت سنائی تھی جبکہ 2016 میں پولیس نے منہاج قاضی اور محبوب غفران کو گرفتار کیا تھا۔ پراسیکیوشن کا کہنا ہے کہ صولت مرزا، منہاج قاضی اور دیگر کے خلاف ڈیفنس پولیس نے مقدمہ درج کیا تھا۔,N/A,24_news,14:15:PM
کرپشن کیس کے ملزم کو 29 سال قید کی سزا,"Aug 01, 2025",https://www.24urdu.com/01-Aug-2025/140197,ایف آئی اے کے ترجمان کے مطابق ملزم پوسٹ ماسٹر حامد پر 20 لاکھ 10 ہزار روپے جرمانہ بھی عائد کیا گیا ہے،ترجمان کے مطابق ملزم کو 2 کروڑ 15 لاکھ 25 ہزار 194 روپے محکمہ ڈاک کو ادا کرنے کا بھی حکم دیا گیا ہے۔ ملزم نے پنشن سیونگ بُک میں 3 کروڑ 52 لاکھ 96 ہزار روپے سے زائد کی بوگس انٹریاں کی تھیں۔,N/A,24_news,10:06:AM
غیر حاضر ملزمان کے وارنٹ گرفتاری جاری،عمر ایوب کی درخواستیں منظور,"Jul 30, 2025",https://www.24urdu.com/30-Jul-2025/140002,انسداددہشتگردی عدالت اسلام آبادمیں پی ٹی آئی رہنماؤں اور کارکنان کیخلاف 26 نومبر اور 4 اکتوبر احتجاج پر درج مقدمات کی جج طاہر عباس سپرا نےسماعت کی،عدالت نے غیر حاضر ملزمان کے وارنٹ گرفتاری جاری کردیئےجبکہ اپوزیشن عمر ایوب کی حاضری سے استثنیٰ کی درخواستیں منظورکرلیں،پی ٹی آئی رہنما اعظم سواتی کو چالان کی نقول بھی فراہم کردی گئیں۔ 26 نومبر احتجاج پر درج تھانہ کوہسار کے مقدمہ میں پراسیکیوشن نے ملزمان کاچالان جمع کروا دیا جن کی ضمانتوں پر فیصلے نہیں ہو سکے،پراسیکیوشن اگلی سماعت پر دلائل دے گاکہ کیا ان ملزمان کا چالان پیش ہو سکتا ہے جن کی ضمانت پر ہی فیصلہ نہیں ہوا، عدالت نے تھانہ کوہسار اور نون کے مقدمہ کی سماعت 4 اگست اورتھانہ آبپارہ و ترنول کے مقدمہ کی سماعت 11 اگست تک ملتوی کردی۔ یہ بھی پڑھیں: بانی پی ٹی آئی و کارکنان کیخلاف آزادی مارچ کے 2 کیسز اور تھانہ کھنہ کے مقدمہ نمبر 242 کی سماعت بھی بغیر کارروائی کے ملتوی ہوگئی،تھانہ کوہسار کے مقدمہ نمبر 1033 کی سماعت کل تک ملتوی ہوگئی،غیر حاضر ملزمان کے وارنٹ گرفتاری جاری کردیئے گئے،تھانہ کوہسار کے مقدمہ نمبر 551 کاچالان بھی عدالت میں جمع کرادیاگیا،عدالت نے علی بخاری،شعیب شاہین اور دیگر ملزمان کو طلبی کے نوٹسز جاری کرکےکیس کی سماعت 6 ستمبر تک ملتوی کردی۔ پی ٹی آئی کارکنان کی جانب سے سردار محمد مصروف خان،آمنہ علی اور مرتضیٰ طوری عدالت میں پیش ہوئے،پی ٹی آئی رہنماؤں اور کارکنان پر دہشت گردی ودیگر دفعات کے تحت تھانہ نون، کوہسار، آبپارہ و دیگر میں مقدمات درج ہیں۔,N/A,24_news,12:55:PM
سم فروخت کرنے والی لڑکی سے مبینہ اجتماعی زیادتی,"Aug 02, 2025",https://www.24urdu.com/02-Aug-2025/140309,پولیس حکام نے بتایا کہ لڑکی کو مبینہ اجتماعی جنسی زیادتی کا نشانہ بنانے کا واقعہ کندیاں جنگل میں پیش آیا، متاثرہ نجی موبائل کمپنی کی سم فروخت کرنے کا کام کرتی ہے۔ پولیس حکام نے بتایا کہ واقعے میں دو ملزمان ملوث ہیں، متاثرہ لڑکی نے خود 15 پر کال کر کے اپنے ساتھ پیش آئے واقعے کی اطلاع دی، ملزمان کی تلاش کیلئے جدید ٹیکنالوجی کا سہارا لیا جا رہا ہے۔ ایس پی انویسٹی گیشن میانوالی نے تھانہ کندیاں پہنچ کر مقدمہ اپنی نگرانی میں درج کروایا اور متاثرہ لڑکی کا میڈیکل کروانے کی ہدایت کی۔,N/A,24_news,10:48:AM
ایف آئی اے، انٹرپول کی مشترکہ کارروائی، قتل کا ملزم عراق سے گرفتار,"Aug 01, 2025",https://www.24urdu.com/01-Aug-2025/140203,ترجمان ایف آئی اے کے مطابق گرفتار ملزم کو عراق سے کراچی انٹرنیشنل ایئرپورٹ منتقل کیا گیا، جہاں سے اُسے قانونی کارروائی کے بعد پنجاب پولیس کے حوالے کر دیا گیا،داود سرور گزشتہ 5 برس سے پنجاب پولیس کو مطلوب تھا اور اس کے خلاف تھانہ قلعہ دیدار سنگھ، گجرانوالہ میں قتل اور اقدام قتل کی دفعات کے تحت مقدمہ درج تھا۔ ملزم کی گرفتاری کیلئے ایف آئی اے این سی بی انٹرپول کی جانب سے ریڈ نوٹس جاری کیا گیا تھا، جس کے بعد انٹرپول اسلام آباد اور انٹرپول بغداد کے درمیان قریبی رابطہ کاری کے نتیجے میں اس کی حوالگی ممکن ہو سکی۔ ایف آئی اے امیگریشن کراچی نے بین الاقوامی قواعد و ضوابط کے تحت مطلوب ملزم کو پنجاب پولیس حکام کے حوالے کر دیا، جس کے بعد مزید قانونی کارروائی کا آغاز کر دیا گیا ہے۔,N/A,24_news,11:27:AM
اے این ایف کامنشیات سمگلنگ کے خلاف کریک ڈاؤن،7ملزم گرفتار,"Jul 30, 2025",https://www.24urdu.com/30-Jul-2025/139997,چکلالہ گیریژن راولپنڈی میں واقع کوریئر آفس سے بیلجیم سے میرپور بھیجے جانے والے پارسل سے 60 گرام وزنی 15 ایکسٹیسی گولیاں برآمدہوئیں،یارو ضلع پشین کے قریب 2 ملزمان کے قبضے سے 6 کلو چرس اور 2 کلو آئس برآمدہوئی۔ کاموکی ٹول پلازہ گوجرانوالہ کے قریب موٹرسائیکل سوارسے 9.5 کلو افیون اور 26.4 کلو چرس برآمدکرکے ملزم کو گرفتار کرلیاگیا۔ یہ بھی پڑھیں: جامشورو میں بس میں سوار مسافر کے قبضے سے 12 کلو چرس،جامشورو ٹول پلازہ کے قریب ملزم کے قبضے سے 9.6 کلو چرس ، ترکائی ٹول پلازہ جہلم کے قریب ملزم کے قبضے سے 1 کلو چرس اوریونیورسٹی روڈ پشاور کے قریب گاڑی سے 60 کلو چرس برآمدہوئی۔ ترجمان اے این ایف کے مطابق گرفتار ملزموں کے خلاف انسداد منشیات ایکٹ کے تحت مقدمات درج کر کے تحقیقات کا آغاز کر دیا گیا ہے۔,N/A,24_news,12:10:PM
کراچی،لڑکی اریبہ کی لاش ملنے کا کیس،پڑوسی نے شیطانی کام کیا اور منہ دبا کرمار دیا,"Jul 30, 2025",https://www.24urdu.com/30-Jul-2025/140066,پولیس حکام کا کہنا ہے کہ 16 سالہ لڑکی اریبہ کے قتل میں ملوث پڑوسی ملزم محمد حذیف کو گرفتار کرلیا۔ملزم نے اعترافی بیان میں کہا کہ 10 جولائی کو لڑکی کو زیادتی کا نشانہ بنایا، شور مچانے پر لڑکی کا منہ دبایا جس سے وہ مر گئی، لڑکی پڑوسن تھی، دوست کا پوچھنے میرے گھر آئی تھی۔ ملزم نے اعتراف کیا کہ گھر خالی تھا، شیطان کے بہکاوے میں آکر جرم کیا۔پولیس حکام کا کہنا ہے کہ ملزم نے اعتراف جرم کرلیا ہے، عدالت نے جرم ثابت ہونے پر ملزم کو جیل بھیج دیا۔لواحقین کا کہنا ہے کہ 16 سالہ اریبہ مقتولہ دو بہن بھائیوں میں بڑی تھی۔ واضح رہے کہ  لڑکی کے قتل کا مقدمہ کھوکھراپار تھانے میں درج ہے، تفتیش کے دوران 20 سے زائد افراد کا ڈی این اے ٹیسٹ کیا گیا، ملزم کو شک کی بنیاد پر حراست میں لے کر تفتیش کی گئی۔یاد رہے کہ دو روز قبل کھوکھراپار میں 16 سالہ لڑکی کی گھر کے باہر سے پھندا لگی لاش ملی تھی۔ یہ بھی پڑھیں:,N/A,24_news,23:10:PM
کوئٹہ میں دو معصوم بہنوں کو بے دردی سے قتل کردیا گیا,"Jul 31, 2025",https://www.24urdu.com/31-Jul-2025/140101,کوئٹہ کے علاقے سریاب میں دو معصوم بچیوں کے قتل کا لرزہ خیز واقعہ پیش آیا ہے، پولیس کے مطابق بچیاں سگی بہنیں تھیں، جن کی شناخت یسریٰ اور میرب کے نام سے ہوئی ہے، جن کی عمریں تقریبا 3 سے 5 سال کے درمیان تھیں۔ ابتدائی تفتیش کے مطابق دونوں بچیوں کو منہ میں کپڑا ٹھونس کر اور سانس بند کرکے بے دردی سے قتل کیا گیا۔ ان کی لاشیں کلی بنگلزئی کے علاقے میں واقع ایک زیرِ تعمیر مکان سے ملی ہیں، جہاں سے پولیس نے شواہد جمع کرنے کا عمل شروع کر دیا ہے۔ حکام کا کہنا ہے کہ بچیوں کے والدین کے درمیان ڈیڑھ سال قبل علیحدگی ہو چکی تھی، اور دونوں خاندانوں کے درمیان تنازع بھی جاری تھا، جس کے پیش نظر دونوں خاندانوں کو شامل تفتیش کیا گیا ہے۔ ساتھ ہی اہل علاقہ اور دیگر قریبی افراد سے بھی پوچھ گچھ کا سلسلہ جاری ہے،پولیس نے واقعے کا مقدمہ درج کر لیا ہے اور تحقیقات تیزی سے آگے بڑھ رہی ہیں۔ حکام کا کہنا ہے کہ اس المناک سانحے میں ملوث عناصر کو جلد قانون کے شکنجے میں لایا جائے گا۔ پولیس نے مقتولہ بچیوں کے والدین کو بھی شامل تفتیش کرلیا۔,N/A,24_news,10:22:AM
خاتون کو بلیک میل کرنیوالا ٹک ٹاکر پیکا ایکٹ کے تحت گرفتار,"Jul 31, 2025",https://www.24urdu.com/31-Jul-2025/140151,تفصیلات کے مطابق خاتون کو بلیک میل کرنے والے ملزم کی شناخت فیصل جٹ کے نام سے ہوئی  ہے اور اسےلاہور سے گرفتار کیا گیا ہے۔ملزم فیصل جٹ نے خود کو نیشنل سائبر کرائم انویسٹی گیشن  ایجنسی (NCCIA)  اہلکار ظاہر کرکے خاتون کو دھوکہ دیا۔ ملزم خاتون سے 3 لاکھ 20 ہزار کی رقم لے چکا ہے اور ملزم کی جانب سےمتاثرہ خاتون سے قابل اعتراض مواد لینے کی کوشش بھی کی گئی۔ملزم فیصل جٹ کے خلاف درج ہونے والے مقدمے میں پیکا ایکٹ  کی دفعات 20، 21، 24 اور PPC کی متعدد دفعات شامل ہے۔ یہ بھی پڑھیں:,N/A,24_news,19:37:PM
سینئر وکیل شمس الاسلام کے قاتل کا اقبال جرم,"Aug 02, 2025",https://www.24urdu.com/02-Aug-2025/140311,ویڈیو کے مطابق ملزم عمران آفریدی نے قتل کا اعتراف کرتے ہوئے کہا کہ شمس الاسلام نے میرے والد کو اغوا کر کے بدترین تشدد کا نشانہ بنایا اور قتل کر دیا۔ دونوں کے درمیان 35 لاکھ روپے کا لین دین تھا، جو تنازع کی بنیاد بنا۔ عمران آفریدی کے مطابق نہ صرف اُس کے والد کو قتل کیا گیا بلکہ اس کے بعد ان کے خاندان کو جھوٹے مقدمات میں الجھا دیا گیا۔ شمس الاسلام نے میرے بھائیوں پر دہشت گردی کے جھوٹے مقدمات بنوائے اور ہماری خواتین کو بھی قانونی پیچیدگیوں میں گھسیٹا۔ ملزم کا کہنا ہے کہ اسے قانونی نظام سے انصاف نہیں ملا، جس کی وجہ سے اس نے خود بدلہ لینے کا فیصلہ کیا۔ عمران آفریدی نے کہا کہ قتل میں نے اکیلے کیا، میرے کسی عزیز، دوست یا رشتہ دار کا اس جرم سے کوئی تعلق نہیں، پولیس اور قانون نافذ کرنے والے ادارے میرے خاندان یا دوستوں کو تنگ نہ کریں۔ واضح رہے کہ گزشتہ روز کراچی کے پوش علاقے خیابانِ راحت میں واقع قرآن اکیڈمی کے باہر خواجہ شمس الاسلام کو اُس وقت فائرنگ کر کے قتل کیا گیا جب وہ اپنے بیٹے دانیال الاسلام کے ہمراہ نمازِ جنازہ میں شرکت کے بعد مسجد سے نکل رہے تھے، وہ جوتے پہن رہے تھے کہ حملہ آور نے اچانک گولیاں چلادیں۔ پولیس نے واقعے کا مقدمہ مقتول کے بھائی خواجہ فیض الاسلام کی مدعیت میں درخشاں تھانے میں درج کر لیا ہے، جس میں قتل، دہشت گردی اور دیگر سنگین دفعات شامل کی گئی ہیں۔ پولیس کا کہنا ہے کہ ملزم کے اعترافی بیان کی روشنی میں مزید قانونی کارروائی جاری ہے۔,N/A,24_news,11:16:AM
پی ٹی آئی کے41 رہنماؤں کے وارنٹ گرفتاری جاری,"Jul 31, 2025",https://www.24urdu.com/31-Jul-2025/140106,انسداد دہشت گردی عدالت نے پی ٹی آئی رہنمائوں کےوارنٹ تھانہ کراچی کمپنی کے مقدمے میں جاری کئے،ان رہنماؤں میں سابق صدر عارف علوی، نادیہ خٹک اور شبلی فراز کے نام شامل ہیں۔ فیصل جاوید،سلمان اکرم راجا،رؤف حسن کے بھی وارنٹ جاری کئے گئے ہیں جبکہ راشد حفیظ، راجہ بشارت، خدیجہ شاہ، عالیہ حمزہ، عمیر نیازی ، جمشید دستی، حماد اظہر، زرتاج گل، صاحبزادہ حامد رضا اور شعیب شاہین بھی ان میں شامل ہیں۔ یہ بھی پڑھیں: وارنٹ گرفتاری جاری ہونے والےرہنماؤں کی تعداد 50 ہوگئی ہے جبکہ پی ٹی آئی رہنماؤں کے وارنٹ گرفتاری پہلے ہی جاری ہیں۔,N/A,24_news,12:13:PM
مصطفیٰ عامرقتل کیس، ملزم ارمغان کے والد کے پروڈکشن آرڈر جاری,"Jul 30, 2025",https://www.24urdu.com/30-Jul-2025/140008,انسداد دہشت گردی کی خصوصی عدالت میں مصطفی ٰعامرقتل اورغیرقانونی اسلحہ اور منی لانڈرنگ سمیت چار مقدمات کی سماعت ہوئی،جیل حکام نےملزم ارمغان اورملزم شیراز کو پیش کیا،ایف آئی اے فوکل پرسن سب انسپکٹرمحمد شفیع، تفتیشی افسرمحمد علی مدعیہ وجیہ عامر کے وکیل افتخار شاہ ایڈووکیٹ عدالت میں پیش ہوئے،تاہم ملزموں کے وکلا ءآج پیش نہیں ہوئے۔ یہ بھی پڑھیں: ایف آئی اےفوکل پرسن نےبتایا کہ کیس کے تفتیشی افسرکو تبدیل کردیاگیا ہے،اس کیس کے لیے سپروائزری آئی او کی تقرری کی جائیگی،سب انسپکٹر محمد شفیع نےبتایا کہ آئندہ سماعت پرسپروائزری آئی او پیش ہوگا،عدالت نے سماعت بغیر کسی کارروائی کے سات اگست تک ملتوی کردی۔,N/A,24_news,13:52:PM
امیر بالاج قتل کیس، سماعت سات اگست تک ملتوی,"Jul 30, 2025",https://www.24urdu.com/30-Jul-2025/140005,عدالت میں امیر بالاج کا پوسٹ مارٹم کرنے والے ڈاکٹر پر کے پی رائے ایڈووکیٹ نے جرح کرنی تھی لیکن ڈاکٹر کےپیش نہ ہونے پر عدالت نے سماعت ملتوی کر دی،پچھلی تاریخ پر ڈاکٹر پر کے پی رائے ایڈووکیٹ نے جزوی جرح کی تھی۔ یہ بھی پڑھیں: اس کیس میں ملزم ارسلان، ہارون اور سہیل محمود حاضر تھے، کیس میں طیفی بٹ اور گوگی بٹ مفرور ہیں  جبکہ احسن شاہ پولیس مقابلے میں ہلاک ہو چکا ہے۔ عدالت میںچوہنگ پولیس نے چالان پیش کر رکھا ہے۔,N/A,24_news,13:18:PM
پی ٹی آئی کارکنان کو پاپو ایکٹ کے تحت دی گئی سزا معطل,"Jul 28, 2025",https://www.24urdu.com/28-Jul-2025/139773,جوڈیشل مجسٹریٹ مرید عباس نے کیس کی سماعت کی اور پی ٹی آئی کے چار کارکنان دانش، عیسیٰ، اعجاز اور محمد عیسیٰ کی سزا معطل کرنے کا حکم جاری کردیا۔ عدالت میں پی ٹی آئی کے وکلاء سردار مصروف خان اور زاہد بشیر ڈار پیش ہوئے، عدالت نے ہدایت کی کہ سزا کے خلاف تیس دن کے اندر اپیل دائر کی جائے۔ یہ بھی پڑھیں: واضح رہے کہ ان کارکنان کو تھانہ ترنول میں درج مقدمے میں چھ چھ ماہ قید کی سزا سنائی گئی تھی۔,N/A,24_news,10:26:AM
ٹویٹس کیس: سینیٹر اعظم سواتی پر فرد جرم کی کارروائی مؤخر,"Jul 26, 2025",https://www.24urdu.com/26-Jul-2025/139568,ڈسٹرکٹ اینڈ سیشن کورٹس اسلام آباد میں اداروں کے خلاف متنازعہ ٹویٹس کے کیسز کی سماعت ہوئی ،ایڈیشنل ڈسٹرکٹ اینڈ سیشن جج افضل مجوکہ نے کیسز پر سماعت کی، پی ٹی آئی رہنما اعظم سواتی اپنے وکلاء مرتضیٰ طوری اور سہیل سواتی کے ہمراہ عدالت میں پیش ہوئے، بریت کی درخواست پر دلائل نہ ہوسکے۔ عدالت میں اعظم سواتی نے کہا کہ میں آج عدالت میں کچھ بتانا چاہتا ہوں، میں 2003  سے سینیٹ میں ہوں، میری ہمیشہ سے کوشش رہی کہ ہم عدلیہ کو مضبوط کریں، مجھے افسوس ہے کہ ہم آپ کے ہاتھ مضبوط نہیں کر سکے۔ یہ بھی پڑھیں: عدالت نے اعظم سواتی کے وکلاء کو اگلی سماعت پر بریت کی درخواست پر دلائل دینے کی ہدایت کی اور سماعت 20 ستمبر تک ملتوی کردی،اعظم سواتی کے خلاف پیکا ایکٹ کے تحت 2 مقدمات درج ہیں۔,N/A,24_news,11:20:AM
بانی پی ٹی آئی نے لاہورہائیکورٹ کافیصلہ سپریم کورٹ میں چیلنج کردیا,"Jul 26, 2025",https://www.24urdu.com/26-Jul-2025/139595,لاہور ہائیکورٹ نے بانی پی ٹی آئی کی ضمانت کی درخواستیں مسترد کی تھیں جس کیخلاف  سپریم کورٹ میں اپیل دائر کر دی گئی ہے۔ یہ بھی پڑھیں: واضح رہے کہ لاہور ہائیکورٹ نے بانی پی ٹی آئی کی ضمانت کی درخواستیں مسترد کی تھیں۔,N/A,24_news,15:07:PM
سرگودھا میں چھیٹر خانی کی شکایت کرنے پر اوباش نے خاتون کو قتل کر دیا,"Jul 27, 2025",https://www.24urdu.com/27-Jul-2025/139691,پولیس کے مطابق کوٹ مومن میں 30 سالہ خاتون اپنی بیٹی کے ساتھ بازار گئی تھی۔ باز ار میں ایک نوجوان نے اس سے بدتمیزی کی جس کے بعد گھر والوں سے واقعے کی شکایت کی گئی جس پر نوجوان نے خاتون کو گولی مار کر قتل کر دیا۔ پولیس کا کہنا ہے کہ مقتولہ کے بھائی کی مدعیت میں ملزم کے خلاف مقدمہ درج کر لیا گیا۔ پولیس کا کہنا ہے کہ ملزم کی گرفتاری کے لیے ٹیمیں تشکیل دے دی گئی ہیں، جلد گرفتار کر لیا جائے گا۔,N/A,24_news,13:07:PM
پشاور ،حوالہ ہنڈی اور غیر قانونی کرنسی ایکسچینج میں ملوث 9 ملزمان گرفتار,"Jul 26, 2025",https://www.24urdu.com/26-Jul-2025/139620,تفصیلات کے مطابق حوالہ ہنڈی اور غیر قانونی کرنسی ایکسچینج میں ملوث نیٹ ورکس میں گرفتار  کئے گئے 9 ملزمان میں محمد حمزہ خان ، محمد یٰسین ، امداد اللہ اور دانش جمیل ،موصم ، محمد ابرار، ذاکر علی،  محمد علی اور حق نواز  کا نام شامل ہے۔ملزمان کو پشاور ، نوشہرہ ، مردان اور لوئر دیر کے مختلف علاقوں سے گرفتار کیا گیا۔چھاپہ میں ملزمان سے بھاری مالیت کی ملکی و غیر ملکی کرنسی برآمد  کر لی گئی، جن میں مجموعی طور 34 لاکھ 60 ہزار پاکستانی روپے اور غیر ملکی کرنسی کی مد میں 9300 سعودی ریال ، 500 اماراتی درہم ،  1250 قطری ریال  اور 750 افغانی بھی برآمد ہوئے ۔ملزمان سے حوالہ ہنڈی سے متعلق رسیدیں اور دیگر شواہد بھی برآمد کر لئےگئے ۔ملزمان بغیر لائسنس کرنسی ایکسچینج کا کاروبار کرنے اور حوالہ ہنڈی میں ملوث پائے گئے ۔ملزمان کو گرفتار کر کے تفتیش کا آغاز کر دیا گیا ہے۔ یہ بھی پڑھیں:,N/A,24_news,18:56:PM
خوشاب: نواحی گاؤں میں 2 بہنوں سے مبینہ زیادتی,"Jul 26, 2025",https://www.24urdu.com/26-Jul-2025/139564,(24نیوز)خوشاب میں 2 بہنوں کو مبینہ طور پر زیادتی کا نشانہ بنایا گیا۔ پولیس کے مطابق خوشاب کے نواحی گاؤں میں 2 بہنوں کے ساتھ مبینہ زیادتی کا واقعہ پیش آیا جس کا مقدمہ درج کرلیا گیا ہے۔ پولیس کا کہنا ہےکہ دونوں بہنوں کے ساتھ زیادتی کا  واقعہ21 جولائی کو پیش آیا تھا، واقعے کے مقدمے میں 3 ملزمان کو نامزد کیا گیا ہے جن کی گرفتاری کے لیے کوششیں جاری ہیں۔,N/A,24_news,10:07:AM
پاکپتن: نامعلوم افراد نے کمسن بچے کو تیز دھار آلے سے قتل کردیا,"Jul 25, 2025",https://www.24urdu.com/25-Jul-2025/139490,پولیس کے مطابق کرمانوالہ چوک میں گزشتہ روز نامعلوم افراد نے ساڑھے 4 سالہ محمد احمد کو گلا کاٹ کر قتل کردیا،ایف آئی آر کے مطابق بچے کی والدہ اپنے بیٹے کو بچوں کے ساتھ کھیلتا چھوڑ کر سودا سلف لینے گئی تھی، واپس آنے پر دیکھا کہ بچہ زخمی حالت میں زمین پر پڑا تھا۔ بچے کو فوراً تشویشناک حالت میں ٹیچنگ ہسپتال منتقل کیا گیا، جہاں وہ زخموں کی تاب نہ لاتے ہوئے دم توڑ گیا۔ پولیس نے بچے کی والدہ کی مدعیت میں مقدمہ درج کرلیا ہے۔,N/A,24_news,13:33:PM
کراچی:  مبینہ مقابلے کے دوران دو  ڈاکوؤں کو زخمی حالت میں گرفتار,"Jul 29, 2025",https://www.24urdu.com/29-Jul-2025/139867,ایس ایچ او چوہدری نواز نے بتایا کہ ڈاکوؤں کی شناخت امین اور نسیم کے نام سے کی گئی جبکہ پولیس نے ڈاکوؤں کے قبضے سے 2پستول، موبائل فون اور مسروقہ موٹر سائیکل برآمد کرلی۔ پولیس نے زخمی ڈاکوؤں کو طبی امداد کے لیے اسپتال منتقل کر دیا جبکہ پولیس گرفتار ڈاکوؤں کا کرمنل ریکارڈ بھی چیک کر رہی ہے۔,N/A,24_news,01:14:AM
پشاور میں کار سے 3 افراد کی لاشیں برآمد,"Jul 28, 2025",https://www.24urdu.com/28-Jul-2025/139857,پولیس کے مطابق قتل ہونے والوں میں ایک اجرتی قاتل بھی شامل ہے، جو پولیس کو متعدد مقدمات میں مطلوب تھا،پولیس کی ابتدائی تفتیش کے مطابق مقتولین کو کہیں اور قتل کرکے جائے وقوعہ پر لایا گیا ہے۔ شواہد اکٹھے کرکے ورثا کی تلاش اور واقعے کی تفتیش شروع کردی گئی۔,N/A,24_news,22:37:PM
تھرپارکر: 3 ماہ قبل قتل کی گئی لڑکی کے کیس کا ایک اور ملزم گرفتار,"Jul 28, 2025",https://www.24urdu.com/28-Jul-2025/139782,پولیس کے مطابق واقعہ تحصیل نگرپاکر کے نواحی گائوں نیباڑو میں 3 ماہ قبل پیش آیا تھا جہاں پر رات کو نیند میں سوئی ہوئی لڑکی دھانی کپری کو غیرت کے نام پر باپ اور بھائی نے کلہاڑی مار کر قتل کیا اور لاش قریبی ویران کنویں میں پھینک کر واقعہ کو خودکشی کا رنگ دیا تھا۔ لڑکی کی ماں نے اپنے بھائی کو یہ سب واقعہ بتایا جس پر لڑکی کے ماموں نے 19 اپریل کو نگرپاکر پولیس اسٹیشن پر پہنچ کر قتل کی اطلاع دی۔ پولیس نے لاش کو پوسٹ مارٹم کے لیے اسپتال لا کر باپ بادل کپری اور بھائی میر حسن کو گرفتار کرلیا اور قتل کا مقدمہ درج کیا۔ اسی کے ساتھ ہی لڑکی کے مامو نے مقتولہ کی ماں کا حوالہ دے کر ایف آئی آر میں لکھوایا کہ لڑکی کے محلے کے ایک لڑکے کے جنسی تعلقات تھے۔ فارنزک اور ڈی این ای رپورٹ میں لڑکی 5 ماہ کی حاملہ ہونے تصدیق ہوئی ہے اور بچے کا ڈی این اے محلے کے لڑکے قاسم سے میچ ہوئے ہیں۔ پولیس نے قاسم کو گرفتار کر کہ عدالت میں پیش کیا۔ پولیس کے انویسٹی گیشن افسر کے مطابق قاسم نے بیان دیا کہ اس کے لڑکی کے ساتھ گزشتہ 3 سال یعنی 14سال کی عمر سے جنسی تعلقات تھے جس پر عدالت نے اسے جیل بھیج دیا۔ واضح رہے کہ لڑکی کے قاتل باپ اور بھائی کو پہلے ہی گرفتار کر لیا گیا تھا۔,N/A,24_news,10:33:AM
پی ٹی آئی کارکنوں کی سزا معطل ،ضمانتیں منظور,"Jul 26, 2025",https://www.24urdu.com/26-Jul-2025/139571,جوڈیشل مجسٹریٹ احمد شہزاد گوندل نے 382 اے کے تحت فیصلہ سنایا، کارکنان پر تھانہ رمنا میں دو مقدمات درج تھے، عدالت نے 20، 20 ہزار روپے کے مچلکوں کے عوض ضمانت کی منظوری دی۔ یہ بھی پڑھیں: عدالت نے پی ٹی آئی ورکرز کی ضمانتیں 382 اے کے تحت منظور کیں اورجوڈیشل مجسٹریٹ احمد شہزاد گوندل نے ضمانت کی درخواستوں پر فیصلہ سنایا۔,N/A,24_news,11:35:AM
سوات: پولیس اور سی ٹی ڈی کی مشترکہ کارروائی، 3 دہشتگرد ہلاک,"Jul 26, 2025",https://www.24urdu.com/26-Jul-2025/139569,(24نیوز) پولیس اور سی ٹی ڈی کی مشترکہ کارروائی میں  3 دہشتگرد ہلاک ہوگئے۔ ڈی پی او کے مطابق  پولیس اور سی ٹی ڈی نے سوات کے علاقے پارڑئی میں کارروائی کی، ڈی پی او نے بتایا کہ فورسز کی مشترکہ کارروائی کے نتیجے میں 3 دہشتگرد ہلاک ہوگئے جن کی شناخت  اجمل، وقاص اور عبدالغفار کے نام سے ہوئی ہے۔ دوسری جانب ہنگو کے علاقے تورہ وڑی میں دورانِ آپریشن دہشت گردوں نے پولیس وین پر فائرنگ کی جس کے بعد پولیس کی جوابی کارروائی میں ایک دہشتگرد مارا گیا۔,N/A,24_news,11:32:AM
قصورمیں معصوم بچی کیساتھ نازیبا حرکت اورپولیس کاکردار!,"Jul 28, 2025",https://www.24urdu.com/28-Jul-2025/139843,"27جولائی کوایک خبرموصول ہوئی کہ قصور میں ایک بچی کیساتھ ایک شخص نے نازیباحرکت کی ہے، پھر اِس خبر کاویڈیوثبوت بھی مجھ تک پہنچ گیا،اسے شیئرکیاتو یہ اُڑتی اُڑتی اُس گھرکی دیوار پر بیٹھ گئی جسےعام طور پر انصاف کا گھرکہاجاتاہے،یعنی وزیراعلٰی ہاؤس اور پھربالآخر وہی ہوا جو عام طورپرہمارےہاں ہواکرتاہے کہ ""پولیس حرکت میں آگئی""۔ چیئرپرسن پنجاب ویمن پروٹیکشن اتھارٹی حنا پرویز بٹ کےمطابق وزیراعلی مریم نواز نے واقعہ کا سخت نوٹس لیا تھا،شہری سوال کرتے ہیں کہ نہ جانے حکام بالا کے ایکشن پر ہی مقامی پولیس حرکت میں کیوں آتی ہے؟کیاپنجاب پولیس بےبال و پر ہے؟یااسےفوری انصاف کیلئےکسی حکم کی ضرورت ہوتی ہے؟ قصورکے ڈی پی او عیسیٰ خان ہیں، بتایاگیاہے کہ وہ معصوم بچی کے گھر پہنچے،واقعہ کی تفصیلات معلوم کیں،ملزم پکڑا گیااورایف آئی آر درج کرلی گئی ہے،ویڈیو کے مطابق اِس شخص نے اُس بچی کیساتھ نازیباحرکت کی تھی جوقصور کی ایک گلی میں کھیل رہی تھی۔ یہ جاننا بھی ضروری ہے کہ ملک بھرمیں جنوری سے جون تک کتنے بچےاغواہوئے؟اوروہ بچےجو لاپتہ ہوگئے،ان کی تعدادکتنی ہے؟ملک میں بچوں کے جنسی استحصال اور بدسلوکی کے حوالے سے ایک رپورٹ میں پریشان کن انکشافات کیے گئے ہیں،ایک  رپورٹ کے مطابق 2025ء کے پہلے 6 مہینوں میں 950 بچوں کےساتھ جنسی استحصال ، 605 بچوں کے اغوا کےمقدمات درج ہوئے، اس سال 34 کم عمر بچوں کی شادیوں یا ونی کے مقدمات رپورٹ کیےجاچکےہیں،62 ایسےمقدمات رپورٹ ہوئے جن میں نومولود بچوں کومختلف مقامات پر مردہ یا زندہ پایا گیا،ان کیسز میں 1019 یعنی 52  فیصد متاثرہ لڑکیاں اور875 یعنی 44 فیصد لڑکے تھے، 3 فیصد کیسز نئے پیدا ہونے والے بچوں کےمتعلق ہیں،ڈی پی او قصور عیسیٰ خان کےپاس موقع ہے کہ وہ پکڑے جانے والےملزم جس کیخلاف ویڈیوثبوت موجودہے، سخت ایکشن لےکر،اسےدرندہ صفتوں کیلئےعبرت کی مثال بنادیں! اورجو بھی تفتیشی اس کیس میں ملزم کو ریلیف دینےکیلئے""روایتی کردارـ""اداکرنےکی کوشش کرے،اُسے دبنگ ڈی پی او ٹوبہ ٹیک سنگھ عبادت نثار کی طرح پہلے سب انسپکٹر سے اے ایس آئی،پھراے ایس آئی سے ہیڈ کانسٹیبل اور پھر کانسٹیبل سےڈسمس کرکےاعلٰی کارکردگی کی وہ مثال قائم کریں، اپنا بھرم کھوتے جاتے ہمارے معاشرے کو جس کی آج بہت ضرورت ہے۔",N/A,24_news,20:36:PM
سپریم کورٹ ؛بانی پی ٹی آئی کی9 مئی مقدمات میں ضمانت کی اپیلیں سماعت کیلئے مقرر,"Jul 28, 2025",https://www.24urdu.com/28-Jul-2025/139840,(امانت گشکوری)سپریم کورٹ  میں بانی پی ٹی آئی عمران خان کی9 مئی مقدمات میں ضمانت کی آٹھ اپیلیں سماعت کیلئے مقرر کر دی گئیں۔ چیف جسٹس یحییٰ آفریدی کی سربراہی میں دو رکنی بنچ کل ساڑھے نو بجے سماعت کرے گا،دو رکنی بنچ میں جسٹس محمد شفیع صدیقی شامل ہیں۔ یاد رہے کہ بانی پی ٹی آئی نے لاہور ہائیکورٹ کا فیصلہ سپریم کورٹ میں چیلنج کر رکھا ہے۔ یہ بھی پڑھیں:,N/A,24_news,20:24:PM
توشہ خانہ ٹو کیس کی سماعت کسی کارروائی کے بغیر ملتوی,"Jul 26, 2025",https://www.24urdu.com/26-Jul-2025/139590,سپیشل جج سنٹرل شاہ رخ ارجمند نےسماعت کی،بانی پی ٹی آئی اوربشریٰ بی بی کمرہ عدالت میں پیش ہوئے، حاضری لگائی گئی،وکلا صفائی کے نہ آنے کے باعث جج اپنے چیمبر میں موجود رہے۔ پراسیکیوشن ٹیم کمرہ عدالت میں موجود رہی،بانی پی ٹی آئی کے وکیل نے گواہ محسن حسن پر جرح مکمل کرنی تھی،گواہ آفیسر دفتر خارجہ محسن حسن بھی کمرہ عدالت میں موجود رہے لیکن وکلا ءصفائی پیش نہ ہوئے۔ یہ بھی پڑھیں: توشہ خانہ ٹو کیس کی آئندہ سماعت کے لئے منگل 29 جولائی کی تاریخ مقرر کر دی گئی ہے۔,N/A,24_news,14:47:PM
خطرناک ڈکیت کو تفتیش کیلئے لے جاتے ہوئےپولیس پر حملہ،ملزم جیدی ساتھیوں کی فائرنگ سے مارا گیا,"Jul 26, 2025",https://www.24urdu.com/26-Jul-2025/139643,سی سی ڈی ترجمان  کے مطابق جہلم کی تحصیل پنڈادانخان میں مشہور خطرناک ڈکیت جاوید اقبال عرف جیدی کو تفتیش کے سلسلے میں لے جایا جا رہا تھا ، کہ ملزم کے مسلحہ ساتھیوں نے ملزم جیدی کو چھڑانے کے لئے حملہ کر دیا ،ملزمان کی فائرنگ سے پولیس گاڑی کو شدید نقصان پہنچا،ملزمان کی فائرنگ سے ایک پولیس اہلکار کی سر پر گولی لگی خوش قسمتی سے بلٹ پروف ہیلمٹ کی وجہ سے محفوظ رہا ،جبکہ جاوید اقبال عرف جیدی اپنے ہی ساتھیوں کی فائرنگ سے زخمی ہو گیا ،جو کہ بعد میں زخموں کی تاب نہ لاتے ہوئے انتقال کر گیا ۔ ملزم جاوید اقبال عرف جیدی چوری ،ڈکیتی ،قبضہ اور قتل جیسی وارداتوں میں ملوث تھا ۔ یہ بھی پڑھیں:,N/A,24_news,21:07:PM
ہیروئن سمگلنگ کےجرم میں مکہ مکرمہ میں پاکستانی شہری کو سزائے موت دےدی گئی,"Jul 27, 2025",https://www.24urdu.com/27-Jul-2025/139754,سعودی خبر ایجنسی کے مطابق وزارت داخلہ  نے بیان جاری کیا ہےکہ مکہ مکرمہ میں منشیات اسمگلنگ کے جرم میں مجرم کو سزائے موت دے دی گئی۔ وزارت داخلہ کے مطابق پاکستانی شہری  بختیار  زیب مملکت میں ہیروئن اسمگلنگ کرنےکے جرم میں گرفتار ہوا تھا۔ مجاز عدالت نے مجرم کو سزائے موت سنائی تھی جسے سپریم کورٹ نے بھی برقرار رکھا۔ سعودی وزارت داخلہ کے مطابق  مجرم کو اتوار کے روز  مکہ مکرمہ میں سزائے موت دے دی گئی۔,N/A,24_news,23:31:PM
راولپنڈی میں غیرت کے نام پر ایک اور خاتون قتل,"Jul 26, 2025",https://www.24urdu.com/26-Jul-2025/139583,"راولپنڈی میں غیرت کے نام پر ایک اور خاتون کو قتل کرنے کا واقعہ صادق آباد کے علاقے شکریال میں پیش آیا ہے جہاں خاتون کو فائرنگ کرکے قتل کردیا گیا،پولیس کا کہنا ہے کہ خاتون کی لاش کو پوسٹ مارٹم کے لیے اپستال منتقل کیا جارہا ہے، مقتولہ کی شناخت سدرہ کے نام سے ہوئی ہے جبکہ واقعے کی مزید تحقیقات کی جارہی ہے۔ خیال رہے کہ  رہے کہ غیرت کے نام پر خواتین کے قتل (عام طور پر ""آنر کلنگ” کے نام سے جانا جاتا ہے) کا رجحان پاکستان اور دیگر خطوں میں ایک سنگین سماجی اور قانونی مسئلہ ہے۔ یہ عمل خاندانی عزت، روایات یا سماجی دباؤ کے نام پر خواتین کے خلاف تشدد کا ایک سنگین روپ ہے، جو اکثر جان لیوا نتائج کا باعث بنتا ہے، حالیہ برسوں میں، اس رجحان کی وجہ سے ہزاروں خواتین اپنی جانوں سے ہاتھ دھو بیٹھی ہیں۔ غیرت کے نام پر قتل کے واقعات پاکستان کے دیہی اور شہری دونوں علاقوں میں رپورٹ ہو رہے ہیں، لیکن دیہی علاقوں میں اس کی شرح زیادہ ہے۔",N/A,24_news,13:30:PM
راولپنڈی میں لڑکی کا قتل، ملزمان کو 4روزہ جسمانی ریمانڈ منظور,"Jul 28, 2025",https://www.24urdu.com/28-Jul-2025/139827,(ارشاد قریشی)راولپنڈی میں جرگے کے حکم پر لڑکی کے قتل میں ملوث ملزمان کو 4روزہ جسمانی ریکارڈ پر پولیس کے حوالے کردیاگیا۔ تفصیلات کے مطابق پولیس نے مقتولہ کے مبینہ شوہر، سسراوربھائی جرگوئی سمیت 6 ملزمان کو سول جج قمر عباس تارڑ کی عدالت میں پیش کیا۔ملزمان کو سکیورٹی کے سخت انتظامات میں عدالت میں پیش کیا گیا۔ پولیس نے  6ملزمان کے10روزہ جسمانی ریمانڈ کی استدعا کی۔عدالت نے ملزمان کا 4روزہ جسمانی ریمانڈ منظور کر کے پولیس کے حوالے کر دیا۔ ملزمان میں مقتولہ کا مبینہ شوہر ضیاالرحمان، سسر محمد صالح عرف سلیم خان والد عرب گل ،بھائی ظفر اللہ عرب  اور جرگے کا سربراہ عصمت اللہ شامل ہیں۔ یہ بھی پڑھیں:,N/A,24_news,18:32:PM
پیکا ایکٹ،خاتون کو بلیک میل کرنے والے ملزم کو سخت سزا,"Jul 26, 2025",https://www.24urdu.com/26-Jul-2025/139635,تفصیلات کے مطابق اسلام آباد ڈسٹرکٹ اینڈ سیشن کورٹ میں ایڈیشنل سیشن جج عدنان رسول لاڑک کی عدالت نے پیکا ایکٹ  کے تحت درج مقدمہ میں ملزم ڈاکٹر خان کو سزا کا حکم دیا ،عدالت نے ڈاکٹر خان کو جرم ثابت ہونے پر 3 تین سال قید بامشقت کی سزا کا حکم دیا ،مجرم کو قید کیساتھ  30 ہزار جرمانے کا بھی حکم ،مجرم کیخلاف بلیک میلنگ،قابل اعتراض تصاویر کی تشہیر و دیگر دفعات کے تحت مقدمہ درج تھا ،عدالت نے مجرم ڈاکٹر خان کو شکایت کنندہ کو 4 لاکھ ہرجانہ ادا کرنے کا بھی حکم سنایا۔ واضح رہےکہ مجرم  ڈاکٹر خان کے خلاف پیکا ایکٹ و دیگر دفعات کے تحت مقدمہ ایف آئی اے نے درج کیا تھا،مجرم ڈاکٹر خان کیجانب سے خاتون کے شوہر کو بھی تصاویر اور ہتک آمیز پیغامات بھیجتا تھا۔ یہ بھی پڑھیں:,N/A,24_news,20:05:PM
شاندانہ گلزار کی درخواست پر ایس ایس پی کو نوٹس، 23 جولائی کو عدالت طلب,"Jul 21, 2025",https://www.24urdu.com/21-Jul-2025/139078,پشاور کی عدالت عالیہ میں پی ٹی آئی رکن اسمبلی شاندانہ گلزار کی ایس ایچ او بڈھ بیر کے خلاف دائر درخواست پر سماعت ہوئی، درخواست پر جسٹس اعجاز انور اور جسٹس فہیم ولی نے سماعت کی۔ سماعت کے دوران درخواست گزار کے وکیل نے موقف اختیار کیا کہ درخواست گزار عوامی نمائندہ ہیں اور عدالت سے کچھ عرض کرنا چاہتی ہیں۔ درخواست گزار ایم این اے شاندانہ گلزار نے کہا کہ میرے حلقے میں لوگ لاپتہ ہو رہے ہیں، 3 ماہ میں ان کا کچھ پتہ نہیں چلا، جس پر جسٹس اعجاز انور نے کہا کہ ہمارے سامنے تو گمشدگی کا ابھی تک کوئی کیس نہیں آیا، آپ کے حلقے میں کیا یہ ایک ایشو رہ گیا ہے؟ جسٹس اعجاز انور نے کہا کہ آپ کے حلقے میں شاید پاکستان میں سب سے زیادہ دہشتگردی ہے۔ جسٹس اعجاز انور نے استفسار کیا کہ 2013 سے آپ کی حکومت ہے، کیا آج تک کوئی بڑا پراجیکٹ کیا؟ وہاں دشمنیاں ہیں، لوگ قتل ہوئے، کیا سیاسی لوگوں نے آج تک اس کے حل کے لیے کوئی جرگہ کیا؟ سماعت کے دوران جسٹس اعجاز انور نے سوال رکھا کہ ہمارے پاس جو رپورٹس ہیں ان کے مطابق آئس، اسلحہ اور ہوائی فائرنگ پر پابندی ہے، میں بھی اس حلقے سے ہوں، کیا وہاں پر کوئی یونیورسٹی، کالج، گرلز کالج یا پلے گراؤنڈ بنایا؟ دوران سماعت جسٹس اعجاز انور نے مزید کہا کہ آپ صرف اس طرح سے ایس ایچ او کا تبادلہ کروانے کے علاوہ کچھ نہیں کر رہے، اگر اس حوالے سے کوئی ایف آئی آر آئی تو ہم اس کو سن لیں گے، صرف الزامات پر ہم کسی کے خلاف کارروائی کا حکم نہیں دے سکتے، 50 سال سے اس علاقے میں رہتا ہوں، مجھے وہاں کے حقائق معلوم ہیں، یہ بی بی شاید اس علاقہ میں رہتی بھی نا ہوں۔ جس کے جواب میں درخواست گزار شاندانہ گلزار نے کہا کہ میں وہاں رہتی ہوں، وہاں پر میرا گھر ہے، حلقے میں کام کے حوالے سے شاندانہ گلزار نے کہا کہ میں نے بڈھ بیر گرلز کالج اور زچہ و بچہ ہسپتال وہاں پر منظور کروایا ہے۔ جس پر جسٹس اعجاز انور نے کہا کہ آپ کو کوئی لیگل بات کرنی ہے تو کریں، دیگر لوگ بیٹھے ہیں، ہم نے ان کو بھی سننا ہے۔ درخواست گزار نے بتایا کہ وہاں پر ایس ایچ او کے خلاف لوگوں نے احتجاج کیا جس پر جسٹس اعجاز انور نے کہا کہ اس پر تو حکومت نے انکوائری کا کہا ہے، ان کی رپورٹ آجائے گی نا؟ عدالت نے ایس ایس پی کو طلبی نوٹس جاری کرتے ہوئے 23 جولائی کو ہونے والی آئندہ سماعت پر پیش ہونے کا حکم جاری کر دیا۔,N/A,24_news,14:03:PM
نورمقدم قتل کیس میں اہم پیشرفت،میڈیکل بورڈ تشکیل دینے کا فیصلہ,"Jul 20, 2025",https://www.24urdu.com/20-Jul-2025/138989,سپرنٹنڈنٹ اڈیالہ جیل نے میڈیکل بورڈ کی تشکیل کیلئے پمز ہسپتال کی انتظامیہ کو خط لکھ دیا۔ ذرائع کے مطابق میڈیکل بورڈ کی تشکیل کیلئے خط صدرِ مملکت سے رحم کی اپیل کے تناظر میں ارسال کیا گیا،خط میں ظاہر جعفر کی ذہنی حالت جانچنے کیلئے میڈیکل بورڈ کی تشکیل کی درخواست کی گئی ہے۔ یہ بھی پڑھیں: خط میں سپرنٹنڈنٹ اڈیالہ جیل کی جانب سے ماہر نفسیات پر مشتمل بورڈ بنانے کی سفارش کی گئی ہے ،خط کے متن کے مطابق ظاہر جعفر کی ذہنی کیفیت پر سوالات کے بعد کارروائی کی جا رہی ہے۔ خط پر سپرنٹنڈنٹ، میڈیکل آفیسر اور ماہر نفسیات کے دستخط موجود ہیں۔,N/A,24_news,15:10:PM
وزیراعلیٰ خیبر پختونخوا علی امین گنڈاپور کے وارنٹ گرفتاری جاری,"Jul 19, 2025",https://www.24urdu.com/19-Jul-2025/138893,ڈسٹرکٹ اینڈ سیشن کورٹس اسلام آباد نے علی امین گنڈا پور کو گرفتار کرکے پیش کرنے کا حکم دیتے ہوئے حاضری سے استثنیٰ کی درخواست مستردکردی۔ یہ بھی پڑھیں: جوڈیشل مجسٹریٹ مبشر حسن چشتی نے وارنٹ گرفتاری جاری کرتے ہوئے کیس کی سماعت 21 جولائی تک ملتوی کردی۔,N/A,24_news,15:47:PM
پشاور میں فائرنگ سے 2 افراد جاں بحق,"Jul 22, 2025",https://www.24urdu.com/22-Jul-2025/139243,پولیس کے مطابق ملزمان گاڑی پر فائرنگ کر کے فرار ہوئے۔ ملزمان کی گرفتاری کے لیے ٹیم تشکیل دیدی ہے،پولیس کا کہنا ہے کہ مقتولین کی شناخت کرامت شاہ اور یوسف خان کے ناموں سے ہوئی۔ پولیس کے مطابق مقتول کرامت شاہ حال ہی میں قتل کیس میں جیل سے ضمانت پر رہا ہوا تھا۔ مقتول بھتیجے کے قتل کیس میں جیل گیا تھا۔,N/A,24_news,23:20:PM
26 نومبر احتجاج کیس،پی ٹی آئی رہنماؤں کی عبوری ضمانت میں 8 ستمبر تک توسیع,"Jul 22, 2025",https://www.24urdu.com/22-Jul-2025/139166,انسداددہشت گردی عدالت نمبر ایک کےڈیوٹی جج طاہر عباس سپرا  نے مجموعی طور پر ضمانت قبل از گرفتاری کی 230 درخواستوں پر سماعت کی،بیرسٹر گوہر، زرتاج گل،عمیر نیازی، لطیف کھوسہ اور دیگر عدالت میں پیش ہوئے۔ بشری بی بی،سلمان اکرم راجا،شیر افضل مروت، عمر ایوب، شبلی فراز کی حاضری سے استثنی کی درخواستیں دائرکی گئیں جو عدالت نےمنظورکرلیں۔ پی ٹی آئی رہنماؤں کےخلاف تھانہ مارگلہ ،رمنا کوہسار اور دیگر میں 19 مقدمات درج ہیں۔,N/A,24_news,10:53:AM
غیر رجسٹرڈ کال سینٹرز کے خلاف آپریشن،درجنوں ملزمان گرفتار,"Jul 21, 2025",https://www.24urdu.com/21-Jul-2025/139057,مالی فراڈ کا بڑا عالمی نیٹ ورک چلانے والوں کے پاکستان میں موجود سولہ ٹھکانوں پر چھاپے مارے گئے،ان کے خلاف نیشنل سائبر کرائم انویسٹی گیشن اتھارٹی کی’’گرے آپریشن‘‘ کے نام سے ملک بھرمیں کارروائیاں جاری ہیں جس کے دوران درجنوں ملزمان کو گرفتارکرلیا گیاہے۔ ذرائع کےمطابق ایک ایک کال سینٹر میں پچاس سے پانچ سو نوجوانوں کو بھرتی کیا جاتا تھا،وی پی این اور مخصوص سافٹ ویئرز کے ذریعے امریکا، بھارت، پرتگال، یونان سمیت کئی ممالک کی پروفائلنگ پاکستان میں کیے جانے کابھی انکشاف ہوا ہے۔ آن لائن شاپنگ اور سیروتفریح کے شوقین افراد ملزمان کا آسان ہدف ہیں،ان کاڈیٹا پاکستان سے بیرون ملک گروہوں تک پہنچایا جاتاہے جہاں اس عالمی نیٹ ورک کے کارندے لاکھوں ڈالرکا فراڈ کرتے تھے،کئی غیرقانونی کال سینٹرز ایس ای سی پی سے رجسٹریشن لے کر خود کو قانونی ظاہر کرتے رہے،مگر حقیقت میں وہ  ہائی ٹیک فراڈ فیکٹریاں چلا رہے تھے۔ یہ بھی پڑھیں: ڈپٹی ڈائریکٹر این سی سی آئی اے محمود الحسن کاکہنا ہے کہ ایک ماہ میں ہم نے لگ بھگ 16 کال سینٹرز پر چھاپےمارے  ،جو والدین اپنے بچوں کو کال سینٹرز میں بھیجتے ہیںوہ یہ تصدیق ضرورکریں کہ وہ  کون سے کال سینٹر میں کام کر رہے ہیں اور وہاں پر کیا ایکٹیوٹی چل رہی ہے۔,N/A,24_news,11:13:AM
نور مقدم کے قاتل کی جھوٹی درخواست، طبی معائنہ میں ملزم’’ چنگا بھلا ‘‘قرار,"Jul 24, 2025",https://www.24urdu.com/24-Jul-2025/139432,ذرائع  کے مطابق  نور مقدم قتل کیس کے مجرم ظاہر جعفرکا معائنہ پمز کے دو رکنی میڈیکل بورڈ نے21 جولائی کو کیا،ظاہر جعفر کا طبی معائنہ سپرنٹنڈنٹ اڈیالہ جیل کی درخواست پر کیا گیا، پمز کے ماہر امراض نفسیات اور نیورو نے ظاہر جعفر کا تفصیلی معائنہ کیا، ظاہر جعفر ذہنی و نفسیاتی طور پر مکمل صحت مند، مزاج نارمل پایا گیا، ظاہر جعفر میں نفسیاتی بیماری یا دماغی خرابی کے شواہد نہیں ملے، ظاہر جعفر کے لواحقین رحم کی اپیل دائر کرنے پر غور کر رہے ہیں، ظاہر جعفر نے رحم کی اپیل کیلئے نفسیاتی معائنہ کی درخواست دی تھی۔ واضح رہے کہ 27 سالہ نور مقدم کو 20 جولائی 2021 کو اسلام آباد کے پوش علاقے میں ایک گھر میں قتل کیا گیا تھا، اسی روز ظاہر جعفر کے خلاف واقعے کا مقدمہ درج کرتے ہوئے اسے جائے وقوعہ سے گرفتار کر لیا گیا تھا۔عدالت نے 14 اکتوبر کو ظاہر جعفر سمیت مقدمے میں نامزد دیگر 11 افراد پر فرد جرم عائد کی تھی، 24 فروری 2022 کو ڈسٹرکٹ اینڈ سیشن کورٹ اسلام آباد نے سابق پاکستانی سفیر کی بیٹی نور مقدم کے بہیمانہ قتل سے متعلق کیس میں ظاہر جعفر کو سزائے موت سنا دی تھی۔عدالت نے مختصر فیصلے میں ظاہر جعفر کو قتل عمد کے سلسلے میں تعزیرات پاکستان کی دفعہ 302 کے تحت سزائے موت سنائی تھی اور نور مقدم کے ورثا کو 5 لاکھ روپے ہرجانہ ادا کرنے کا حکم دیا گیا تھا۔بعدازاں اسلام آباد ہائی کورٹ نے نور مقدم کے بہیمانہ قتل سے متعلق کیس میں ڈسٹرکٹ اینڈ سیشن کورٹ اسلام آباد کی جانب سے ظاہر جعفر کو سزائے موت سنانے کا حکم برقرار رکھتے ہوئے سزا کے خلاف اپیلیں مسترد کر دی تھیں۔بعدازاں سپریم کورٹ میں اپیل دائر کی گئی ،جس پر تین رکنی بینچ نے نور مقدم کے قتل کے مقدمے میں مجرم ظاہر جعفر کی سزائے موت برقرار رکھنے کا حکم دیا۔ یہ بھی پڑھیں:,N/A,24_news,21:41:PM
40 ارب روپے کا کوہستان میگا کرپشن اسکینڈل، 7 اہم ملزم گرفتار,"Jul 19, 2025",https://www.24urdu.com/19-Jul-2025/138874,گرفتار افراد میں 2 سرکاری افسر، 2 بینکرز اور 3 ٹھیکیدار شامل ہیں، ملزمان پر جعلی بلنگ، مالیاتی دھوکہ دہی اور منی لانڈرنگ کے ذریعے اربوں روپے کی خردبرد کا الزام ہے،نیب ذرائع کے مطابق گرفتار ملزمان کو آج احتساب عدالت میں پیش کیا جائے گا،ایک ٹھیکیدار نے 3 ارب 45 کروڑ روپے کی پلی بارگین کی دوبارہ درخواست دی ہے، ملزم ٹھیکیدار نے پہلے کم رقم پر پلی بارگین کی درخواست دی تھی۔ ذرائع کا کہنا ہے کہ ملزم ٹھیکیدار کے اکاؤنٹ سے 3 ارب 45 کروڑ روپے کی ٹرانزیکشن ہوئی تھی،  ملزم ٹھیکیدار 3 قسطوں پر نیب کو رقم ادا کرنے پر تیار ہے، 40 ارب روپے کے کوہستان اسکینڈل میں ملوث مزید افراد کی گرفتاریوں کا امکان ہے۔,N/A,24_news,13:23:PM
مفرور ملزم 30 سال بعد گرفتار,"Jul 19, 2025",https://www.24urdu.com/19-Jul-2025/138859,ترجمان کرائم کنٹرول ڈپارٹمنٹ ( سی سی ڈی)کے مطابق سی سی ڈی جھنگ نے اٹھارہ ہزاری کے علاقے سے ملزم کو گرفتار کیا، ملزم نے 30 سال قبل ڈیرہ غازی خان میں ایک شہری کو قتل کیا تھا۔ دوسری جانب سی سی ڈی ساہیوال نے بھی قتل کے مقدمے میں مطلوب ایک اشتہاری ملزم کو گرفتار کر لیا۔ حکام نے بتایا کہ ملزم نے 18سال قبل پولیس اسٹیشن غازی آباد میں ایک شہری کو قتل کیا تھا۔,N/A,24_news,12:01:PM
نورمقدم کیس: مجرم ظاہر جعفر نے نظرثانی درخواست دائر کردی,"Jul 23, 2025",https://www.24urdu.com/23-Jul-2025/139270,سپریم کورٹ میں دائر کی گئی درخواست میں مؤقف اپنایا گیا ہے کہ عدالت نے ملزم کی ذہنی حالت کا تعین نہیں کرایا، سپریم کورٹ میں میڈیکل بورڈ تشکیل دینے کی درخواست دی،تاہم سپریم کورٹ نے اس متفرق درخواست پر فیصلہ نہیں دیا۔ یہ بھی پڑھیں: درخواست میں کہا گیا ہے کہ سزائے موت دینے کیلئے ویڈیو ریکارڈنگ پر انحصار کیا گیا، ویڈیوز ٹرائل کے دوران درست ثابت بھی نہیں کی گئیں، ملزم کو ویڈیو ریکارڈنگز فراہم بھی نہیں کی گئیں، ٹرائل کے دوران کبھی وہ ویڈیوز چلا کر بھی نہیں دیکھی گئیں۔ نظرثانی اپیل سینئر وکیل خواجہ حارث کے ذریعے دائر کی گئی ہے، درخواست میں کہا گیا ہےکہ فیصلے پر نظرثانی کی ٹھوس وجوہات موجود ہیں، عدالت اپنے فیصلے پر نظرثانی کرے۔,N/A,24_news,11:23:AM
نامعلوم افراد نے فائرنگ کرکے میاں بیوی کو قتل کردیا,"Jul 19, 2025",https://www.24urdu.com/19-Jul-2025/138885,ضلع مردان کی تحصیل رستم کے علاقے چارگلی میں فائرنگ کے ایک افسوسناک واقعے میں میاں بیوی جاں بحق ہو گئے۔ پولیس کے مطابق فائرنگ کا واقعہ چارگلی میں پیش آیا جہاں 25 سالہ آصف ولد مرسلین اور اس کی اہلیہ کو گولیاں مار کر قتل کر دیا گیا۔ واقعے کی اطلاع ملتے ہی ریسکیو 1122 کی میڈیکل ٹیم فوری طور پر موقع پر پہنچی اور دونوں جاں  بحق میاں بیوی کو ٹائپ ڈی ہسپتال رستم منتقل کر دیا۔ پولیس نے جائے وقوع سے شواہد اکٹھے کرکے اور مختلف بیانات کی روشنی میں واقعے کی نوعیت اور محرکات جاننے کے لیے تفتیش شروع کردی ہے ۔,N/A,24_news,14:10:PM
فیض آباد احتجاج کیس: فیصل جاوید کی بریت کی درخواست مسترد,"Jul 21, 2025",https://www.24urdu.com/21-Jul-2025/139060,انسدادِ دہشت گردی عدالت اسلام آباد میں پی ٹی آئی رہنماؤں کے خلاف بانی پی ٹی آئی کی نااہلی کے بعد فیض آباد کے مقام پر احتجاج کرنے سے متعلق کیس کی سماعت ہوئی، کیس کی سماعت انسداد دہشت گردی عدالت کے جج طاہر عباس سپرا نے کی،سماعت کے دوران عامر محمود کیانی، راشد حفیظ، جمشید مغل اور دیگر ملزمان عدالت میں پیش ہوئے جبکہ فیصل جاوید خان، حیدر بن مسعود اور راجہ ماجد کی جانب سے حاضری سے استثنیٰ کی درخواستیں جمع کرائی گئیں۔ ملزمان کی جانب سے الیاس صدیقی، سردار مصروف خان ایڈوکیٹ، زاہد بشیر ڈار اور دیگر وکلا عدالت میں پیش ہوئے۔ سماعت کے دوران پی ٹی آئی رہنما فیصل جاوید خان کی جانب سے دائر بریّت کی درخواست کو عدالت نے خارج کر دیا جبکہ استغاثہ کی جانب سے دو گواہان عدالت میں پیش کیے گئے جن کے بیانات ریکارڈ کر لیے گئے، عدالت نے ہدایت کی کہ اگر دفاع چاہیے تو اگلی پیشی پر گواہان پر جرح کی جا سکتی ہے۔ وزیراعلیٰ خیبرپختونخوا علی امین گنڈا پور آج بھی عدالت میں پیش نہ ہوئے، جج طاہر عباس سپرا نے ریمارکس دیئے کہ گزشتہ آرڈر ہی دوبارہ جاری کر دیتے ہیں۔ سماعت کے دوران جب عامر محمود کیانی عدالت میں پیش ہوئے تو جج طاہر عباس سپرا نے انہیں مخاطب کرتے ہوئے کہا عامر کیانی صاحب! آپ عدالت سے چلے جائیں، آپ اشتہاری ہیں، اگر پولیس نے سن لیا تو گرفتار کر لیا جائے گا۔ معزز جج نے مزید کہا کہ عامر کیانی تین مرتبہ اشتہاری قرار دیئے جا چکے ہیں جس پر عامر کیانی نے کہا کہ سر میری غلطی ہے۔ عدالت میں پیش نہ ہو سکا، تسلیم کرتا ہوں، جج نے ہدایت کی کہ وہ درخواست لے کر آئیں، پھر عدالت غور کرے گی۔ بعدازاں انسدادِ دہشت گردی عدالت اسلام آباد نے پی ٹی آئی رہنماؤں کے خلاف بانی پی ٹی آئی کی نااہلی کے بعد فیض آباد کے مقام پر احتجاج کرنے سے متعلق کیس کی مزید سماعت 31 جولائی تک ملتوی کر دی۔,N/A,24_news,11:27:AM
بینک فراڈ کیس: نادیہ حسین کے شوہر کی درخواست ضمانت پر سماعت ملتوی,"Jul 21, 2025",https://www.24urdu.com/21-Jul-2025/139096,ہائیکورٹ میں نجی کمپنی میں  53 کروڑ سے زائد کے بینک فراڈ کے مقدمے میں اداکارہ نادیہ حسین کے شوہر ملزم عاطف خان اور دیگر کی درخواست ضمانت کی سماعت ہوئی،جونیئر وکیل نے مؤقف اختیارکیا کہ ملزم کے وکیل کی طبیعت ناساز ہے، سماعت ملتوی کی جائے۔ جسٹس محمود اے خان نے اس پرریمارکس دیئے کہ ہم تینوں ملزموں کی درخواست ضمانت کو ایک ساتھ سنیں گے، عدالت نے ملزم عاطف خان اور دیگر کی درخواست ضمانت کی سماعت 13 اگست تک ملتوی کردی،ٹرائل کورٹ نے عاطف خان، امتیاز اور فیصل کی درخواست ضمانت مسترد کردی تھی۔ یہ بھی پڑھیں: واضح رہے کہ عاطف خان جیل میں ہیں جبکہ ملزم امتیاز اور فیصل احاطہ عدالت سے فرار ہوگئے تھے، امتیاز اور فیصل نے گرفتاری سے بچنے کے لیے سندھ ہائیکورٹ سے ضمانت حاصل کرلی تھی۔,N/A,24_news,16:58:PM
جھنگ: رشتے سے انکار پر ملزم نے ماموں کی بیٹی کو قتل کردیا,"Jul 20, 2025",https://www.24urdu.com/20-Jul-2025/138958,ماموں نے بیٹی کے رشتے سے انکار کیوں کیا؟ بھانجے نے اپنی کزن کو ہی قتل کر ڈالا،18 سال کی کنزہ کو ملزم نے تھانہ سیٹلائٹ کی حدود سے بہانے سے اغوا کیا۔ اور زیلی چیز کھلا کر مار ڈالا۔ ایڈیشنل ایس پی عابد ظفر کا کہنا ہے کہ مقتولہ اسلام آباد ایگریکلچر یونیورسٹی کی یہ طالبہ تھی، سمسٹر ختم ہونے کے بعد یہ واپس اپنے گھر آرہی تھی راستے میں اسے اغواء کرکے قتل کردیا گیا۔ پولیس نے واقعے کا مقدمہ درج کرکے ملزم کو گرفتار کرلیا ہے۔ ملزم نے دوران تفتیش انکشاف کیا کہ رشتہ مانگنے پہ لڑکی کے والدین نے انکار کیا تھا جس کی وجہ سے میں نے طیش میں آکر لڑکی کو قتل کیا۔,N/A,24_news,10:31:AM
26 نومبراحتجاج ،پی ٹی آئی کارکنان کو 6،6ماہ قید کی سزائیں,"Jul 24, 2025",https://www.24urdu.com/24-Jul-2025/139394,اسلام آبادکی ڈسٹرکٹ اینڈ سیشن کورٹ نے پیس فل اسمبلی اینڈ پبلک آڈر ایکٹ کے تحت درج 3 مقدمات کا فیصلہ سنایا۔ عدالت نے پی ٹی آئی کارکنان کو چھ چھ ماہ قید کی سزا سنا دی،ٹرائل کورٹ کیجانب سے ملزمان کو سزائیں سنائی گئیں،پاپو ایکٹ کے تحت درج مقدمات بشریٰ بی بی، علی امین گنڈا پور بھی نامزد ملزمان ہیں۔ یہ بھی پڑھیں: پی ٹی آئی قیادت اور بشریٰ بی بی کی حد تک مقدمات کا ٹرائل شروع نہیں ہوا،پی ٹی آئی کارکنان کیخلاف پاپو ایکٹ کے تحت تھانہ رمنا میں 2 اور ترنول میں 1 مقدمہ درج تھا۔ پی ٹی آئی کے مجموعی طور پر 10 سے زائد کارکنان کو سزائیں سنائی گئیں جبکہ پی ٹی آئی کے 100 سے زائد کارکنان مقدمات میں نامزد ہیں،عدالت نے متعدد ملزمان کو مقدمات میں اشتہاری قرار دے رکھا ہے۔,N/A,24_news,15:08:PM
ضرورت رشتہ کے اشتہار کے ذریعے ہنی ٹریپ کیاگیا شہری کچے سے بازیاب,"Jul 20, 2025",https://www.24urdu.com/20-Jul-2025/139041,پولیس کے مطابق جیکسن سے 9 جولائی کو شعیب نامی شخص کو ہنی ٹریپ کیا گیا اور بازیابی کے لیے اہل خانہ سے 45 لاکھ روپے تاوان طلب کیا گیا تھا،مغوی شعیب کو 19 جولائی کو بحفاظت بازیاب کرالیا جبکہ ڈاکو فرار ہوگئے۔ پولیس کا کہنا ہے کہ سوشل میڈیا پر رابطوں میں محتاط رویہ اختیار کرنا چاہیے،بازیاب شہری محمد شعیب کا کہنا ہے کہ ضرورت رشتہ کا ایک پیج فالو کرتاتھا، لڑکی نے نہ صرف مجھ سے بات کی بلکہ اپنی والدہ سے بھی بات کرائی جس پراپنی والدہ سے ان تمام باتوں کا ذکر کیا اور کراچی سے روانہ ہوگیا۔ انہوں نے بتایاکہ اوباڑو پہنچنے کے بعد ایک موٹر سائیکل سوار ساتھ لے گیا جس کے بعد قید کرلیا گیا، قید کے دوران تشدد بھی کیا گیا اور  اہل خانہ سے 45 لاکھ روپے تاوان طلب کیا۔ سوشل میڈیا پر رابطے رکھنا کوئی انوکھی بات نہیں لیکن محض ان رابطوں پر اپنا شہر چھوڑ کر دوسرے شہر جانے میں احتیاط برتنی چاہیے۔,N/A,24_news,22:37:PM
6سالہ بچی سے زیادتی کے مجرم کی سزا کیخلاف اپیل خارج,"Jul 21, 2025",https://www.24urdu.com/21-Jul-2025/139110,(ملک اشرف)چھ سالہ بچی سے سکول میں زیادتی کرنے والے مجرم کی سزا کے خلاف اپیل خارج  کر دی گئی،لاہور ہائیکورٹ نے ٹرائل کورٹ کا مجرم قاری شہباز کو عمر قید  دینے کافیصلہ برقرار رکھا ،جسٹس عہبر گل نے مجرم قاری شہباز کی سزا کے خلاف  اپیل خارج کی۔ ڈپٹی پراسیکیوٹر جنرل آسیہ یاسین  نے مجرم قاری شہباز کی اپیل کی مخالفت کی،ڈپٹی پراسیکیوٹر نے کہاکہ  پولیس تفتیش کے مطابق مجرم نے چھ سال کی بچی کے ساتھ سکول میں زیادتی کی،متاثرہ بچی کے بیان اور میڈیکل رپورٹ  سے ثابت  ہوتا ہے  کہ مجرم شہباز نے  زیادتی کی،ٹرائل کورٹ نے میرٹ پر مجرم کو عمر قید کی سزا سنائی۔ وکیل صفائی نے مجرم کی بریت کیلئے دلائل دئیے لیکن عدالت کو مطمئن نہ کرسکے،جس پر عدالت نے مجرم کی سزا کیخلاف اپیل خارج کردی۔ یہ بھی پڑھیں:,N/A,24_news,19:37:PM
موسی مانیکا کی ضمانت منظور،زخمی ذاتی ملازم سے صلح کرلی,"Jul 22, 2025",https://www.24urdu.com/22-Jul-2025/139241,تفصیلات کے مطابق پاک پتن میں علاقہ مجسٹریٹ مسعود احمد فریدی کی عدالت میں ملزم موسیٰ مانیکا کو  پیش کیا گیا، جہاں فریقین میں صلح ہونے پر مجسٹریٹ نے موسیٰ مانیکا کی ضمانت منظور کرلی۔ عدالت نے آج پولیس سے مقدمے کا ریکارڈ طلب کر رکھا تھا۔پاکپتن پولیس کے ترجمان کے مطابق فریقین نے عدالت میں اپنی صلح کا بیان ریکارڈ کروا دیا۔پاکپتن پولیس کے ترجمان نے یہ بھی بتایا ہے کہ مقدمے کا ٹرائل ہو گا جس میں فریقین کے دوبارہ بیان لیے جائیں گے۔ یہ بھی پڑھیں:م,N/A,24_news,23:05:PM
اپوزیشن لیڈر عمر ایوب کے وارنٹ گرفتاری جاری,"Jul 24, 2025",https://www.24urdu.com/24-Jul-2025/139364,انسداددہشت گردی عدالت اسلام آباد کے جج طاہرعباس سپرانے پی ٹی آئی رہنماؤں اور کارکنان کے خلاف 4 اکتوبر احتجاج پر درج مقدمات کے کیس کی سماعت کی،عدالت نے اپوزیشن لیڈر عمر ایوب کے قابل ضمانت وارنٹ گرفتاری جاری کردیئے جبکہ سینیٹر اعظم خان سواتی کی حاضری سے استثنٰی کی درخواست منظورکرلی۔ عمر ایوب کی جانب سے وکیل عدالت میں پیش ہوئے اورعمر ایوب کی حاضری سے استثنیٰ کی درخواست اور میڈیکل رپورٹ عدالت میں جمع کرائی ، جس کے بعد عدالت نے عمر ایوب کے وارنٹ گرفتاری منسوخ کر دیئے، وکیل صفائی کے مطابق عمر ایوب کو طلبی کا نوٹس موصول ہی نہیں ہوا تھا  جس کے بعدعدالت نے عمر ایوب کے وارنٹ گرفتاری منسوخ کر دیئے۔ یہ بھی پڑھیں: تھانہ شہزاد ٹاؤن کا مقدمہ 4 اکتوبر احتجاج پر درج ہے،پی ٹی آئی کارکنان کی جانب سے سردار محمد مصروف خان ایڈوکیٹ، زاہد بشیر ڈاراور و دیگر عدالت میں پیش ہوئے۔,N/A,24_news,11:03:AM
پی ٹی آئی کے رہنما راجہ بشارت گرفتاری کے کچھ دیر بعد رہا,"Jul 24, 2025",https://www.24urdu.com/24-Jul-2025/139376,یہ بھی پڑھیں: بعد ازاں وکیل سردار عبدالرزاق خان نے بتایا کہ راجہ بشارت کو تھانہ نیو ٹاؤن سے رہا کر دیا گیا ہے، ضمانتی دستاویزات کی تصدیق کے بعد پولیس نے راجہ بشارت کو رہا کیا ہے۔,N/A,24_news,12:28:PM
ناراض بیوی کو منانے کیلئے آنیوالے داماد نے سسر ، ساس، سالے اور ماموں کو قتل کر دیا,"Jul 12, 2025",https://www.24urdu.com/12-Jul-2025/138193,پولیس کے مطابق جاں بحق ہونے والوں میں مشتاق خان عمر70 سال، زوجہ مشتاق عمر 60 سال، حیات عمر 53 سال اور لڑکی کا بھائی شامل ہیں۔پولیس نے بتایا کہ  اکبرپورہ کے علاقے ٹیٹاری میں ناراض بیوی کو منانے کے لیے آنے والے شوہر نے ساتھ لے جانے کی اجازت نہ دینے پر طیش میں آکر فائرنگ کردی۔فائرنگ میں جاں بحق ہونے والوں میں ملزم داماد کا  سسر، ساس، سالہ اور بیوی کا ماموں شامل ہیں۔عینی شاہدین کے مطابق ملزم کا کہنا تھا کہ بیوی کو اُس کے گھر والوں نے ورغلا کر اپنے پاس روک لیا ہے جبکہ وہ ساتھ جانا چاہتی ہے۔ یہ بھی پڑھیں:,N/A,24_news,23:25:PM
مصطفیٰ عامر قتل کیس ٹرائل کورٹ منتقل,"Jul 19, 2025",https://www.24urdu.com/19-Jul-2025/138856,اے ٹی سی کے منتظم جج نے مقدمہ انسداد دہشت گردی کورٹ نمبر 16 میں منتقل کیا ہے۔ مصطفی عامر کو 6 جنوری کے روز اسکے دوست ارمغان نے قتل کردیا تھا،قتل کیس میں ارمغان اور شیراز گرفتارہیں۔ مصطفی عامر کی لاش حب بلوچستان سے ملزمان کی نشاندھی پر ملی تھی۔ ملزمان نے مصطفی عامر کو قتل کرنے کے بعد ڈیفنس کراچی سے حب بلوچستان میں جا کر لاش جلائی تھی۔ دونوں ملزم پولیس اور میڈیا کے سامنے مصطفی عامر کو قتل کرنے کا اعتراف بھی کرچکےہیں دونوں ملزمان نے جوڈیشل مجسٹریٹ کے سامنے بیان دینے سے انکار کردیا تھا۔,N/A,24_news,11:32:AM
24 اور 26 نومبر کے 14 مقدمات میں عمر ایوب کی ضمانت خارج ، گرفتار کرنیکا حکم,"Jul 15, 2025",https://www.24urdu.com/15-Jul-2025/138451,"اے ٹی سی کے جج امجد علی شاہ نے عدم پیروی پر 14 سے زائد مقدمات میں عبوری ضمانت خارج کی, عدالت نے کہا کہ عمر ایوب کو گرفتار کرکے عدالت میں پیش کیا جائے۔ پی ٹی آئی رہنما عمرایوب نے مذکورہ مقدمات میں اپنے وکیل ڈاکٹر بابر عوان کے ذریعے عبوری ضمانت کی درخواستیں دائر کر رکھی تھی ، وہ 24 اور 26 نومبر کے 14 سے زائد مقدمات میں عبوری ضمانت پر تھے۔",N/A,24_news,13:25:PM
یوٹیوبر رجب بٹ کو نیشنل سائبر کرائم ایجنسی نے طلب کر لیا,"Jul 13, 2025",https://www.24urdu.com/13-Jul-2025/138243,نیشنل کرائم ایجنسی کی طرف سے ملنے والے نوٹس کے مطابق یوٹیوبررجب بٹ کو کل14 جولائی کو دن گیارہ بجے پیش ہونا ہو گا۔ یہ بھی پڑھیں: رجب بٹ کو 160 سی آر پی سی کے مطابق جاری کارروائی میں پیش ہونے کا کہا گیا ہے،انہیں  خلاف سید در محمد بخاری کی درخواست پر طلب کیا گیا ہے،این سی سی آئی نے رجب بٹ کو نوٹس اس کی رہائش گاہ پر بھجوایاہے۔,N/A,24_news,15:01:PM
بیٹی نے باپ کو قتل کردیا,"Jul 16, 2025",https://www.24urdu.com/16-Jul-2025/138543,پولیس کے مطابق واقعے کی ایف آئی آر مقتول کی بیوہ کی مدعیت میں درج کی گئی ہے۔ ایف آئی آر کے متن کے مطابق واردات کی وجہ مقتول کے بیٹی کے ساتھ مبینہ ناجائز تعلقات تھے۔,N/A,24_news,11:26:AM
توشہ خانہ ٹو کیس کی اڈیالہ جیل میں ہونے والی سماعت منسوخ,"Jul 17, 2025",https://www.24urdu.com/17-Jul-2025/138637,بانی پی ٹی آئی اوربشریٰ بی بی کیخلاف توشہ خانہ ٹوکیس کی سماعت آج اڈیالہ جیل راولپنڈی میں ہونا تھی، جو اب جوڈیشل کمپلیکس اسلام آباد میں ہوگی۔ یہ بھی پڑھیں: وکیل صفائی خالد یوسف چوہدری کوعدالتی عملے نے اس حوالے سے باضابطہ آگاہ بھی کردیا ہے۔,N/A,24_news,10:38:AM
کراچی میں ڈکیتی کی بڑی واردات، ڈاکو سنار سے 4 کروڑ روپے لوٹ کر فرار,"Jul 14, 2025",https://www.24urdu.com/14-Jul-2025/138297,پولیس کے مطابق 2 موٹرسائیکلوں پر سوار 4 ڈاکو سنار سے مبینہ طور پر 3 کروڑ 95 لاکھ روپے لوٹ کر فرار ہوگئے،پولیس حکام کے مطابق واردات ہفتے کی شب 9 بجکر 15 منٹ پر پیش آیا جس کی مختلف زاویوں سے تفتیش کی جارہی ہے،پولیس کے مطابق طارق روڈ کے قریب سنار سے ڈکیتی کی بڑی واردات ، واردات کا مقدمہ متاثر تاجر محمد بلال کی مدعیت میں تھانا فیروزآباد میں درج کرلیا گیا ہے۔ متن کے مطابق میرے ملازم عمران سے ڈاکو 3 کروڑ 98 لاکھ روپے لوٹ کر فرار ہوئے میں سونا فروخت کرکے صدر صرافہ بازار سے واپس آرہا تھا گاڑی پارک کی جہاں دو ڈاکو جو پیدل تھے، انہوں نے مجھ پر اور میرے ملازم کے سر پر پستول رکھ کر واردات کی،پولیس حکام کے مطابق واردات ہفتے کی شب 9 بجکر 15 منٹ پر پیش آیا جس کی مختلف زاویوں سے تفتیش کی جارہی ہے۔,N/A,24_news,00:57:AM
غیرملکی خاتون سے زیادتی پرمعروف کورین گلوکار کو سزا سُنا دی گئی,"Jul 12, 2025",https://www.24urdu.com/12-Jul-2025/138135,کوریا کی نیوز ایجنسی کے مطابق سیئول  کی ایک عدالت نے کے پاپ بوائے بینڈ این سی ٹی کے سابق رکن ٹیئل کو اجتماعی زیادتی کے مقدمے میں ساڑھے تین سال قید کی سزا سنائی ہے جس کے بعد 31 سالہ ٹیئل کوفوری طور پر حراست میں لے لیا گیا۔ عدالت نے ان کے ساتھ شریک جرم دو دیگر افراد کو بھی سزا دیتے ہوئے انہیں بھی گرفتار کرنے کا حکم دیا،ان تینوں افرادپرگزشتہ سال جون میں سیول میں ایک غیر ملکی خاتون کو نشے کی حالت میں اجتماعی جنسی زیادتی کا نشانہ بنانے کاالزام ہے۔ عدالت نے ملزمان کو 40 گھنٹوں پر مشتمل جنسی جرائم سے متعلق اصلاحی پروگرام مکمل کرنے کا بھی حکم دیتے ہوئے قرار دیا کہ یہ جرم نہایت سنگین نوعیت کا ہے کیونکہ متاثرہ خاتون نشے میں تھی اور مزاحمت کے قابل نہ تھی۔ یہ بھی پڑھیں: یاد رہے کہ ٹیئل کو گزشتہ سال اگست میں پولیس کی تحقیقات کے بعد مشہور کورین کے پاپ بینڈ این سی ٹی سے نکال دیا گیا تھا، پراسیکیوٹرز نے اس مقدمے میں سات سال قید کی سزا کا مطالبہ کیا تھا۔,N/A,24_news,15:06:PM
ہسپتال میں وارڈ بوائے کی 15 سالہ لڑکی کیساتھ مبینہ اجتماعی زیادتی,"Jul 15, 2025",https://www.24urdu.com/15-Jul-2025/138456,پولیس کے مطابق لڑکی کے والد عبدالجبار نے اپنی درخواست میں الزام عائد کیا کہ اس کی بیٹی اپنی چچی کے ساتھ کمسن کزن کے علاج کیلئے ٹی ایچ کیو اسپتال کوٹ رادھا کشن گئی تھی،والد کے مطابق ہسپتال کا وارڈ بوائے ذیشان  اس کی بیٹی کو  ورغلا کر بالائی منزل پر لے گیا جہاں اس نے اپنے ساتھی کے ساتھ مل کر لڑکی کے ہاتھ پاؤں باندھ کر اسے مبینہ اجتماعی زیادتی کا نشانہ بنایا۔ عبدالجبار کے مطابق لڑکی کی چچی اسے ڈھونڈتے ہوئے بالائی منزل پر پہنچی تو ملزم نے پکڑے جانے کے ڈر سے  نیچےچھلانگ لگا دی جس سے وہ شدید زخمی ہوا اور جناح ہسپتال میں زیر علاج ہے۔ دوسری جانب ہسپتال کے ایم ایس نے واقعے کی تحقیقات کے لیے 3 رکنی کمیٹی تشکیل دے دی ہے۔,N/A,24_news,13:55:PM
حکومت ملٹری کورٹ فیصلوں اور کارروائی کا مکمل ریکارڈ فراہم کرے، پشاور ہائیکورٹ,"Jul 13, 2025",https://www.24urdu.com/13-Jul-2025/138223,پشاور ہائیکورٹ نے 9 مئی ملٹری کورٹ سے سزایافتہ ملزمان کے کیس کا 6 صفحات پر مشتمل حکم نامہ جاری کردیا جس میں وفاقی و صوبائی حکومت، سیکرٹری ڈیفنس سمیت دیگر فریقین کو نوٹس جاری کرتے ہوئے جواب طلب کرتے ہوئے کہاگیاہے کہ  فریقین درخواست گزاروں کو ملٹری کورٹ فیصلوں اور کارروائی کا مکمل ریکارڈ فراہم کریں۔ عدالت نے قرار دیا کہ درخواست گزاروں کو ملٹری کورٹ فیصلوں اور عدالتی کاروائی کا ریکارڈ فراہم نہیں کیا گیا۔ یہ بھی پڑھیں: وکیل درخواست گرار نے عدالت کو بتایا کہ 9 اور 10 مئی کو توڑ پھوڑ میں ملٹری کورٹ نے ملزمان کو سزائیں سنائیں، ملزمان کا تعلق بنوں، 2کا چکدرہ اور 2کا تعلق لوئر دیر سے ہے، سپریم کورٹ نے سویلین ملٹری کورٹ ٹرائل کو قانونی قرار دیا اور فیصلے میں ملزمان کو اپیل کا حق دیا ہے۔,N/A,24_news,11:37:AM
پشاور میں خواجہ سرا کو فائرنگ کرکے زخمی کردیا گیا,"Jul 17, 2025",https://www.24urdu.com/17-Jul-2025/138675,پولیس ذرائع کے مطابق زخمی ہونے والے خواجہ سرا کا نام برفی ہے، جسے تھانہ کوتوالی کی حدود میں نشانہ بنایا گیا،اسے  زخمی حالت میں لیڈی ریڈنگ ہسپتال منتقل کردیاگیا جبکہ پولیس نے دو ملزمان کے خلاف مقدمہ درج کرلیا ہے۔ یہ بھی پڑھیں: خواجہ سرا ایسوسی ایشن کی صدر فرزانہ کا کہنا ہے کہ چند روز کے دوران خواجہ سراؤں پر یہ چوتھا حملہ ہے، جبکہ گزشتہ ہفتے بھی ایک خواجہ سرا کو قتل کیا گیا تھا، خیبرپختونخوا میں اب تک 60 سے زائد خواجہ سرا قتل کیے جاچکے ہیں، صوبائی حکومت خواجہ سراؤں کے تحفظ کےلیے اقدامات کرے۔,N/A,24_news,15:38:PM
سانگھڑ: گھر سے خاتون کی لاش برآمد، قتل کے الزام میں شوہر گرفتار,"Jul 13, 2025",https://www.24urdu.com/13-Jul-2025/138285,پولیس کے مطابق قتل کے الزام میں خاتون کے شوہر کو گرفتار کر لیا گیا،پولیس کا کہنا ہے کہ گرفتار شوہر کا کہنا ہے کہ اس کی بیوی نے خودکشی کی ہے۔ پولیس نے بتایا ہے کہ پوسٹ مارٹم کے لیے لاش اسپتال منتقل کی گئی ہے اور تحقیقات شروع کر دی گئی ہیں۔,N/A,24_news,22:26:PM
بشریٰ بی بی کے بیٹے موسیٰ مانیکا کی فائرنگ سے ملازم زخمی,"Jul 17, 2025",https://www.24urdu.com/17-Jul-2025/138673,پولیس کے مطابق موسیٰ مانیکا نے تکرار کے دوران طیش میں آکر فائرنگ کردی، جس سے 17 سالہ علی بہادر زخمی ہو گیا جسے فوری طور پر ڈسٹرکٹ ہیڈکوارٹرہسپتال منتقل کردیاگیا جہاں اس کای حالت خطرے سے باہر بتائی جا رہی ہے۔ واقعہ خاور مانیکا کے ڈیرے پر پیش آیا، اطلاع ملتے ہی تھانہ صدر پولیس نے کارروائی کرتے ہوئے موسیٰ مانیکا کو ڈیرے سے گرفتار کر لیا۔ یہ بھی پڑھیں: پولیس حکام کے مطابق فائرنگ کے واقعے کی تفتیش کا آغاز کر دیا گیا ہے، اور موسیٰ مانیکا سے پوچھ گچھ جاری ہے۔,N/A,24_news,15:25:PM
ضمانت قبل از گرفتاری:بانی پی ٹی آئی اور بشریٰ بی بی  کی درخواستوں پرسماعت ملتوی,"Jul 15, 2025",https://www.24urdu.com/15-Jul-2025/138423,ڈسٹرکٹ اینڈ سیشن کورٹس اسلام آباد میںبانی پی ٹی آئی کی 6 اور بشری بی بی  کی 1 ضمانت قبل از گرفتاری کی درخواست پر سماعت ہوئی،ایڈیشنل ڈسٹرکٹ اینڈ سیشن  جج افضل مجوکہ نے کیس پر سماعت کی،بانی پی ٹی آئی کی ضمانت کی درخواستوں پر آج بھی دلائل نہ ہوسکے۔ بشری بی بی کی ضمانت کی درخواست پر محفوظ فیصلہ بھی نہ سنایا جا سکا اوربانی پی ٹی آئی کی عدم دستیابی کے باعث ضمانت کی درخواستوں پر کوئی پیشرفت نہ ہوسکی۔ یہ بھی پڑھیں: عدالت نے گزشتہ سماعت پر بانی پی ٹی آئی کو پیش کرنے یا بذریعہ ویڈیو لنک حاضری کے احکامات جاری کئے تھے،عدالت نے ضمانت قبل از گرفتاری کی درخواستوں پر 9 ستمبر تک ملتوی کردی،بانی پی ٹی آئی کی جانب سے خالد یوسف چوہدری ایڈوکیٹ عدالت میں پیش ہوئے،بانی پی ٹی آئی پر احتجاج، توڑ پھوڑاور اقدام قتل کی دفعات کے تحت 5 مقدمات درج ہیں۔ بانی پی ٹی آئی اور بشریٰ بی بی کیخلاف توشہ خانہ میں جعلی رسیدیں جمع کروانے پر بھی ایک مقدمہ درج ہے۔,N/A,24_news,09:33:AM
نواب شاہ میں فائرنگ سے 5 افراد جاں بحق,"Jul 17, 2025",https://www.24urdu.com/17-Jul-2025/138638,اس حوالے سے پولیس کا کہنا ہے کہ فائرنگ کی وجہ معلوم نہیں ہو سکی ہے تاہم تحقیقات جاری ہیں، فائرنگ کے واقعے میں جاں بحق ہونے والے افراد کی لاشوں کو ہسپتال منتقل کر دیا گیا۔,N/A,24_news,10:43:AM
ملتان، سٹیج اداکارہ مبینہ طور پر اغوا، مقدمہ درج,"Jul 18, 2025",https://www.24urdu.com/18-Jul-2025/138736,ملتان میں مسکان نامی سٹیج اداکارہ کو ولید نامی شخص نے ساتھیوں کے ہمراہ مبینہ طور پراغواء کر لیا۔ اداکارہ کی بہن کی مدعیت میں مقدمہ درج کرلیا گیا،ایف ائی ار کے مطابق ملزمان نے اسٹیج اداکارہ کو جان سے مارنے کی دھمکی دی اور گھر سے باہر بلایا۔ گھر سے باہر نکلتے ہی ملزمان  خاتون کو گھسیٹ کر گاڑی میں بیٹھاکر لے گئے، پولیس کا کہنا ہے کہ واقعہ کی تحقیقات کا آغاز کردیا گیا ہے۔ خاتون کے مبینہ اغواء ہونے سے قبل ریکارڈ کی ہوئی ویڈیو بھی سامنے آگئی ہے ۔ ویڈیو میں سٹیج ایکٹریس مسکان کا کہنا تھا کہ مجھے اور میری فیملی کو ولید جان سے مارنے کی دھمکیاں دیتا ہے۔,N/A,24_news,09:50:AM
نشے کا عادی باپ جوئے میں 2 کمسن بچے ہار گیا,"Jul 18, 2025",https://www.24urdu.com/18-Jul-2025/138831,یہ دلخراش واقعہ پنجاب کے علاقہ خانیوال میں پیش آیاجہاں اختر نامی شخص جو نشئی ہونے کے ساتھ جوئے کی لت کا عادی بھی تھا، اس شقی القلب کو جب جوئے میں لگانے کے لیے رقم نہ ملی تو اپنے 2کمسن بچوں کی بازی لگا کر انہیں جوئے میں ہار دیا۔ بچوں سے محروم ہونے والی مظلوم ماں نے بتایا کہ کچھ لوگ اس کے بچے لینے آئے اور بتایا کہ اس کا شوہر جوئے میں ان بچوں کو ہار چکا ہے،میرے مزاحمت کرنے اور شور مچانے پر وہ لوگ دھمکیاں دیتے ہوئے واپس چلے گئے۔ خاتون نے بتایا کہ صورتحال سے آگاہ کر کے اپنے والد کو بلایا تو شوہر نشے کی حالت میں گھر آیا،مجھ پر تشدد کر کے میرے بچے 3 سالہ عبدالرحمان اور 5 سالہ فیضان کو چھین کر لے گیا،ساتھ ہی ہمیں بھی گھر سے نکال دیا،مظلوم ماں نے بچوں کی بازیابی کے لیے متعلقہ تھانے پہنچی اور درخواست دی تو پولیس حکام نے مبینہ طور پر رشوت طلب کی۔ بچوں کے ماموں نے الزام عائد کیا ہے کہ بچوں کی بازیابی کے لیے تھانہ کہنہ میں درخواست دی تو تھانیدار رشوت طلب کر رہا ہے،بچوں کی والدہ اور ماموں نے وزیراعلیٰ مریم نواز اور آئی جی پنجاب سے اپیل کی ہے کہ بچوں کو شرابی اور جواری لوگوں کے قبضہ سے بازیاب کرایا جائے۔,N/A,24_news,22:57:PM
ایبٹ آباد؛13 سالہ بچی کو تشدد اور زیادتی کا نشانہ بنا کر قتل کرنے والاملزم گرفتار,"Jul 05, 2025",https://www.24urdu.com/05-Jul-2025/137442,ایبٹ آباد کے علاقے نگری بالا کے رہائشی شخص کی رپورٹ کے مطابق اس کی 13 سالہ بیٹی جو پچھلے کچھ عرصہ سے حبیب اللہ کالونی سٹریٹ نمبر 9 میں ملزم حارث لطیف ولد شاہد لطیف کے گھر ملازمہ کے طور پر کام کر رہی تھی جسے گزشتہ رات ملزم نے تشدد کر کے قتل کر دیا جبکہ ملزم 13 سالہ بچی کو زیادتی کا نشانہ بھی بناتا رہا جس پر بروقت کارروائی عمل میں لاتے ہوئے میرپور پولیس نے ملزم کو گرفتار کر کے زیر دفعہ 302/376 پی پی سی 53 سی پی اے مقدمہ درج کرتے ہوئے مزید تفتیش کا آغاز کر دیا۔ ملزم سرکاری محکمے موٹر وہیکل ایگزامینر کا ملازم ہے، معصوم بچی کو ملزم نے 8000ہزار روپے ماہانہ پر 24گھنٹے کی گھریلو ملازمہ رکھا ہوا تھا، ملزم کا تعلق ضلع مانسہرہ کے ایک نواب خاندان سے ہے۔,N/A,24_news,22:55:PM
شیخوپورہ میں شوہر کا حاملہ بیوی پر مبینہ تشدد، مقدمہ درج,"Jul 12, 2025",https://www.24urdu.com/12-Jul-2025/138101,پولیس نے ملزم کو گرفتار کر کے مقدمہ درج کر لیا،پولیس کا کہنا ہے کہ متاثرہ خاتون کو تشویش ناک حالت میں ہسپتال منتقل کر دیا گیا ہے۔,N/A,24_news,10:07:AM
پشاور:تہکال پلازہ کے کمرے سے خواجہ سرا کی لاش ملی،پولیس,"Jul 09, 2025",https://www.24urdu.com/09-Jul-2025/137782,ابتدائی تفصیلات کے مطابق تھانہ تہکال کی حدود واقع پلازہ میں نامعلوم افراد نے فائرنگ کرکے اسد نامی خواجہ سراء کو قتل کردیا،اطلاع ملتے ہی مقامی پولیس فوری موقع پر پہنچ کر نعش کو پوسٹ مارٹم کیلئے مردہ خانہ منتقل کردیا،پولیس نے جائے وقوعہ سے اہم شواہد اکٹھا کرکے ملوث ملزمان کا سراغ لگانے اور اصل حقائق جاننے کیلئے مختلف پہلوں پر تفتیش شروع کردی ہے۔,N/A,24_news,01:01:AM
لاہور میں غیرملکی خاتون سے ہراسانی، سی سی ٹی وی فوٹیج سامنے آگئی,"Jul 05, 2025",https://www.24urdu.com/05-Jul-2025/137415,پولیس کے مطابق لاہور کے علاقے گرین ٹاؤن میں غیرملکی خاتون کو ہراساں کرنے کا واقعے کی سی سی ٹی وی فوٹیج حاصل کرلی گئی،ویڈیو میں دیکھا جاسکتا ہے کہ نامعلوم شخص غیرملکی خاتون کو اس کے بیٹے کے سامنے ہراساں کرتا کررہا ہے، خاتون کا کمسن بیٹا خوفزدہ ہوکر آگے کی جانب بھاگا۔ پولیس کا کہنا ہے کہ کلوز سرکٹ کیمرے کی فوٹیج کے ذریعے ملزم کی شناخت کی کوششیں جاری ہیں، واقعے پر قانونی کارروائی عمل میں لائی جارہی ہے۔,N/A,24_news,18:34:PM
فواد چودھری کے مقدمات کا ٹرائل روکنے کی استدعا مسترد,"Jul 10, 2025",https://www.24urdu.com/10-Jul-2025/137927,چیف جسٹس آف پاکستان جسٹس یحییٰ آفریدی کی سربراہی میں کیس کی سماعت ہوئی، چیف جسٹس نے ریمارکس دیئے کہ کسی فریق کا حق متاثر نہ ہو اس لیے فریق کی موجودگی میں فیصلہ تحریر کیا جائے گا۔ چیف جسٹس نے کہا کہ مختلف اضلاع میں مقدمات ہونے کی وجہ سے درخواست گزاروں کو استثنا حاصل ہو رہا ہے حتیٰ کہ فواد چودھری کو بھی لاہور ہائی کورٹ سے حاضری سے استثنا ملا ہے۔ اس موقع پر اسپیشل پراسیکیوٹر ذوالفقار نقوی نے اعتراض اٹھایا کہ لاہور ہائی کورٹ میں کیس میرٹ پر نہیں چلا بلکہ صرف ناقابل سماعت قرار دے کر اعتراض عائد کیا گیا،اس فیصلے کے خلاف ہی سپریم کورٹ سے رجوع کیا گیا ہے اور لاہور ہائی کورٹ نے رجسٹرار آفس کے اعتراضات کو برقرار رکھنے کا باقاعدہ اسپیکنگ آرڈر جاری نہیں کیا۔ عدالت نے قرار دیا کہ یہ اعتراضات بھی لاہور ہائی کورٹ نے ہی دیکھنے ہیں، اس لیے کیس وہیں سنا جانا چاہیے،سپریم کورٹ نے فواد چودھری کی جانب سے مقدمات کے ٹرائل کو حتمی فیصلے تک روکنے کی استدعا بھی مسترد کر دی۔ یہ بھی پڑھیں: چیف جسٹس نے ریمارکس دیئے کہ ٹرائل پر حکم امتناع دینا ہائی کورٹ کا اختیار ہے، فواد چوہدری نے شکایت کی کہ ان کا ٹرائل رات بارہ بجے تک جاری رہتا ہے جس پر چیف جسٹس نے ریمارکس دیئے کہ شکر کریں عدالتیں کام کر رہی ہیں۔ سابق وفاقی وزیر اطلاعات فواد چودھری کی 9 مئی کے مقدمات کو یکجا کرنے کی درخواست پر سپریم کورٹ نے لاہور ہائی کورٹ سے رجوع کرنے کی ہدایت کر دی۔,N/A,24_news,16:46:PM
جعلی سرکاری افسر بن کر آئس سپلائی کرنے والا منشیات فروش  گرفتار,"Jul 12, 2025",https://www.24urdu.com/12-Jul-2025/138106,پولیس کے مطابق ملزم نے خود کو سرکاری افسر ظاہر کر رکھا تھا اور جعلی شناخت کے ذریعے منشیات کی ترسیل کرتا تھا۔ گاڑی کی تلاشی کے دوران پولیس نے سیٹ کے نیچے چھپایا گیا 100 گرام آئس (کرسٹل میتھ) کا پیکٹ برآمد کر لیا۔ ابتدائی تفتیش میں ملزم عمران نے اعتراف کیا کہ وہ خود کو سرکاری آفیسر ظاہر کر کے مختلف علاقوں میں آئس کی ڈیلوری دیتا تھا۔ ملزم کا تعلق ضلع وہاڑی سے ہے، اور وہاں کی پولیس کو متعدد مقدمات میں مطلوب تھا۔ پولیس ذرائع کے مطابق عمران اپنے آبائی علاقے میں فراڈ اور چوری جیسے سنگین جرائم میں بھی ملوث رہا ہے۔ سِول لائن پولیس نے ملزم کے خلاف مقدمہ درج کر کے اُسے انویسٹیگیشن وِنگ کے حوالے کر دیا ہے تاکہ مزید تفتیش کی جا سکے۔,N/A,24_news,11:08:AM
ایمان قتل کیس، ملزم جوڈیشل ریمانڈ پر جیل روانہ,"Jul 11, 2025",https://www.24urdu.com/11-Jul-2025/138035,ڈسٹرکٹ اینڈ سیشن کورٹ اسلام آباد میں 22 سالہ یونیورسٹی کی طالبہ ایمان کے پرائیویٹ ہاسٹل میں قتل کے کیس کی سماعت ہوئی۔ پولیس نے 6 روزہ جسمانی ریمانڈ مکمل ہونے پر ملزم کو ڈیوٹی مجسٹریٹ محمد آصف ہنجرا کی عدالت میں پیش کیا۔ عدالت نے ملزم کو جوڈیشل ریمانڈ پر جیل بھیجنے کا حکم دیا ہے۔ یاد رہے کہ طالبہ ایمان کے قتل کا مقدمہ 19 اپریل کو تھانہ رمنا میں درج کیا گیا تھا۔,N/A,24_news,14:55:PM
میئر لاڑکانہ بھی ڈاکوؤں کے ریڈار پر، ایک ماہ میں دوسری بار لٹ گئے,"Jul 09, 2025",https://www.24urdu.com/09-Jul-2025/137872,سندھ کے شہر لاڑکانہ میں عام شہری ہی نہیں بلکہ عوامی نمائندے بھی محفوظ نہیں رہے، میئر لاڑکانہ ایڈووکیٹ انور لہر کو ایک ماہ میں دو بار لوٹ لیا گیا،ڈاکوؤں نے میئر لاڑکانہ کے سپر  سٹور پر ڈکیتی کی دوسری بڑی واردات کی،یہ واقعہ نادرا آفس کے قریب حیدری تھانے کی حدود میں پیش آیا  جہاں مسلح ملزمان نے اسلحہ کے زور پر سپر  سٹور کو دوبارہ لوٹا اور فرار ہو گئے۔ میئر لاڑکانہ ایڈووکیٹ انور لہر نے اس واردات پر تشویش کا اظہار کیا ہے۔ ان کے ترجمان کی جانب سے جاری بیان میں ایک ماہ میں دوسری بار ڈکیتی کی واردات پر تشویش کا اظہار کرتے ہوئے کہا گیا ہے کہ پہلی واردات کی رپورٹ درج کرائی تھی لیکن اس کی بھی اب تک کوئی ریکوری نہیں ہوئی، اب دوبارہ واردات ہونا اور عوامی نمائندے کو نشانہ بنانا پولیس کی کارکردگی پر سوالیہ نشان ہے۔ ترجمان کے مطابق میئر لاڑکانہ کا تعلق کاروباری خاندان سے ہے،ان کے پٹرول پمپس، سپر  سٹور اور دیگر کاروبار ہیں۔,N/A,24_news,23:12:PM
لاہور: غیر ملکی خاتون سے بدتمیزی کا واقعہ، چند گھنٹوں میں ملزم گرفتار,"Jul 05, 2025",https://www.24urdu.com/05-Jul-2025/137433,ڈی آئی جی آپریشنز کی ہدایت پر گرین ٹاؤن پولیس سپیشل ٹیم کی برق رفتار کارروائی کرتے ہوئے نائجیرین لیڈی کو ہراساں اور نازیبا حرکات کرنے والا اوباش کو گرفتار کرلیا۔ پولیس کے مطابق طلاع ملتے ہی گرین ٹاؤن پولیس نے ایف ائی آر درج کر کے کاروائی کا آغاز کیا،سیف سٹی اور سی سی ٹی وی کی مدد سے ملزم کو 12 گھنٹے میں گرفتار کر لیا گیا،گرین ٹاؤن پولیس نے بروقت کاروائی کرتے ہوئے ملزم حسن کو گرفتار کر لیا۔ ڈی آئی جی آپریشنز کی ایس پی صدر ڈاکٹر غیور،  ایس ایچ او خرم شہزاد اور پولیس ٹیم کو شاباش دی،ان کا کہنا تھا کہ خواتین اور بچے ریڈ لائن ہیں،خواتین ہراسگی پر زیرو ٹالرینس پالیسی ہے۔ خیال رہے کہ ڈی آئی جی آپریشنز فیصل کامران نے  افسوسناک واقعہ کا نوٹس لیتے ہوئےملزم کی گرفتاری کے لیے سپیشل ٹیم تشکیل دی تھی۔,N/A,24_news,20:49:PM
لاہور ہائیکورٹ: قتل کے مقدمے میں 100 سال سزا پانے والے مجرم کی اپیل خارج,"Jul 10, 2025",https://www.24urdu.com/10-Jul-2025/137900,جسٹس امجد رفیق نے فیصلے میں لکھا کہ مجرم صغیر حسین نے اپنی رہائی کیلئے ایک مرتبہ پھر عدالت کا دروازہ کھٹکھٹایا، درخواست گزار کے مطابق وہ 1989 سے جیل میں قید ہے، لاہور ہائیکورٹ نے مجرم کی سزا کے خلاف اپیل خارج کی، مجرم نے سزا کم کرنے کیلئے سپریم کورٹ سے رجوع کیا، سپریم کورٹ نے مجرم کی سزائے موت کو عمر قید میں تبدیل کر دیا۔ فیصلے میں کہا گیا کہ سپریم کورٹ نے قرار دیا کہ تین بار عمر قید کی سزا الگ الگ چلے گی، مجرم کو دیگر دفعات کے تحت بھی ایک مرتبہ عمر قید کی سزا سنائی گئی، سپریم کورٹ کے فیصلے کے بعد مجرم کی کل سزا 100 برس ہو گئی۔ فیصلہ میں تحریر ہے کہ پاکستان پریژن رولز 1978 کے تحت مجرم نے سزا معافی کی درخواست دی، 100 برس سزا ہونے کے باعث مجرم صغیر حسین 59 برس کی سزا معاف کرانے میں کامیاب ہو گیا، مجرم کی تاحال ساڑھے چار برس کی قید باقی ہے۔ جسٹس امجد رفیق نے فیصلے میں لکھا کہ مجرم صغیر حسین کی جانب سے بتایا گیا اس کی دوران ٹرائل ڈیرھ برس کی قید کو صرف ایک مرتبہ کاؤنٹ کیا گیا ہے، صغیر حسین نے درخواست دی کہ اس کی دوران ٹرائل قید کو چار مرتبہ کاؤنٹ کیا جائے، ڈپٹی انسپکٹر جنرل جیل خانہ جات ملتان نے صغیر حسین کی درخواست آئی جی جیل خانہ جات کو بھجوائی، آئی جی جیل خانہ جات نے ہوم ڈیپارٹمنٹ سے ہدایت مانگی، درخواست گزار نے کسی محکمے سے جواب نہ آنے پر عدالت سے رجوع کیا، درخواست گزار نے استدعا کی کہ اس کی سزا درست کاؤنٹ کرکے رہائی دی جائے۔ جسٹس امجد رفیق نے فیصلے میں لکھا کہ یہ کیس کسی ناول کی کہانی کی صورتحال ہے، قانون شہادت میں سیکشن 382 بی لاء ریفارمز آرڈیننس 1972 کے ذریعے متعارف کرایا گیا، سیکشن 382 بی کے تحت عدالتوں کو ملزم کی سزا کا تعین کرنے کا اختیار دیا گیا، عمر قید کی سزائیں کیسے چلتی ہیں اور کاؤنٹنگ کیسے ہو گی اس کے لئے پنجاب پریزن رولز دیکھنے کی ضرورت ہے۔ فیصلے میں لکھا گیا کہ پریزن رولز کے تحت ایک بار عمر قید کی سزا 25 سال ہو گی، پندرہ برس سزا کاٹنے کے بعد ملزم سزا معافی کی اپیل دائر کرنے کا حقدار ہو جاتا ہے، اگر پریزن رولز موجودہ کیس پر لاگو کریں تو ملزم کو کم ازکم 60 برس سزا کاٹنے کے بعد اپیل کا حق ہو گا۔ پریزن رولز 218 کے مطابق سیکشن 401 کے تحت ہونے والی سزا معافی سپشل معافی ہے جو حکومت عوامی تہواروں پر کرتی ہے۔ فیصلے میں مزید کہا گیا کہ موجودہ کیس میں 59 سال کی سزا معاف کرنے کیلئے کیا طریقہ کار اختیار کیا گیا آئی جی جیل خانہ جات چیک کر سکتے ہیں، عدالتی معاون کے مطابق کوئی ریکارڈ اور قانونی دستاویزات پیش نہیں کی گئیں جس کے تحت سزا معاف کی گئی۔ سپریم کورٹ کے فیصلے کے مطابق ملزم کی سزا کو سنگل سزا کے طور پر دیکھا جائے گا، اگر سزا سنگل سزا ہے تو پھر دوران ٹرائل قید کو بھی ایک بار ہی گنا جائے گا، محکمہ جیل خانہ جات ملزم کی بقیہ سزا معافی کیلئے کیس حکومت کو بھجوا سکتا ہے، حکومت کو ملزم کی سزا معافی کا اختیار ہے، سزا معافی کی درخواست مرحوم کے قانونی ورثا کی اجازت کے بغیر نہیں دی جا سکتی۔ یادرہے کہ ملزم صغیر حسین سمیت دیگر کے خلاف لاہور کے تھانہ وحدت کالونی میں 24 اگست 1989 کو قتل سمیت دیگر دفعات کا مقدمہ درج کیا گیا تھا، ٹرائل کورٹ نے صغیر حسین کو تین مرتبہ سزائے موت اور ایک مرتبہ عمر قید کی سزا کا حکم سنایا تھا۔,N/A,24_news,13:35:PM
ٹک ٹاک اکاؤنٹ ڈیلیٹ کیوں نہیں کیا؟ باپ نے بیٹی کو گولی مارکر قتل کردیا,"Jul 09, 2025",https://www.24urdu.com/09-Jul-2025/137802,پولیس کے مطابق ملزم نے اپنی بیٹی مہک شہزادی سے ٹک ٹاک اکاؤنٹ ڈیلیٹ کرنے کا مطالبہ کیا تھا، لیکن بیٹی کے انکار پر طیش میں آکر اسے گولی مار کر قتل کردیا۔ واقعہ تھانہ روات کےعلاقے ڈھوک چوہدریاں تخت پڑی میں پیش آیا۔ واقعے کا مقدمہ ہیڈ کانسٹیبل شہباز انجم کیانی کی مدعیت میں درج کرلیا گیا ہے۔ ایف آئی آر کے متن کے مطابق ملزم نے بیٹی پر فائرنگ کرکے قتل کیا ۔ فرار ملزم کی تلاش شروع کردی گئی۔,N/A,24_news,10:27:AM
ٹڈاپ میگا کرپشن کیس: سیدیوسف رضا گیلانی 9 مقدمات سے بری,"Jul 10, 2025",https://www.24urdu.com/10-Jul-2025/137897,یوسف رضا گیلانی دیگر شریک ملزمان کے ہمراہ عدالت میں پیش ہوئے،عدالت نے میگا کرپشن کے نو مقدمات کا فیصلہ سناتے ہوئے سابق وزیراعظم کو بری کرنے کا حکم دےدیا۔ یاد رہے کہ ایف آئی اے نے ٹڈاپ کیس میں مجموعی طور پر 26 مقدمات درج کئے تھے، یوسف رضا گیلانی ان میں سے پہلے ہی 3 مقدمات سے بری ہو چکے تھے، جبکہ آج کے فیصلے کے بعد وہ کل 12 مقدمات سے بری ہو چکے ہیں۔ ٹڈاپ کرپشن کیس کی تحقیقات کا آغاز 2009 میں ہوا تھا جبکہ ایف آئی اے نے مقدمات 2013 میں درج کرنا شروع کئے، یوسف رضا گیلانی کو 2015 میں ان مقدمات کے حتمی چالان میں بطور ملزم نامزد کیا گیا تھا، ملزمان کے خلاف بوگس کمپنیاں بنا کر فریٹ سبسڈی کی مد میں سات ارب روپے کی کرپشن کا الزام تھا۔ کراچی میں وفاقی اینٹی کرپشن کورٹ میں میڈیا سے بات سے گفتگو کرتے ہوئے چیئرمین سینٹ سیدیوسف رضا گیلانی نے ایک بار پھر اپنے خلاف بنائے گئے میگا کرپشن مقدمات کو بے بنیاد قرار دیتے ہوئے کہا کہ انصاف میں تاخیر انصاف سے انکار کے مترادف ہے، 12 برس سے مقدمات چل رہے تھے۔ انہوں نے صدر مملکت آصف علی زرداری سے متعلق پوچھے گئے سوال پر بتایا کہ صدر مملکت کی تبدیلی یا ان کی صحت سے متعلق صرف افواہیں زیر گردش ہیں۔ چیئرمین سینٹ نے کہا کہ 12 برس سے کیس چل رہا تھا، جو پہلے طالبہ تھیں، آج بطور پراسیکیوٹر پیش ہوئیں۔ سیدیوسف رضاگیلانی نے کہاکہ حکومت کا حصہ نہ بننے کا فیصلہ بھی سینٹرل ایگزیکٹو کمیٹی (سی ای سی) نے کیا تھا، وہ چاہے تو فیصلہ واپس لے سکتی ہے، ہم حکومت کا حصہ نہیں ہیں، میں حکومت کا ترجمان نہیں ہوں،میں سب سے زیادہ مدت کیلئے وزیر اعظم رہا ہوں، متفقہ طور پر وزیر اعظم بنا اور بلا مقابلہ چیئرمین سینیٹ منتخب ہوا۔ یہ بھی پڑھیں: اس موقع پر وکیل فاروق ایچ نائیک نے کہاکہ 14-2013 میں 26 مقدمات بنائے گئے تھے، تمام مقدمات میں الزامات ایک ہی نوعیت کے تھے، یوسف گیلانی کے خلاف 50 لاکھ روپے لینے کا الزام ہے، وہ بھی براہ راست نہیں بلکہ زبیر نامی شخص کے ذریعے لینے کا الزام ہے، کسی گواہ نے نہیں کہا کہ پیسہ یوسف رضا گیلانی نے لیا، 3 کیسز میں انہیں عدالت نے پہلے بری کر دیا تھا، ہماری بریت کی درخواستوں میں عدالت نے 9 مقدمات میں بری کیا ہے،14 مقدمات میں ملزم کی بریت کے خلاف ایف آئی اے کی اپیل میں کیسز کا ریکارڈ ہائی کورٹ میں ہے، 14 کیسز میں گواہی نہیں ہوسکتی، ملزمان پیش ہوتے ہیں لیکن گواہ نہیں آتے، ہائی کورٹ کو اپیل پر جلدی فیصلہ کرنا چاہیے یا ریکارڈ واپس وفاقی اینٹی کرپشن بھیج دینا چاہیے۔,N/A,24_news,13:09:PM
ہسپتال میں خواتین کی نامناسب ویڈیوز بنانیوالے ملازمین معطل، انکوائری کمیٹی تشکیل,"Jul 09, 2025",https://www.24urdu.com/09-Jul-2025/137857,محکمہ صحت راولپنڈی کے ترجمان کے مطابق  واقعے کے بعد فوری انتظامی ایکشن لیتے ہوئے دونوں ملازمین کو معطل کر دیا گیا ہے،ڈسٹرکٹ ہیلتھ آفیسر کی سربراہی میں ایک تحقیقی کمیٹی قائم کر دی گئی ہے جس میں میڈیکل سپرنٹنڈنٹ ٹی ایچ کیو اور ڈپٹی ڈسٹرکٹ ہیلتھ آفیسر کہوٹہ کو بھی شامل کیا گیا ہے،کمیٹی کو 7 روز میں اپنی تحقیقاتی رپورٹ پیش کرنے کا حکم دیا گیا ہے۔ گرفتار ملزمان میں شکیل احمد اور زین العابدین شامل ہیں، جو ہسپتال کے ایکسرے سیکشن میں تعینات تھے، دوسری جانب  نیشنل سائبر کرائم انوسٹیگیشن ایجنسی نے بھی اس واقعے کا نوٹس لیتے ہوئے دونوں ملزمان کے خلاف مقدمہ درج کر لیا ہے،ایجنسی کی جانب سے ڈیجیٹل شواہد جمع کیے جا رہے ہیں تاکہ قانونی کارروائی کو آگے بڑھایا جا سکے۔,N/A,24_news,19:40:PM
افغان شہریوں کو غیر قانونی ویزا جاری کرنے میں ملوث ایف آئی اے کے 2 اہلکارگرفتار,"Jul 12, 2025",https://www.24urdu.com/12-Jul-2025/138104,ترجمان ایف آئی اے کے مطابق ایف آئی اےکے 2 اہلکاروں کو افغان شہریوں کو غیر قانونی ای ویزا جاری کرنے میں ملوث ہونے پر گرفتار کیا گیا ہے، اہلکار اینٹی ہیومن ٹریفکنگ سرکل اسلام آباد میں تعینات تھے۔ ترجمان ایف آئی اے کے مطابق افغان شہریوں کوغیر قانونی ای ویزا جاری کرنے پر اب تک 6  ملزمان گرفتار ہو چکے ہیں۔,N/A,24_news,10:17:AM
فواد چوہدری کا 9 مئی مقدمات یکجا کرنے کا کیس سماعت کیلئے مقرر,"Jul 09, 2025",https://www.24urdu.com/09-Jul-2025/137816,چیف جسٹس آف پاکستان یحییٰ آفریدی کی سربراہی میں تین رکنی بنچ کل مقدمات کی سماعت کرے گا۔ یہ بھی پڑھیں: فواد چوہدری کے وکیل فیصل چوہدری کاکہناہے کہ فواد چوہدری کے 9 مئی سے متعلق کیسز سماعت کیلئے مقرر کر دیئے گئے ہیں،جسٹس ہاشم کاکڑ نے کیس تین رکنی بینچ کے سامنے مقرر کرنے کیلئے کمیٹی کو بھیجا تھا۔,N/A,24_news,12:27:PM
میرپورخاص: خاتون سے مبینہ اجتماعی زیادتی کے الزام میں رکن ڈسٹرکٹ کونسل گرفتار,"Jul 09, 2025",https://www.24urdu.com/09-Jul-2025/137786,پولیس کے مطابق 25 سالہ خاتون کی درخواست پر ویمن تھانے میں 2 ملزمان کے خلاف مقدمہ درج کرکے مرکزی ملزم کو گرفتار کرلیا ہے،واقعہ گزشتہ رات پیش آیا تھا، مرکزی ملزم عبدالحکیم آریسر عمرکوٹ ضلع کونسل کا رکن بھی ہے جب کہ مکیش نامی دوسرے ملزم کی گرفتاری کے لیے چھاپے مارے جا رہے ہیں،گرفتار ملزم کا موقف ہےکہ اسے ضلع کونسل کا رکن ہونےکی وجہ سے سیاسی انتقام اور بدنام کرنےکی سازش کی گئی ہے۔ ادھر گرفتار ملزم کو  جوڈیشل مجسٹریٹ کی عدالت میں پیش کیا گیا جہاں عدالت نے اسے 4  روزہ ریمانڈ  پر  پولیس کے حوالے کردیا۔,N/A,24_news,01:43:AM
تھانے کے گیٹ پر ٹک ٹاک بنانا مہنگا پڑ گیا،3افراد گرفتار,"Jun 25, 2025",https://www.24urdu.com/25-Jun-2025/136403,تفصیلات کے مطابق بہاولپور ٹک ٹاکر ملزم سے ملاقات کے آئے اور تھانے سے نکلتے ہوئے،ٹک ٹاک ویڈیو بنائی ، ٹک ٹاکر نے بدمعاشی سٹائل اپناتے ہوئے تھانے کے گیٹ سے باہر نکلتے ہوئے ویڈیو بنوائی جو بعد میں ٹک ٹاک اور دیگر شوشل میڈیا اکاؤنٹ پر وائرل کردی۔ ٹک ٹاک بنانے پر 3افراد کے خلاف مقدمہ درج کیا گیا۔ پولیس نے ٹک ٹاکر ناصر حسین، محمد شعیب اور کیمرہ مین نعمان کے خلاف مقدمہ درج کر کے گرفتار کرلیا ہے۔,N/A,24_news,19:39:PM
پشاور:دہشتگردی کا بڑا منصوبہ ناکام،خودکش حملہ آور اور ہینڈلر ہلاک,"Jun 30, 2025",https://www.24urdu.com/30-Jun-2025/136842,"کالعدم ٹی ٹی پی کے دہشت گرد حساس تنصیب پر حملے کی منصوبہ بندی کررہے تھے,ہلاک دہشت  گرد خوست افغانستان سے پاکستان میں داخل ہوا تھا، ہلاک خودکش حملہ آور منیر کے ہینڈلر کی شناخت کی کارروائی جاری ہے۔ یہ بھی پڑھیں: تھانہ سی ٹی ڈی پشاور میں واقعے کا مقدمہ درج کرکےخصوصی تحقیقاتی ٹیم تشکیل دے دی گئی ہے۔",N/A,24_news,09:38:AM
لکی مروت: امن کمیٹی کا رکن ساتھیوں سمیت قتل,"Jun 29, 2025",https://www.24urdu.com/29-Jun-2025/136746,(ویب ڈیسک)لکی مروت کے علاقے وانڈہ کڑہ میں نامعلوم افراد نے اندھا دھند فائرنگ کرکے زنڑا امن قومی جرگہ کے سرکردہ رکن غلام دستگیر کو دو ساتھیوں سمیت قتل کر دیا۔ پولیس کے مطابق غلام دستگیر کو دہشت گردوں نے اس وقت فائرنگ کا نشانہ بنایا جب وہ دو ساتھیوں سمیت کار میں قبول خیل ایک تنازع کے تصفیہ کیلئے جا رہے تھے۔ یہ بھی پڑھیں: مقتول غلام دستگیر وانڈہ شہاب خیل کی مقامی امن کمیٹی کے صدر بھی تھے اور بدامنی روکنے کیلئے روزانہ رات کو سینکڑوں ساتھیوں سمیت علاقے میں مسلح گشت کیا کرتے تھے۔ پولیس کے مطابق تینوں لاشیں پوسٹ مارٹم کیلئے سرائے نورنگ ہسپتال منتقل کر دی گئی ہیں۔,N/A,24_news,11:10:AM
اسلام آباد ایئر پورٹ: خاتون کی چپلوں سے ہیروئن برآمد,"Jul 02, 2025",https://www.24urdu.com/02-Jul-2025/137136,ایئر پورٹ ذرائع کے مطابق تلاشی لینے پر پاکستانی نژاد برطانوی خاتون مسافر کی چپلوں سے ہیروئن برآمد ہوئی ہے،خاتون مسافر غیر ملکی پرواز کے ذریعے اسلام آباد سے استنبول جا رہی تھی،خاتون کو ایئر پورٹ پر ایف آئی اے اہلکار کی جانب سے پروٹوکول بھی دیا گیا تھا۔ ایف آئی اے حکام کے مطابق ایف آئی اے اہلکار کے ملزمہ کو پروٹوکول دینے کے معاملے کی تحقیقات کی جا رہی ہیں۔,N/A,24_news,23:32:PM
5 اکتوبر احتجاج؛ حماد اظہر سمیت دو پی ٹی آئی رہنما اشتہاری قرار,"Jul 04, 2025",https://www.24urdu.com/04-Jul-2025/137280,جج منظر علی گل نے کیس پر سماعت کی جس میں پی ٹی آئی رہنما رانا شہباز اور حماد اظہر کو اشتہاری قرار دےدیاگیا۔ پولیس نے عدالت میں رپورٹ جمع کروائی کہ ملزمان نے خود کو روپوش کر رکھا ہے، ملزمان کی گرفتاری کے لیے چھاپے مارے جا رہے ہیں، عدالت ملزمان کو اشتہاری قرار دے۔ یہ بھی پڑھیں: پولیس رپورٹ کے بعد انسداد دہشت گردی عدالت نے دونوں پی ٹی آئی رہنماوں کو اشتہاری قرار دے دیا۔,N/A,24_news,13:20:PM
قلات؛کلی کوہنگ میں ہوٹل کے قریب نامعلوم افراد کی فائرنگ، نوجوان جاں بحق,"Jul 03, 2025",https://www.24urdu.com/03-Jul-2025/137145,پولیس ذرائع  کے مطابق قلات کے علاقےکلی کوہنگ میں مقامی ہوٹل کے قریب نامعلوم افراد نے فائرنگ کرتے ہوئے نوجوان کو نشانہ بنایا جس سے نوجوان موقع پر ہی دم توڑ گیا۔ پولیس ذرائع نے بتایا کہ جاں بحق نوجوان کی شناخت سعید احمد ولد عبدالغنی قوم سمالانی سکنہ ملکی سے ہوئی،پولیس نے لاش ہسپتال منتقل کردیا۔ پولیس کا مزید کہنا ہے کہ قتل کی وجہ فوری طور معلوم نہیں ہو سکی تاہم واقعے کی تحقیقات جاری ہے۔,N/A,24_news,01:01:AM
خلیل الرحمان قمر ہنی ٹریپ کیس:آمنہ عروج کی سزا کیخلاف اپیل پر سماعت,"Jun 30, 2025",https://www.24urdu.com/30-Jun-2025/136848,رپورٹ کے مطابق لاہور ہائیکورٹ میں خلیل الرّحمٰان قمر کے مقدمے میں سزا یافتہ مجرمہ آمنہ عروج کی سزا معطلی کے خلاف درخواست کی سماعت ہوئی،جسٹس سید شہباز علی رضوی کی سربراہی میں دو رکنی بینچ نے اس درخواست پر سماعت کی۔ خلیل الرّحمٰان قمر کے وکیل مدثر چوہدری ایڈووکیٹ نے وکالت نامہ عدالت میں جمع کرواتے ہوئے  درخواست کی کہ دلائل کے لیے مزید مہلت دی جائے۔ یہ بھی پڑھیں: واضح رہے کہ آمنہ عروج نے اپنی سزا معطلی کے فیصلے کے خلاف لاہور ہائیکورٹ سے رجوع کر رکھا ہے۔اپیل میں انسدادِدہشت گردی کورٹ کافیصلہ کالعدم قرار دے کربری کرنےکی استدعا کی گئی ہے۔,N/A,24_news,10:44:AM
13 کروڑ کی ڈکیتی کرنیوالےبہن بھائی ٹک ٹاکر نکلے,"Jun 30, 2025",https://www.24urdu.com/30-Jun-2025/136838,ملزمان نے جعلی ایف آئی اے اہلکار بن کر 13 کروڑ روپے، قیمتی موبائل فونز، گھڑیاں، پرفیوم اور دیگر اشیاء لوٹی تھیں۔ پولیس  کے مطابق واردات 25 اور 26 جون کی درمیانی شب ساڑھے تین بجے ہوئی۔ متاثرہ شہری محمد سالک خالد بن ولید روڈ سے اپنے گھر پہنچا،گاڑی پار کر رہا تھا کہ اسی دوران ایک سیاہ رنگ کی گاڑی آ کر رکی۔ گاڑی میں سوار دو مسلح مرد اور تین برقعہ پوش خواتین نے اسے یرغمال بنا کر گھر میں داخل ہونے پر مجبور کیا۔ ایک ملزم ایف آئی اے سے ملتی جلتی وردی پہنے ہوئے تھا، جس پر ایف آئی اے کا مونوگرام بھی چسپاں تھا۔ ملزمان گھر سےاسلحے کے زور پر نقد 13 کروڑ روپے، آئی فون، گوگل پکسل سمیت 9 موبائل فون، 20 قیمتی گھڑیاں، 25 پرفیوم، 2 لیپ ٹاپ اور دیگر قیمتی سامان لوٹ کر فرار ہوگئے۔ پولیس نے جدید ٹیکنالوجی کی مدد سے سی سی ٹی وی فوٹیج حاصل کی اورملزمان کی شناخت کرکے کارروائی کرتے ہوئے 3 افراد کو گرفتار کرلیا۔ جن میں دو خواتین یسرا، نمرا اور ان کا بھائی شہریار شامل ہیں،ایک اور شریک ملزم شہروز کی تلاش جاری ہے۔ ٹک ٹاکر یسرا زیب مختلف پاکستانی برانڈز کیلئے ماڈلنگ بھی کرتی رہی ہے۔ سماجی رابطے کی ایپلیکیشن پر بھی خاتون ملزمہ مشہور اور معروف ٹک ٹاکر کے طور پر پہنچانی جاتی ہے۔ ملزمہ کے سوشل میڈیا کے اکاؤنٹس میں ملک اور غیر ملکی آرٹسٹوں کے ساتھ تصاویر موجود ہیں۔ ملزمہ یسرا زیب کے ڈکیت گروہ کی دیگر وارداتوں کے حوالے سے بھی تفتیش کی جارہی ہے۔ پولیس ذرائع کے مطابق گرفتار ملزمان سوشل میڈیا پر ٹک ٹاک ویڈیوز بھی بناتے تھے،جن کی بنیاد پر ان کی شناخت ممکن ہوئی۔ ملزمان سے لوٹی گئی رقم اور دیگر اشیاء کی برآمدگی اور مزید تفتیش جاری ہے۔ واردات میں ملوث دیگر ملزمان کی گرفتاری کے لیے چھاپے مارے جا رہے ہیں۔,N/A,24_news,09:09:AM
کراچی میں گھریلو جھگڑا، داماد کی فائرنگ سے سسر سمیت 3 افراد جاں بحق,"Jul 03, 2025",https://www.24urdu.com/03-Jul-2025/137173,ایس ایس پی ویسٹ طارق مستوئی کے مطابق واقعہ اُس وقت پیش آیا جب مقتول غوث الدین عرف عمران اپنے رشتے داروں کے ہمراہ اپنی بیٹی کے گھر آیا تھا۔ گھر میں خاندانی جھگڑے کے دوران عمران کے داماد حمید، بھائی رحمت، والد شاہجہان اور رشتے دار نے فائرنگ کردی جس کے نتیجے میں عمران، گل بخت خان اور امین جاں بحق ہوگئے۔ پولیس کا کہنا ہےکہ واقعے کے بعد بروقت کارروائی کرتے ہوئے مقتول عمران کی بیٹی کے سسر شاہجہان اور رشتے دار کو گرفتار کرلیا جبکہ حمید اور اس کا بھائی رحمت فرار ہیں۔ پولیس کے مطابق جائے وقوعہ سے ایک پستول بھی برآمد کیا گیا ہے، واقعہ کی مکمل تحقیقات جاری ہیں اور جلد دیگر ملزمان کو بھی گرفتار کرلیا جائے گا۔,N/A,24_news,13:03:PM
مقبوضہ کشمیر میں 70 سالہ خاتون سے زیادتی,"Jul 01, 2025",https://www.24urdu.com/01-Jul-2025/136967,انڈیا ٹوڈےکی رپورٹ کےمطابق پہلگام کے ایک ہوٹل میں مہاراشٹر سے آئی ستر سال کی خاتون سیاح کو ہوٹل کے کمرے میں زیادتی کا نشانہ بنایا گیا۔ اس واقعے نے مقبوضہ کشمیرکی سیاحتی ساکھ کو شدید دھچکا پہنچایا جبکہ بھارت میں خواتین کے تحفظ پر ایک بار پھر سوالات اٹھنے لگے ہیں۔ بی جے پی حکومت کی انتہا پسند پالیسیوں نے بھارت کو خواتین کے لیے دنیا کا سب سے غیرمحفوظ ملک بنا دیا ہے۔ امریکا نے بھی اپنی خواتین شہریوں کو خبردار کیا ہے کہ وہ بھارت کا سفر تنہا نہ کریں۔ مقبوضہ کشمیرمیں 7 لاکھ بھارتی فوج کی موجودگی کے باوجود نہ صرف کشمیری عوام بلکہ سیاح بھی غیرمحفوظ ہوچکے۔ آرٹیکل 370 کی منسوخی کے بعد مقبوضہ وادی میں ہندوتوا حکمت عملی کے تحت جبر و تشدد میں اضافہ ہوا ہے۔,N/A,24_news,12:50:PM
علی امین گنڈاپور انسداد دہشتگردی عدالت میں پیش نہ ہوئے، اشتہاری اسٹیٹس برقرار,"Jul 02, 2025",https://www.24urdu.com/02-Jul-2025/137081,علی امین گنڈاپور کے خلاف تھانہ آئی 9 میں درج مقدمے پر سماعت 10 جولائی تک ملتوی کردی گئی ہے،عدالت میں وکیل ظہور الحسن نے بتایا کہ وزیراعلیٰ کے پی علی امین گنڈاپور آج پیش نہیں ہوسکتے، میں 10 جولائی کو ہر صورت پیش کردوں گا۔ عدالت کی جانب سے کہا گیا کہ ملزم کا سیکشن 87 کے تحت اشتہار جاری ہوا جب تک عدالت نہیں آتے اشتہار کینسل نہیں ہوسکتا۔ جج طاہر عباس سِپرا نے ریمارکس دیے کہ اس کے ساتھ قبل از گرفتاری ضمانت بھی کروانی چاہیے لیکن لاہور ہائیکورٹ کی ججمنٹ آگئی ہے، ریلیف لینے کے لیے علی امین کو عدالت میں پیش ہونا پڑے گا، پشاور ہائیکورٹ کا حکم موجود ہے، میں نیا حکم نامہ کیسے جاری کروں؟ وکیل صفائی نے کہا کہ مجھے آپ کے وارنٹ کی فکر ہے، اس کو معطل کردیں، علی امین گنڈاپور پیش ہو جائیں گے۔ جج طاہر عباس سِپرا نے کہا کہ وہ تو اس وقت کا اشتہار تھا جب وہ سپریم کورٹ انصاف لینے گئے، آپ ریلیف مانگتے ہیں لیکن اس کے لیے عدالتوں کا بھی احترام کریں۔ علی امین گنڈاپور کے آنے تک میں وارنٹ یا اشتہار کینسل نہیں کرسکتا، اسلام آباد پولیس پاکستان کی ہر ہائیکورٹ کے حکم کی تعمیل کرے گی۔ انہوں نے کہا کہ میں نہ تو وارنٹ اور نہ ہی اشتہار ختم کر رہا ہوں، میں نے پولیس کو حکم دے دیا ہے اگر ہائیکورٹ کا حکم ملا تو اس پر عملدرآمد کرے۔ دوسری جانب علی امین گنڈا پور کے خلاف اسلحہ وشراب برآمدگی کیس کی سماعت ہوئی،  عدالت نے علی امین گنڈا پور کے ناقابل ضمانت وارنٹ گرفتاری جاری کرکے کیس کی مزید سماعت 19 جولائی تک ملتوی کر دی۔,N/A,24_news,15:52:PM
انسانی اسمگلنگ میں ملوث منظم نیٹ ورک کے 3 ملزم گرفتار,"Jul 04, 2025",https://www.24urdu.com/04-Jul-2025/137278,"ترجمان ایف آئی اے کے مطابق انسانی اسمگلنگ میں ملوث منظم گروہ کے خلاف کامیاب کارروائی کرتے ہوئے 3 ملزمان کو گرفتار کر لیا، کارروائی خفیہ اطلاع کی بنیاد پر کی گئی, گرفتار ملزموں میں صدام، داریش محمد اور محمد الیاس شامل ہیں، ملزمان کو چھاپہ مار کارروائی میں دین ٹریڈ سینٹر پشاور سے گرفتار کیا گیا۔ ترجمان کا کہنا ہے کہ ابتدائی تفتیش کے مطابق ملزم صدام پشاور سے لیبیا اور لیبیا سے یورپ انسانی اسمگلنگ میں ملوث تھا، ملزم متاثرہ افراد سے لاکھوں روپے بٹورنے میں ملوث پایا گیا۔ چھاپہ مار کارروائی میں ملزم سے 5 پاکستانی پاسپورٹ برآمد کیے گئے، ملزم صدام کی نشاندھی پر دریش محمد اور محمد الیاس کو موٹر بارگین پشاور سے گرفتار کیا گیا، گرفتار ملزمان کے قبضے سے انسانی اسمگلنگ کے شواہد، برآمد کر لیے گئے۔ ترجمان کا مزید کہنا ہے کہ ملزمان سے بین الاقوامی سمگلنگ نیٹ ورک رابطے اور یورپ روانگی کے منصوبوں سے متعلق شواہد بھی حاصل کر لئے گئے ہیں۔",N/A,24_news,13:01:PM
چودھری عدنان قتل کیس، سابق سینیٹر چودھری تنویر کی ضمانت منظور,"Jun 28, 2025",https://www.24urdu.com/28-Jun-2025/136643,ایڈیشنل سیشن جج چوہدری ماجد حسین نے وکلاء کے دلائل مکمل ہونے کے بعد محفوظ کیا گیا فیصلہ سنایا،عدالت نے چودھری تنویر کو 10،10 لاکھ روپے کے دو مچلکے جمع کروانے کا حکم دیا ۔ اس سے قبل کیس میں وکلاء کی جانب سے تفصیلی دلائل دیئے گئے تھے جس کے بعد عدالت نے گزشتہ روز فیصلہ محفوظ کیا تھا۔ خیال رہے کہ چودھری تنویر اس کیس میں گرفتار تھے اور انہوں نے ضمانت کے لیے عدالت سے رجوع کیا تھا، عدالت کی جانب سے ضمانت منظور ہونے کے بعد ان کی رہائی کی راہ ہموار ہو گئی ہے، چودھری عدنان کو 12 فروری کی شام پولیس لائنز گیٹ کے قریب فائرنگ کر کے قتل کیا گیا تھا، ملزموں کے خلاف تھانہ سول لائنز راولپنڈی میں قتل کا مقدمہ درج ہے۔ چوہدری عدنان 2018 میں راولپنڈی سے پنجاب اسمبلی کے حلقہ پی پی 11 سے پی ٹی آئی کے ٹکٹ پر رکن صوبائی اسمبلی منتخب ہوئے تھے تاہم 9 مئی کے واقعات کے بعد پارٹی سے علیحدگی کے باعث وہ حالیہ الیکشن میں آزاد حیثیت میں میدان میں اترے تھے۔,N/A,24_news,11:22:AM
لاہور: شیرکا شہریوں پر حملہ، مالکان کو گرفتار کرکے مقدمہ درج کرلیا گیا,"Jul 04, 2025",https://www.24urdu.com/04-Jul-2025/137274,ملزمان میں ملک اعظم عرف شانی،ملک غلام مرتضیٰ اوربہرام شامل ہیں، شیرکےحملہ کرنےسے2بچےاورایک خاتون زخمی ہوگئی تھی۔ مقدمہ میں اقدام قتل،شیرکوقابونہ رکھنےکی دفعات شامل کی گئیں ہیں، مقدمہ میں وائلڈلائف ایکٹ کی دفعات شامل کی گئی، شیر کو قابو کر کے وائلڈ لائف کے حوالے کر دیا گیا۔ پولیس نے زخمی بچہ ازہان کے والد کی مدعیت میں مقدمہ درج کیا،ایف آئی آر کے متن میں لکھا گیا ہے کہ شیر گزشتہ رات 9 بج کر 15 منٹ پر ڈیرہ کی دیوار پھلانگ کر گلی میں کود گیا،شیر نے گلی میں موجود 5 سالہ ازہان پر حملہ آور ہوا،شیر کو دیکھ کر گلی میں موجود افراد نے شور شرابہ کیا تو شیر نے 7 سالہ زوہا اور 30 سالہ ثمینہ پر بھی حملہ کر دیا۔ قریب کھڑے ملک شانی اور ملک ناظم شیر کا بچوں اور خاتون پر حملہ دیکھ کر خوش ہوتے رہے،ملک شانی اور ملک ناظم نے حملہ آور شیر نے خاتون اور دونوں بچوں کو بچانے کے لئے کوئی اقدام نہ کیا،حملہ آور شیر دوبارہ دیوار پھلانگ کر ڈیرہ میں خود ہی داخل ہوگیا۔ ملک ناظم اور ملک شانی واقعہ کے بعد شیر کے ہمراہ موقع سے فرار ہوگئے تھے جنہیں پولیس نے گرفتار کرلیا ہے۔ علاوہ ازیں ماڈل ٹاون کچہری میں بچوں پر شیر کے حملے کا معاملہ،عدالت نے شیر کو سفاری پارک منتقل کرنے کا حکم دے دیا،جوڈیشل مجسٹریٹ حسن سرفراز چیمہ نے تحریری حکم جاری کیا محکمہ وائلڈ لائف نے حملہ آور شیر کو قبضے میں لیکر عدالت میں پیش کیا،وائلڈ انسپکٹر نے افریقی شیر کو سفاری پارک منتقل کرنے کی استدعا کی۔ وائلڈ لائف انسپکٹر نے کہا کہ افریقی شیر کو 3 جولائی کی رات ملزم کے قبضے سے لیا گیا،ملزم نے افریقی شیر کو غیر قانونی طور پر اپنے پاس رکھا ہوا تھا۔ مجسٹریٹ حسن سرفراز چیمہ نے ریکارڈ کا جائزہ لینے کے بعد شیر کی سفاری پارک منتقلی کا حکم دیا۔,N/A,24_news,12:33:PM
عمر ایوب کی جناح ہاؤس حملے سمیت دیگر مقدمات میں عبوری ضمانت میں 8 اگست تک توسیع,"Jun 27, 2025",https://www.24urdu.com/27-Jun-2025/136560,انسدادِ دہشت گردی کی عدالت کے جج منظر علی گل نے ضمانت کی درخواستوں پر سماعت کی،عمر ایوب کی جانب سے ایک پیشی سے استثنیٰ کی درخواست دائر کی گئی جسے عدالت نے منظور کرلیا۔ یاد رہے کہ اپوزیشن لیڈر عمر ایوب نے جناح ہاؤس، عسکری ٹاور حملے اور پولیس اسٹیشن کو آگ لگانے کے تین مقدمات میں ضمانت کے لیے عدالت سے رجوع کر رکھا ہے۔,N/A,24_news,13:07:PM
بانی پی ٹی آئی کی ضمانت کی درخواستیں مسترد کرنے کا تحریری فیصلہ جاری,"Jul 03, 2025",https://www.24urdu.com/03-Jul-2025/137181,جسٹس سید شہباز علی رضوی کی سربراہی میں 2رکنی بینچ نے بانی پی ٹی آئی کی درخواست ضمانتوں کو مسترد کرنے کا7صفحات پر مشتمل تفصیلی فیصلہ جاری کیا، جس کے مطابق 2 رکنی بینچ نے ضانت کی 8 درخواستیں مسترد کردیں۔ فیصلے کے مطابق تمام مقدمات ممنوع جرائم اور ضابطہ فوجداری کے سیکشن 497 کے زمرے میں آتے ہیں، کیسز میں مزید تحقیقات کی ضرورت ہے،ٹرائل کورٹ نے بانی پاکستان تحریک انصاف کے پولی گرافک ٹیسٹ،فوٹو گرامیٹک ٹیسٹ اور وائس میچنگ ٹیسٹ کرانے کی اجازت بھی دی ہے۔ یہ بھی پڑھیں: عدالتی فیصلے میں مزید کہا گیاہے کہ بظاہر بانی پاکستان تحریک انصاف نے انویسٹی گیشن پراسیس میں تعاون نہیں کیا،ان کی تمام درخواستیں مسترد کی جاتی ہیں۔ واضح رہے کہ بانی پی ٹی آئی کی جانب سے بیرسٹر سلمان صفدر عدالت میں پیش ہوئے تھے جبکہ بانی پی ٹی آئی نے جناح ہاؤس حملہ کیس سمیت دیگر مقدمات میں ضمانت کے لیے ہائیکورٹ سے رجوع کیا تھا۔,N/A,24_news,14:06:PM
کراچی سے بھارتی خفیہ ایجنسی را کے 4 ایجنٹ گرفتار,"Jun 25, 2025",https://www.24urdu.com/25-Jun-2025/136364,"ایس ایس پی سپیشل انویسٹی گیشن یونٹ شعیب میمن نے کراچی میں پریس کانفرنس کرتے ہوئے بتایا کہ حساس ادارے اور ایس آئی یو نے مشترکہ کارروائی کرتے ہوئے بھارتی خفیہ ایجنسی را کے 4 ایجنٹوں کو گرفتار کرلیا ہے۔ ایس ایس پی سپیشل انویسٹی گیشن یونٹ شعیب میمن کا کہنا ہے کہ ملزمان کا تعلق ضلع سجاول سے ہے،چاروں ملزمان بھارتی کرنل رنجیت کے ساتھ رابطے میں تھے،ملزمان کے قبضے سے دھماکہ خیز مواد بھی ملا ہے۔ یہ بھی پڑھیں: انہوں نے کہاکہ چاروں ملزمان بھارتی خفیہ ایجنسی ""را"" کیلئے کام کرتے تھے،ان کا کام حساس فوجی تنصیبات کی تصاویراور جیو ٹیگ لوکیشن دینا تھا، ملزمان کے فون میں سے بھارتی نمبرز اور پاکستانی حساس تنصیبات کی تصاویربھی ملی ہیں۔ ایس ایس پی ایس آئی یوکے مطابق  ملزمان کے قبضے سے کار اور اسلحہ بھی برآمد کیا گیا ہے۔",N/A,24_news,11:57:AM
26 نومبراحتجاج کیس: تین ملزمان پر فرد جرم عائد,"Jun 25, 2025",https://www.24urdu.com/25-Jun-2025/136369,انسداددہشت گردی عدالت کے جج طاہرعباس سپرا نے کیس کی سماعت کی،عدالت نے تھانہ کراچی کمپنی کے مقدمہ میں تین ملزمان پر فرد جرم عائد کر دی،13جولائی کو اگلی سماعت پر استغاثہ گواہان کے بیانات ریکارڈ کروائے جائیں گے ۔ یہ بھی پڑھیں: بشریٰ بی بی اورعلی امین گنڈاپوربھی اس مقدمہ میں نامزد ملزمان ہیں،بشریٰ بی بی مقدمہ میں عبوری ضمانت پر ہیں،علی امین  اوربشریٰ بی بی کی حد تک تاحال مقدمہ کا چالان پیش نہیں ہوا۔,N/A,24_news,13:00:PM
title,date,url,content,category,source,reported_time
دفعہ 144 کی خلاف ورزی پر 148ملزمان گرفتار,"May 29, 2026",https://www.24urdu.com/29-May-2026/173397,قربانی کی کھالیں اکٹھی کرنے والی کالعدم تنظیموں کے خلاف بھی کارروائیاں کی گئیں اورضلعی انتظامیہ کی اجازت کے بغیر کھالیں اکٹھی کرنے والے 74 ملزمان کوگرفتارکرلیاگیا۔ یہ بھی پڑھیں: ڈی آئی جی آپریشنز محمد فیصل کامران کاکہناہے کہ غیر قانونی طور پر کھالیں اکٹھی کرنے پر 64مقدمات درج کئے گئے جبکہ سری پائے بھوننے والے 70 ملزمان کوگرفتارکرکے 49مقدمات درج کئے گئے۔,N/A,24_news,14:36:PM
قلعہ سیف اللّٰہ میں فائرنگ سے 3 افراد جاں بحق,"May 28, 2026",https://www.24urdu.com/28-May-2026/173339,اس حوالے پولیس کا کہنا ہے کہ ملزمان فرار ہونے میں کامیاب ہوگئے ہیں جن کی تلاش جاری ہے،پولیس نے کہا ہے کہ فائرنگ کاواقعہ پرانی دشمنی کا شاخسانہ بتایا جا رہا ہے۔,N/A,24_news,18:51:PM
نو سالہ بچی کی زبردستی شادی کروانےوالا باپ گرفتار، دولہا اور نکاح خواں مفرور,"May 22, 2026",https://www.24urdu.com/22-May-2026/172682,(عبدالجبار ابڑو) شکارپور میں نو سالہ کمسن بچی کی  شادی کروانے  کے مقدمہ میں بچی کے  والد غلام مصطفیٰ جتوئی کو گرفتار کرلیا گیا ہے۔  بچی حمیرہ کی 28 سالہ شخص سرور جتوئی کے ساتھ شادی کروائی گئی تھی۔ شکارپور پولیس نے   واقعے کا مقدمہ چائلڈ پروٹیکشن ایکٹ کے تحت درج کیا۔ مرکزی مجرم نام نہاد دولہا مفرور ہے۔ صرف نو سال کی بچی کا نام نہاد  نکاح پڑھانے والا مولوی بھی مفرور ہے۔ پولیس نے بتایا ہے کہ اس نام نہاد   شادی کی تقریب میں شامل ہونے والے دیگر افراد کے  خلاف بھی قانونی کارروائی عمل میں لائی جا رہی ہے۔ شکار پور کے کچے کے گاؤں گوٹھ غلام سرور راجھانی جتوئی میں نو  سال کی بچی  کی 28  سال کے شخص کے ساتھ شادی کروائی گئی تھی۔ شکایت ملنے پر پولیس نے بچی  کو حفاظتی تحویل میں لے لیا تھا۔,N/A,24_news,01:00:AM
"خیر پور میں ""کاری"" قرار دے کر ماری گئی بچی کی والدہ انصاف کیلئے عدالت پہنچ گئیں","May 22, 2026",https://www.24urdu.com/22-May-2026/172747,"(24 نیوز) خیرپور میں ""کاری کی ماں"" انصاف مانگنے کے لئے عدالت آ گئی۔ خاتون نے پولیس پر بے یقینی ظاہر کرتے ہوئے اپنی مدعیت میں مقدمہ درج کرنے کا مطالبہ کر دیا۔  خالدہ چانڈیو کو جاہل بے حس مردوں کے گروہ نے ""کاری"" قرار دے کر  بے دردی سے قتل کر دیا تھا۔ پولیس نے ""ریاست کی مدعیت"" میں مقدمہ درج کیا۔ آج مقتولہ خالدہ چانڈیو کی ریاست  کی مدعیت میں درج مقدمے کو ماننے سے انکار کرتے ہوئے سیشن عدالت میں درخواست دائر کردی کہ قاتلوں کے خلاف مقدمہ ان کی مدعیت میں درج کیا جائے کیونکہ ان کو پولیس پر بالکل بھی اعتماد نہیں۔ تفصیلات کے مطابق خیرپور کے علاقے رپور میں ‘کاری’ قرار دے کر بے دردی سے قتل کی جانے والی خاتون خالدہ چانڈیو کے کیس میں اہم ٹویسٹ آ گیا جب مقتول بچی کی والدہ خود مدعی بننے کے لئے عدالت پہنچ گئیں۔ مقتولہ خالدہ چانڈیو  کی والدہ نے پولیس پر عدم اعتماد کا اظہار کرتے ہوئے سیشن عدالت سےدرخواست کی کہ ریاست کی مدعیت مین درج کی گئی ایف آئی آر کو منسوخ کر کے ان کی ہی مدعیت میں ایف آئی آر درج کی جائے۔ قتل کے مقدمہ میں ایف آئی آر ہی بنیادی دستاویز ہوتی ہے جس پر قاتل یا قاتلوں کو سزا ہونے کا بیشتر انحصار ہوتا ہے۔ اسی دوران خیر پور کے  ڈپٹی کمشنر کی تحقیقاتی کمیٹی نے بھی اس المناک واقعے کی لرزہ خیز رپورٹ جاری کر دی ہے۔ یہ بھی پڑھیں: مقتولہ خالدہ چانڈیو کی والدہ نے سیشن عدالت خیرپور میں موقف اختیار کیا ہے کہ انہیں پولیس پر بالکل اعتماد نہیں ہے۔انہوں نے عدالت سے استدعا کی ""میری بیٹی کے قتل کا مقدمہ سرکار کی مدعیت میں درج کرنا ہمیں قبول نہیں ہے۔ اس لرزہ خیز قتل کا مقدمہ میری اپنی (والدہ کی) مدعیت میں درج کرنے کا حکم دیا جائے۔” مقتولہ خالدہ چانڈیو کو  قاتلوں نے ایک ہجوم کی صورت میں حملہ کر کے قتل کر دیا تھا اور یہ حملہ باقاعدہ منصوبہ بندی کر کے کیا تھا۔ پولیس حکام بتاتے ہیں کہ اس  واقعے کے بعد   20 سے زائد ملزمان کو گرفتار کیا جا چکا ہے اور دیگر کی تلاش جاری ہے۔ ، ڈپٹی کمشنر خیرپور کی تحقیقاتی کمیٹی نے واقعے کی تفصیلی رپورٹ جاری کر دی، جس میں تصدیق کی ہے کہ خالدہ خاتون کو  ""ہجوم"" نے  کاری قرار دے کر قتل کیا۔ تحقیقاتی کمیٹی nے اپنی رپورٹ میں زور دیا ہے کہ مقتولہ کے لواحقین کے ساتھ ہر صورت انصاف ہونا چاہیے اور واقعے میں ملوث تمام مجرموں کو کڑی سزا ملنی چاہیے۔ قانونی ماہرین کا کہنا ہے کہ ""ہجوم"" کے حملے کی ایف آئی آر میں سب سے بڑا  خلا یہی ہے کہ مقتولہ کے ساتھ عناد کی حقیقی وجہ رکھنے والے فرد یا افراد کی نشاندہی ایف آئی آر میں نہیں کی گئی اور قتل کے آلہ یا آلات کے ضمن میں بھی صریح نشاندہی نہیں۔ بعد مین عدالت کی کارروائی کے دوران ملزموں کے وکیل کسی خاص ملزم کے متعلق ایف آئی آر میں وجہ عناد موجود نہ ہونے، آلہ قتل کی برآمدگی نہ ہونے اور ""ہجوم"" کے حملہ کی آڑ لے کر یہ استدلال کرتے ہیں کہ موت کی وجہ بننے والی ضرب ان کے مؤکل نے نہیں لگائی ہو گی۔ ایسی ایف آئی آر مین وقتی اشتعال کو قتل کی وجہ تصور کر لیا جاتا ہے اور ""وقتی اشتعال"" کے تحت کیا جانے والا جرم عدالت کو  کم تر درجہ کی سزا کی طرف لے جاتا ہے۔ یہ بھی پڑھیں:",N/A,24_news,18:24:PM
عید کے روز گھریلو تنازع:شوہر نے  بیوی کو قتل کرکے خودکشی کرلی،بھابھی زخمی,"May 27, 2026",https://www.24urdu.com/27-May-2026/173249,پولیس کے مطابق سوات کے علاقے مٹہ شوخدڑہ میں عید کے روز افسوسناک واقعہ پیش آیا، جہاں گھریلو تنازع پر شوہر نے فائرنگ کردی، جس کے نتیجے میں بیوی جاں بحق  اور بھابی زخمی ہوگئی۔ ابتدائی اطلاعات کے مطابق ملزم نے قتل کے بعد خود کو بھی گولی مار کر اپنی زندگی کا خاتمہ کرلیا، واقعے کے بعد پولیس نے تحقیقات شروع کردی ہے۔ یہ بھی پڑھیں,N/A,24_news,12:45:PM
زخمی ڈاکو کو گولیاں مار کر ہلاک کرنے والا شہری گرفتار,"Apr 11, 2024",https://www.24urdu.com/11-Apr-2024/98598,تفصیلات کے مطابق کراچی میں سپر ہائی وے پر جنجال گوٹھ میں زخمی ڈاکو کو  ایک شہری نے بلا ضرورت گولیاں مار دیں اور اس عمل کی ویڈیو بنا کر سوشل میڈیا پر پھیلا دی گئی۔ پولیس نے زخمی راہزن کو سرعام گولیاں مارنے کی ویڈیو سامنے آنے پر پولیس نے فائرنگ کرنے والے شہری کو گرفتار کرلیا۔ ڈی آئی جی ایسٹ اظفر مہسر  نے بتایا کہ گزشتہ روز 3 راہزن ایک  نوجوان سے موٹرسائیکل چھین رہے تھے تو اس نوجوان نے مزاحمت کی۔ راہزنوں نے مزاحمت کرنے والے نوجوان مطیع اللہ  کو گولی مار کر زخمی کردیا۔ جب یہ راہزن فرار ہورہے تھے تو شہریوں نے انہیں پکڑنے کی کوشش کی تو  انہوں  نے عوام پر فائرنگ کی جس سے ان کا اپنا ہی ایک ساتھی زخمی ہوگیا اور دو ڈاکو زخمی ساتھی کو چھوڑ کر فرار ہوگئے۔ زخمی نوجوان مطیع اللہ کے چچا جاوید نے موقع پر آ کر زخمی ڈاکو کو گولیاں مار کر ہلاک کردیا۔ ویڈیو سامنے آنے کے بعد ڈاکو کو گولیاں مارنے والے جاوید کو گرفتار کرکے مقدمہ درج کرلیا۔,N/A,24_news,23:24:PM
جعلی پاکستانی شناختی کارڈ بنانیوالے 14 افغان شہری گرفتار,"May 23, 2026",https://www.24urdu.com/23-May-2026/172818,ایف آئی اے کے مطابق ان ملزمان نے جعلی شناختی کارڈ کے لیے ایجنٹس کو 25 سے 28 لاکھ روپے دیے تھے۔ ملزمان جعلی پاکستانی شہریت پر سعودی عرب جانے کا منصوبہ بنا رہے تھے۔ ملزمان سے جعلی پاکستانی پاسپورٹس بھی برآمد ہوئے ہیں، اس واردات میں منظم بین الاقوامی نیٹ ورک ملوث ہے جو پاکستان اور افغانستان دونوں ممالک میں سرگرم ہے۔ ایف آئی اے کے مطابق اس واردات میں نادرا اور پاسپورٹ دفاتر کے کردار کا بھی جائزہ لیا جا رہا ہے۔,N/A,24_news,11:37:AM
پراپرٹی کنسلٹنٹ کے اغواء برائے تاوان کے سںنگین مقدمہ میں چارمجرموں کو سزا,"May 22, 2026",https://www.24urdu.com/22-May-2026/172683,چار مجرموں   کو 365/109 تعزیرات پاکستان کے تحت 2/2 سال قید اور 5/5 لاکھ روپے جرمانہ کی سزا  ہوئی ہے۔ سزا پانے والے مجرموں  میں مبین یوسف، منظور حسین، عرفان حسین اور علی بادشاہ شامل ہیں۔ مجرم علی بادشاہ کو ناجائز اسلحہ رکھنے کے جرم میں الگ سے 2 سال قید اور ایک لاکھ روپے جرمانہ کی سزا بھی سنائی گئی۔ ان مجرموں نے نومبر 2023 میں  ایک  پراپرٹی کنسلٹنٹ کو کروڑوں روپے تاوان کی خاطر اغواء کیا تھا۔ یہ بھی پڑھیں: اس مقدمہ میں ملزمان کی گرفتاری کے لئے جانے والی پولیس پارٹی کا اغواء کار اور جرائم پیشہ  افراد کے ساتھ انکاؤنٹر ہوا تھا جس میں پانچ افراد ہلاک ہو گئے تھے۔ پولیس پر فائرنگ کے دوران ہلاک مجرمان میں انتہائی سنگین مقدمات میں مطلوب خطرناگ ملزمان پائیو دین اور سلیمان بھی شامل تھے۔  انکاؤنٹر میں  ہلاک ہونے والے  ملزمان میں  اسرار اللہ، کامران حسین اور ذاکر اللہ بھی شامل ہیں۔ یہ بھی پڑھیں:,N/A,24_news,01:08:AM
کراچی میں آئس اور افیون کی سمگلر خاتون گرفتار ہو گئی,"May 24, 2026",https://www.24urdu.com/24-May-2026/172977,خاتون پیڈلر سے  2 کلو س 300 گرام  آئس اور  افیون برآمد  ہوئی۔ حفیظہ زوجہ پھل جان  تربت بلوچستان سے مسافر  بس کمیں بیٹھ کر منشیات کو اپنے گروہ کے پیڈلرز تک پہنچانے کے لئے کراچی  آ رہی تھی۔ موچکو چیک پوسٹ پر معمول کی تلاشی کے دوران اس کے ساتھ موجود بیگ سے  1359 گرام آئس اور 987 گرام افیون برآمد ہوئی۔ کراچی میں کوکین کا زہر بیچنے والی خاتون پیڈلر پنکی کا سکینڈل قومی توجہ کا مرکز بننے کے بعد سندھ میں کئی خاتون منشیات فروش گرفتار ہو چکی ہیں۔ دوسرے علاقہ سے منشیات لانے مین ملوث عورت کی یہ پہلی گرفتاری ہے۔ منشیات کی سمگلنگ میں ملوث منظم گروہ عورتوں کو منشیات کی چھوٹی کھیپیں سمگل کرنے کے لئے تواتر کے ساتھ استعمال کرتے ہیں۔ ایسی بیشتر عورتوں کا چیک پوسٹوں پر موجود اہلکاروں کو بھی پتہ ہوتا ہے لیکن یہ عورتیں رشوت دے کر مال کو نکال لے جانے کی عادی ہوتی ہیں۔  اب سندھ میں سختی ہونے کے نتائج موچکو چیک پوسٹ پر خاتون پیڈلر کی گرفتاری سے سامنے آئے ہیں۔ یہ بھی پڑھیں:,N/A,24_news,19:43:PM
پنکی منشیات کیس، پنجاب سے اہم ملزمان گرفتار,"May 22, 2026",https://www.24urdu.com/22-May-2026/172702,ذرائع کے مطابق اے این ایف کے ہاتھوں گرفتار ہونے والے یہ دونوں ملزمان غیر ملکی ہیں جن کا تعلق نائیجیریا سے بتایا جاتا ہے۔ ابتدائی معلومات کے مطابق گرفتار کیے گئے دونوں غیر ملکی ملزمان لاہور کے ایک بڑے ڈرگ نیٹ ورک سے منسلک تھے اور صوبے میں منشیات کی سپلائی میں ملوث تھے۔ ذرائع کا مزید کہنا ہے کہ یہ گرفتاریاں مرکزی ملزمہ پنکی کے موبائل فون سے حاصل ہونے والے ڈیٹا اور اہم معلومات کی روشنی میں عمل میں لائی گئی ہیں، جس کے بعد اس ہائی پروفائل کیس میں تفتیش کا دائرہ مزید وسیع کر دیا گیا ہے۔ اے این ایف نیٹ ورک سے جڑے دیگر ملزمان کی گرفتاری کے لیے بھی چھاپے مار رہی ہے۔,N/A,24_news,11:32:AM
کراچی :قربانی کا جانور خریدنے کیلئے جانیوالا لٹُ گیا,"May 22, 2026",https://www.24urdu.com/22-May-2026/172712,کراچی میں عیدِ قربان کے قریب آتے ہی سٹریٹ کرمنلز سرگرم ہو گئے ہیں، گزشتہ روز لانڈھی کے علاقے اسماعیل گوٹھ کے قریب قربانی کا جانور خریدنے کے لیے جانے والے ایک شہری سے لاکھوں روپے لوٹ لیے گئے اور مزاحمت کرنے پر ملزمان نے تیز دھار آلے کے وار کر کے شہری کو زخمی کر دیا۔ متاثرہ شہری کے مطابق وہ رقم لے کر جا رہا تھا کہ موٹر سائیکل پر سوار دو ملزمان نے اسے گھیر لیا اور اس سے 2 لاکھ 80 ہزار روپے کی نقدی چھین لی،شہری نے بتایا کہ جب اس نے مزاحمت کی تو ملزمان نے اس پر فائرنگ کرنے کی کوشش کی لیکن خوش قسمتی سے گولی نہیں چلی۔ اس کے بعد ملزمان نے اپنے پاس موجود تیز دھار آلے سے اس پر وار کر دیا، جس سے وہ زخمی ہو گیا۔ شہری نے پولیس کے رویے پر شدید مایوسی کا اظہار کرتے ہوئے بتایا کہ انہوں نے واقعے کے فوری بعد پولیس ہیلپ لائن پر کال کی، جس پر لانڈھی تھانے کی پولیس موقع پر پہنچی،تاہم پولیس اہلکاروں نے یہ کہہ کر کوئی بھی قانونی کارروائی کرنے سے انکار کر دیا کہ یہ علاقہ ان کی حدود میں نہیں آتا، حالانکہ واردات کی جگہ پر خود لانڈھی تھانے کی حدود کا بورڈ آویزاں تھا۔ متاثرہ شہری کا مزید کہنا تھا کہ انہوں نے حدود کے اسی تنازع کی وجہ سے شرافی گوٹھ تھانے سے رابطہ نہیں کیا، کیونکہ انہیں ڈر تھا کہ وہ بھی یہی کہہ کر ٹال دیں گے کہ یہ حدود ان کی نہیں بلکہ لانڈھی تھانے کی ہے۔ پولیس کی اس بے حسی کی وجہ سے زخمی شہری انصاف کے لیے دربدر ہے۔,N/A,24_news,12:53:PM
کچے کے علاقے میں 9 سالہ بچی کی شادی!,"May 21, 2026",https://www.24urdu.com/21-May-2026/172616,(24نیوز)کچے کے علاقے میں 9 سالہ بچی کی شادی کروادی گئی۔ 9 سالہ بچی کی شادی نوجوان عبدالرب سے کروائی گئی، شادی کی اطلاع ملنے پر پولیس نے کارروائی کرتے ہوئے بچی کو بازیاب کروالیا۔ پولیس کا کہنا ہے کہ دولہے سمیت دیگر افراد فرار ہوگئے،بچی کا تعلق  شکار پور کے علاقے محمداباغ سے ہے  جبکہ دولہے کا تعلق سکھر کے قادرہور تھانے کی حدود سے ہے ۔,N/A,24_news,16:30:PM
الیکٹرونکس کی سمگلنگ، 9 گرفتار، کمپنی کو پونے تین ارب روپے جرمانہ,"May 21, 2026",https://www.24urdu.com/21-May-2026/172619,فیڈرل بورڈ آف ریونیو نے کراچی کے جناح انٹرنیشنل ایئرپورٹ پر اربوں روپے کا  ایئر کارگو  سکینڈل بے نقاب ہونے کے بعد  کارگو ہینڈلنگ کمپنی جیریز ڈناٹا پر 2 ارب 70 کروڑ روپے جرمانہ عائد کر دیا کراچی ایئرپورٹ پر  الیکٹرانک کموڈٹیز  کی سمگلنگ کا ایک منظم نیٹ ورک بے نقاب ہوا،  جعلی گیٹ پاسز کے ذریعے آئی فون، لیپ ٹاپ، میک بکس اور آئی پیڈ  کسٹم ڈیوٹی اقدا کئے بغیر  ایئرپورٹ سے باہر منتقل کیے جاتے رہے۔ تحقیقات ہوئی تو  جیریز ڈناٹا کو غیر قانونی کلیئرنس سکینڈل میں ملوث پایا گیا۔  یہ بھی انکشاف ہوا کہ سامان کو  گڈز ڈیکلریشن اور کسٹمز ڈیوٹی کی ادائیگی کے بغیر تسلسل کے ساتھ  کلیئر کیا جاتا رہا۔ جعلی گیٹ پاسز  بننے اور اور ریکارڈ حذف کرنے کے وسیع سلسلہ کا بھی انکشاف ہوا۔  ایئر وے بلز چھپانے، جعلی گیٹ پاسز بنانے اور کمپیوٹر ریکارڈ حذف کرنے جیسے سنگین جرائم سامنے آئے۔ ایف بی آر نے اس کمپنی سے 22 کروڑ 10 لاکھ روپے ڈیوٹی اور ٹیکس ریکوری کا بھی حکم جاری کر دیا جیریز ڈناٹا کے سسٹم سے جعلی گیٹ پاسز جاری ہونے کے شواہد ملے ہیں۔ اس معاملہ میں  تحقیقات کے دوران گرفتار ہونے والی ایک خاتون ملازمہ نے دورانِ اعتراف کیا کہ اس نے سپروائزرز کی ہدایات پر جعلی پاسز جاری کیے۔ یہ بھی پڑھیئے: کسٹمز حکام نے اس کے بعد  8 افراد کو گرفتار کر لیا ، جن میں جیریز ڈناٹا کے 5 ملازم شامل ہیں۔ گرفتار کارگو ایجنٹ نے انکشاف کیا کہ روزانہ بنیاد پر ہو رہی سمگلنگ کا یہ نیٹ ورک کئی برسوں سے سرگرم تھا۔ کسٹمز افسران اور اہلکاروں سے بھی تحقیقات  کی جا رہی ہے لیکن اب تک کسی کسٹم افسر کو گرفتار نہیں کیا گیا۔   وفاقی ٹیکس محتسب نے بھی بڑے پیمانے پر کارگو فراڈ کی تصدیق کر دی ہے۔ اس کارروائی کے بعد ملک بھر کے ایئر کارگو سسٹمز کی نگرانی مزید سخت کر دی گئی ہے۔ یہ بھی پڑھیں:,N/A,24_news,16:59:PM
سانحہ 9 مئی ؛صنم جاوید کی درخواست سماعت کے لئے مقرر,"May 30, 2026",https://www.24urdu.com/30-May-2026/173458,لاہور ہائیکورٹ کے جسٹس سید شہباز علی رضوی کی سربراہی میں دو رکنی بینچ 2 جون کو سماعت کرے گا۔ دو رکنی بینچ نے پراسیکیوشن کو نوٹس جاری کرتے ہوئے جواب طلب کر رکھا ہے،انسداد دہشت گردی عدالت لاہور نے مقدمہ نمبر 768/23 میں صنم جاوید کو پانچ سال قید کی سزا سنا رکھی ہے۔ یہ بھی پڑھیں: صنم جاوید نے لاہور ہائیکورٹ میں سزا کے خلاف اپیل اور سزا معطلی کی درخواست دائر کر رکھی ہے۔,N/A,24_news,12:47:PM
خواتین کی سمگلنگ میں ملوث بین الاقوامی نیٹ ورک بے نقاب ، 2 خواتین فلائٹ سے آف لوڈ,"May 22, 2026",https://www.24urdu.com/22-May-2026/172785,(عمران مہر) ایف آئی اے نے ملتان میں خواتین کے جنسی استحصال میں ملوث بین الاقوامی نیٹ ورک کو بے نقاب کر کے ملتان ائیرپورٹ سے اس گینگ کے 5 ایجنٹوں اور سہولت کاروں کو  گرفتار کر لیا۔ اس گروہ کے ارکان نے بعض خواتین کو  فیملی ویزا پر عمان بھجوانے کی کوشش کی۔ ان خواتین کو عمان میں جنسی استحصال کا نشانہ بنایا جانا تھا۔ انہیں بیرون ملک ملازمت اور دولت کی فراوانی کا جھانسہ دیا گیا تھا۔ ایف آئی اے حکام  نے بروقت کارروائی کر کے دو خواتین کو فیک دستاویزات اور غلط بیانی کے ذریعہ بیرون ملک لے جانے کی کوشش کو ناکام بنا دیا اور گروہ کے پانچ افراد کو گرفتار کر لیا۔ جعلی معلومات اور دھوکہ دہی سے ویزے حاصل کرنے کے عمل میں معاونت کرنے والے افراد کے متعلق بھی تحقیقات کی جا رہی ہے۔ ایف آئی اے کے ھکام نے بتایا کہ  انسانی اسمگلروں نے خواتین کو ملازمت اور بہتر زندگی کا جھانسہ دیا۔ ملتان ائیرپورٹ سے پکڑے گئے افراد کو  اینٹی ہیومن ٹریفکنگ سرکل کے حوالے کردیا گیا ہے۔,N/A,24_news,22:51:PM
انمول عرف پنکی کے جسمانی ریمانڈ میں توسیع کی درخواست پر فیصلہ محفوظ,"May 22, 2026",https://www.24urdu.com/22-May-2026/172718,ضلع جنوبی کے دیگر مقدمات کی سماعت جاری ہے، تفتیشی افسرکے مطابق گارڈن تھانے میں درج مقدمے کو ملزمہ کو جیل کسٹڈی کیا گیا تھا،سیشن عدالت نے ڈیوٹی مجسٹریٹ کا فیصلہ کالعدم قرار دیا تھا۔ یہ بھی پڑھیں: تفتیشی افسرکے مطابق منشیات کے نیٹ ورک سے متعلق تفتیش کے لئے جسمانی ریمانڈ دیا جائے،بوٹ بیسن اور ڈیفنس تھانے میں مقدمات میں ملزمہ انمول عرف پنکی کے رائیڈرز کو گرفتار کیاگیا تھا،ملزمہ مقدمات میں مفرور تھی اور تفتیش کے لئے جسمانی ریمانڈ ضروری ہے۔,N/A,24_news,14:06:PM
عدالت سے فراڈ کرنیوالے مجرم اور ضامن کیخلاف مقدمہ درج کرنے کا حکم,"May 22, 2026",https://www.24urdu.com/22-May-2026/172723,جی ایچ کیو حملہ کیس میں سزا یافتہ چوہدری آصف علی کےضامن کا شیورٹی بانڈ جعلی نکلا۔ عدالت نے ضامن آغا عمارالحق کے خلاف تھانہ سول لائن میں مقدمہ درج کرنے کا حکم دے دیا۔ مجرم چوہدری آصف علی کو دورانِ ٹرائل عدالت سے بھی غیر حاضر پایا گیا اور مجرم کے ضامن نے شیورٹی بانڈ میں جس اراضی کی فرد جمع کروائی وہ جعلی نکل آئی۔ ضامن نے چک جلال الدین کی اراضی کی فرد کو شیورٹی بانڈ کے طور پر جمع کروایا تھا، جس کے بارے میں متعلقہ پٹواری کی رپورٹ میں بتایا گیا ہے کہ اس شخص کی اراضی موجود ہی نہیں۔ واضح رہے کہ اے ٹی سی کے جج امجد علی شاہ نے گزشتہ روز مجرم آصف علی سمیت 12 ملزمان کے ضمانتی مچلکے ضبط کرنے کا حکم دیا تھا۔ اس سے قبل عدالت نے مجرم چوہدری آصف علی کو اشتہاری قرار دے کر 10 سال قید کی سزا سنائی تھی۔,N/A,24_news,14:23:PM
بیٹی کے جہیز کےلیے بکرے فروخت کرنے والے شہری کو جعلی نوٹ دینے والے ملزمان گرفتار,"May 26, 2026",https://www.24urdu.com/26-May-2026/173165,ترجمان ڈی آئی جی آپریشنز کے مطابق بیٹی کے جہیز کے لیے بکرے فروخت کرنے والے ایک شہری کو جعلی نوٹ دیے گئے تھے۔ متاثرہ شہری کو سامان کی خریداری کے دوران دکاندار سے نوٹ جعلی ہونے کا علم ہوا، جس پر اس کی درخواست پر فوری قانونی کارروائی شروع کی گئی۔ پولیس کے مطابق جعلی کرنسی کے کاروبار میں ملوث ملزمان ندیم اور اکرم کو گرفتار کر لیا گیا ہے، جبکہ ابتدائی تحقیقات میں انکشاف ہوا کہ ملزم ملک ندیم 2013 سے جعلی کرنسی کے دھندے میں ملوث ہے۔ ترجمان کا کہنا ہے کہ ملزم جعلی نوٹوں کے کاٹن درہ آدم خیل سے منگواتا تھا، جہاں ایک کاٹن میں تقریباً 5 لاکھ روپے مالیت کے جعلی نوٹ موجود ہوتے تھے۔ ملزم نے ہر 15 روز بعد 2 سے 4 کاٹن منگوانے کا بھی اعتراف کیا۔ تحقیقات کے مطابق جعلی کرنسی کے ذریعے حافظ آباد، شیخوپورہ، فیصل آباد، گوجرانوالہ اور لاہور سے بکرے خریدے جاتے تھے۔ ملزمان مختلف منڈیوں، ڈیلرز اور فارم مالکان سے جانور خرید کر جعلی رقم کو وائٹ کرنے کے لیے فروخت کرتے رہے۔ ترجمان آپریشنز ونگ کے مطابق ملزم نے متعدد افراد کو لاکھوں روپے مالیت کے بکرے، دنبے اور چھترے فروخت کرنے کا انکشاف بھی کیا ہے۔ ڈی آئی جی آپریشنز فیصل کامران کے مطابق ملزمان سے جعلی کرنسی سے خریدا گیا ایک بکرا اور گاڑی بھی برآمد کر لی گئی ہے، جبکہ دیگر سہولت کاروں کی گرفتاری کے لیے تحقیقات کا دائرہ وسیع کر دیا گیا ہے۔,N/A,24_news,14:52:PM
انمول پنکی کے مبینہ شوہر سابق انسپکٹرکیخلاف بھی مقدمہ درج ہوگا,"May 22, 2026",https://www.24urdu.com/22-May-2026/172709,عدالت نے سابق ڈی ایس پی آرگنائزڈ کرائم یونٹ رانااکرم کے خلاف ایف آئی آر کے اندراج کا حکم دے دیا۔ عدالت نے نگار چودھری کی درخواست پر ایس ایچ او کو مقدمہ درج کرنے کی ہدایت کردی،سابق انسپکٹر رانااکرم پر گھر میں غیر قانونی چھاپہ اور55 لاکھ روپے مالیت کا سامان لے جانے کا الزام ہے۔ یاسمین تبسم عرف نگار چوہدری کی درخواست پر عدالت نے دفعہ 22-A، 22-B کے تحت ایس ایچ او کو مقدمہ درج کرنے کی ہدایت کی ہے ۔سی سی پی او آفس کی انکوائری رپورٹ میں رانا محمد اکرم کو بدانتظامی اور غلط رویے کا ذمہ دار قرار دیا گیا تھا۔ایس ایس پی انٹرنل اکاؤنٹیبلٹی کی 5 اگست 2024 کی رپورٹ میں چھاپے سے متعلق سنگین بے ضابطگیوں کی نشاندہی کی گئی تھی۔ آرگنائزڈ کرائم یونٹ کی بعد ازاں انکوائری میں الزامات ثابت نہ ہونے کا مؤقف اختیار کیا گیا تھا،نگار چوہدری نے دوسری انکوائری رپورٹ کے خلاف اپیل دائر کر رکھی تھی۔اے آئی جی انسپیکشن اور اے آئی جی کمپلینٹس نے 21 جولائی 2025 کو ڈی نوو انکوائری کا حکم دیا تھا۔ یہ بھی پڑھیں: آئی جی پنجاب کے ذریعے عدالت کو آگاہ کیا گیا کہ رانا محمد اکرم 14 فروری 2025 کو ریٹائر ہو چکے ہیں،عدالت نے قرار دیا کہ ریٹائرمنٹ کے باوجود الزامات کی قانونی حیثیت ختم نہیں ہوتی ،درخواست میں گھر میں زبردستی داخل ہونے، غیر قانونی حراست اور دیگر قابل دست اندازی پولیس جرائم کے الزامات شامل ہیں،عدالت نے قرار دیا کہ شکایت میں قابل دست اندازی پولیس جرائم کے واضح عناصر موجود ہیں۔الزامات کی حقیقت کا تعین ایف آئی آر کے بعد تفتیش کے ذریعے کیا جا سکتا ہے۔ عدالتی حکم کے مطابق شکایت کو قانون کے مطابق رجسٹر کر کے تفتیش آگے بڑھائی جائے۔,N/A,24_news,12:43:PM
امیگریشن حکام کی جناح انٹرنیشنل ایئرپورٹ پرکارروائی،خاتون مسافر آف لوڈ,"May 26, 2026",https://www.24urdu.com/26-May-2026/173172,ایف آئی اے امیگریشن نے عمان جانے والی خاتون مسافر کرن منظور دختر منظور مسیح کو مشکوک پایا،مسافر کو جعلی شادی دستاویزات پر سفر کی کوشش کے دوران آف لوڈ کر دیا۔ ترجمان کے مطابق خاتون پاکستانی پاسپورٹ اور Relative Joining (Resident) ویزا پر عمان جا رہی تھی،دورانِ امیگریشن کلیئرنس خاتون نے دعویٰ کیا کہ اس نے ایک پاکستانی شہری سجاول سے شادی کی جس سے شادی کی وہ اس وقت عمان میں مقیم ہے،جانچ کے دوران پیش کردہ میرج سرٹیفکیٹ مشکوک پایا گیا جبکہ اس پر موجود کیوآر کوڈ اور بار کوڈ ویریفائی نہ ہو سکے۔ ترجمان ایف آئی اے کے مطابق خاتون نے بیان دیا کہ اس کی شادی ایک سال قبل ہوئی تھی،خاتون اپنے مبینہ شوہر اور سسرال سے متعلق بنیادی معلومات فراہم نہ کر سکی،دورانِ تفتیش اس کے بیانات اور دستاویزات میں متعدد تضادات بھی سامنے آئے، مشکوک دستاویزات اور غیر تسلی بخش معلومات کی بنیاد پر خاتون مسافر کو آف لوڈ کر کے مزید قانونی کارروائی کے لیے ایف آئی اے اے ایچ ٹی سی کراچی منتقل کر دیا گیا ہے۔ ترجمان ایف آئی اے کا مزید کہنا تھا کہ ایف آئی اے غیر قانونی امیگریشن، جعلی دستاویزات اور انسانی اسمگلنگ میں ملوث عناصر کے خلاف کارروائیاں جاری رکھے ہوئے ہے۔,N/A,24_news,17:54:PM
سانگھڑ:15 روز قبل شادی کرنیوالی نوجوان لڑکی قتل,"May 21, 2026",https://www.24urdu.com/21-May-2026/172590,غیرت کے نام پر نوجوان لڑکی کے قتل کا واقعہ سانگھڑکے چک نمبر 81 مانگ میں پیش آیا۔ مقتولہ کے بھائی خمیسو کندانی، سسر فرید ابڑو اور ثالث احمد شاہ کوگرفتارکرلیاگیاجبکہ دیگر ملزمان کی گرفتاری کے لیے پولیس کے چھاپے جاری ہیں۔ پولیس کے مطابق لاش پوسٹ مارٹم کے لیے تحویل میں لے لی گئی ہے،مقتولہ کی شادی 15 روز قبل نوشکی کے علی نواز ابڑو سے ہوئی تھی، ابتدائی تفتیش کے مطابق لڑکی کو دو روز قبل بلوچستان سے واپس لایا گیا تھا۔ شازیہ مری کاکہناہے کہ غیرت کے نام پر قتل کا مقدمہ ریاست کی مدعیت میں درج ہوگا، واقعے میں ملوث تمام ملزمان کو کیفرِ کردار تک پہنچایا جائے گا،غیرت کے نام پر معصوم بچیوں کا قتل برداشت نہیں کیا جائے گا، فرسودہ ذہنیت کے نام پر انسانی جانوں سے کھیلنے کی اجازت نہیں دی جاسکتی۔ یہ بھی پڑھیں: شازیہ مری کے مطابق ذاتی رنجش پر بھی عورت کو جواز بناکر قتل اور فرسودہ سوچ کا سہارا لیا جاتا ہے،پولیس شفاف تحقیقات کرے اورمضبوط کیس بنائے تاکہ ملزمان اپنے انجام کو پہنچیں۔,N/A,24_news,13:17:PM
اڈیالہ جیل میں قیدی سے موبائل فون برآمد,"May 20, 2026",https://www.24urdu.com/20-May-2026/172438,جیل ذرائع کے مطابق موبائل فون گزشتہ شب برآمد کیا گیا جسے انتظامیہ نے اپنی تحویل میں لے لیا۔ ذرائع کا کہنا ہے کہ موبائل فون قتل کے مقدمے میں گرفتار قیدی ملک حماد سے برآمد ہوا،ملزم ملک حماد کے خلاف قتل کا مقدمہ صدر بیرونی پولیس سٹیشن میں درج ہے۔ یہ بھی پڑھیں: واقعے کے بعد جیل سکیورٹی اور نگرانی کے نظام سے متعلق تحقیقات بھی شروع کردی گئی ہیں۔,N/A,24_news,09:01:AM
لاہور میں جعلی سموں سے بینک فراڈ کرنے والا گروہ بے نقاب،  ایک بینکر سمیت 3 ملزمان گرفتار,"May 20, 2026",https://www.24urdu.com/20-May-2026/172482,ڈائریکٹر این سی ای آئی اے علی وسیم کے مطابق  ملزمان جعلی بائیومیٹرک کے ذریعے ڈپلیکیٹ سمیں حاصل کرتے تھے،ملزمان نے شہریوں کے آن لائن بینک اکاؤنٹس سے لاکھوں روپے منتقل کیے گئے۔ کارروائی میں 2 موبائل فون اور 11 سمیں برآمد کر لی گئیں،مقدمہ پیکا ایکٹ اور تعزیراتِ پاکستان کے تحت درج کیا گیا۔ یہ بھی پڑھیں علی وسیم نے بتایا کہ مزید سہولت کاروں کی گرفتاری کے لیے چھاپے جاری ہیں ۔,N/A,24_news,15:14:PM
ثناء یوسف قتل کیس کا تفصیلی فیصلہ جاری ،ملزم عمر حیات کو سزائے موت، 20لاکھ معاوضہ ادا کرنے کا حکم,"May 19, 2026",https://www.24urdu.com/19-May-2026/172406,(حاشر احسن وڑائچ) ایڈیشنل سیشن جج محمد افضل مجوکہ نے ثناء یوسف قتل کیس کا تفصیلی فیصلہ جاری کردیا ۔ عدالت نے جرم ثابت ہونے پر مرکزی ملزم عمر حیات کو سزائے موت کا حکم سنا دیا۔عدالت نے مجرم پر دفعہ 544-A ضابطہ فوجداری کے تحت 20 لاکھ روپے معاوضہ ادا کرنے کا حکم بھی دیا۔ فیصلے میں کہا گیا ہے کہ معاوضے کی رقم مقتولہ ثناء یوسف کے قانونی ورثاء کو ادا کی جائے گی، مجرم عمر حیات کو دفعہ 392 ڈکیتی کے تحت 10 سال قیدِ کی سزا سنائی گئی، ڈکیتی کے جرم میں مجرم پر 2 لاکھ روپے جرمانہ بھی عائد، عدم ادائیگی پر 2 ماہ مزید قیدِ ہوگی۔ عدالتی فیصلے کے مطابق مجرم کو دفعہ 499 کے تحت 10 سال قیدِ کی سزا اور دو لاکھ جرمانے کی سنائی گئی،مجرم عمر حیات کو دفعہ 411 کے تحت 1 سال قیدِ اور ایک لاکھ روپے جرمانہ کی سزا سنائی گئی، سزائے موت کے علاوہ قید کی تمام سزائیں بیک وقت شروع ہوں گی۔ عدالت نے وقوعہ میں استعمال ہونے والی کرائے کی فارچونر گاڑی اصل مالک کو مستقل طور پر واپس کرنے کا حکم دے دیا۔ عدالت نے کہاکہ مقتولہ ثناء یوسف کی عمر 17 سال تھی اور وہ ایک میڈیا انفلوئنسر تھی، ملزم عمر حیات کے خلاف تھانہ سنبل میں مقدمہ درج تھا۔ تحریری فیصلے میں کہا گیا ہے کہ وقوعہ 2 جون 2025 کو شام تقریباً 5 بجے سیکٹر G-13/1 میں پیش آیا تھا، ملزم پسٹل سے مسلح ہو کر مقتولہ کے گھر میں داخل ہوا اور ثناء یوسف کے سینے پر سیدھی گولیاں چلائیں، زخمی ثناء یوسف کو ہسپتال منتقل کیا گیا جہاں وہ زخموں کی تاب نہ لاتے ہوئے دم توڑ گئیں۔ عدالت نے کہاکہ ملزم عمر حیات کو پولیس نے جڑانوالہ سے گرفتار کیا تھا، ملزم کے قبضے سے مقتولہ ثناء یوسف کا غائب شدہ موبائل فون برآمد کیا گیا، ملزم عمر حیات کی نشاندہی پر آلۂ قتل 30 بور پسٹل برآمد ہوا، ملزم کے خلاف ناجائز اسلحہ رکھنے پر الگ مقدمہ درج کیا گیا۔ تفصیلی فیصلے میں مزید کہا گیا ہے کہ ملزم نے وقوعہ کیلئے جی الیون مرکز سے 12 ہزار روپے کرائے پر فارچونر گاڑی حاصل کی تھی، ملزم عمر حیات نے اسسٹنٹ کمشنر اسلام آباد کے سامنے دفعہ 164 کے تحت اعترافی بیان بھی ریکارڈ کروایا تھا، عدالت نے 20 ستمبر 2025 کو ملزم پر فردِ جرم عائد کی تھی جس سے ملزم نے صحتِ جرم سے انکار کیا تھا ۔ عدالت نے کہاکہ استغاثہ کی جانب سے جرم ثابت کرنے کیلئے عدالت میں 27 گواہان کے بیانات قلمبند کروائے گئے، مقتولہ کی والدہ فرزانہ یوسف اور خالہ لطیفہ شاہ نے عدالت میں چشم دید گواہ کے طور پر بیانات ریکارڈ کروائے، گواہان نے 13 جون 2025 کو اڈیالہ جیل میں منعقدہ شناختی پریڈ کے دوران ملزم کو شناخت کیا تھا۔ عدالت کاکہنا تھا کہ پوسٹ مارٹم رپورٹ کے مطابق موت سینے پر گولی لگنے ل کے باعث ہوئی، ڈاکٹر کی رائے کے مطابق گولی لگنے اور موت کے درمیان تقریباً 2 سے 3 منٹ کا وقت تھا۔ یہ بھی پڑھیں:,N/A,24_news,20:39:PM
پنکی نیٹ ورک بے نقاب، ملک بھر کے مبینہ کلائنٹس کا ڈیٹا حاصل,"May 21, 2026",https://www.24urdu.com/21-May-2026/172604,ذرائع کے مطابق ملزمہ کے نیٹ ورک سے متعلق فہرست میں ملک بھر سے شامل افراد کی تفصیلات سامنے آئی ہیں، فہرست میں پنکی نیٹ ورک کے کلائنٹس کے نام، فون نمبرز اور پتے موجود ہیں۔ ذرائع کا کہنا ہے کہ مبینہ کلائنٹس کے موبائل نمبرز اور فرانزک ڈیٹا کی جانچ جاری ہے۔ کلائنٹس کا ڈیٹا سامنے آنے کے بعد کیس کی تحقیقات کا دائرہ مزید وسیع ہونے کا امکان ہے۔ یہ بھی پڑھیں,N/A,24_news,14:51:PM
ثنا یوسف قتل کیس کے مجرم کے خلاف عدالت کا ایک اور فیصلہ,"May 19, 2026",https://www.24urdu.com/19-May-2026/172409,(حاشر احسن وڑائچ)ٹک ٹاکر ثنا یوسف قتل کیس کے مجرم عمر حیات کو ایک اور مقدمے میں سزا سنادی گئی ہے۔ تفصیلات کے مطابق ڈسٹرکٹ اینڈ سیشن کورٹس اسلام آباد میں ثنا یوسف قتل کیس کے مجرم عمر حیات کو اسلحہ کے مقدمے میں بھی سزا سنادی ہے۔ عدالتی فیصلے کے مطابق مجرم کو اسلحہ کیس میں 2 سال قید، ایک لاکھ روپے جرمانے کی سزا سنائی گئی ہے، مجرم کو ایڈیشنل ڈسٹرکٹ اینڈ سیشن جج افضل مجوکہ کی جانب سے سزا سنائی گئی ہے۔ مجرم کو جرمانہ ادا نہ کرنے پر مزید ایک ماہ قید کاٹنا ہوگی۔ عدالت نے مجرم عمر حیات کو پاکستان آرمز آرڈیننس کی سیکشن 13 کے تحت سزا سنائی ہے جبکہ مقدمہ تھانہ سمبل میں درج تھا۔ واضح رہے کہ آج دوپہر کو اسلام آباد کی عدالت نے ثنا قتل کیس کے ملزم عمر حیات کو سزائے موت کی سزا سنائی ہے اور دیگر کیس میں بھی اسے سزا سنائی گئی ہے۔ یہ بھی پڑھیں:,N/A,24_news,20:49:PM
جوا ءایپ پروموشن کیس؛ رجب بٹ اورزرق کی ضمانتیں کنفرم,"May 20, 2026",https://www.24urdu.com/20-May-2026/172447,ایڈیشنل سیشن جج نعیم ذوالفقار نے جوا ءایپ کی پروموشن کےکیس میں یوٹیوبررجب بٹ اورزرق کی ضمانتیں کنفرم کردیں۔ ٹک ٹاکرندیم مبارک نے اپنی درخواست ضمانت میں2 جون تک تاریخ لے لی۔ یہ بھی پڑھیں: عدالت میں رجب بٹ کی طرف سے رانا معروف ایڈووکیٹ پیش ہوئے،ایف آئی اے کے مطابق رجب بٹ فی الوقت کیس میں مطلوب نہیں ہے۔,N/A,24_news,10:13:AM
جی ایچ کیو حملہ کیس؛ اشتہاری مجرمان کے ضمانتی مچلکے اور شوررٹی بانڈز ضبط کرنے حکم,"May 21, 2026",https://www.24urdu.com/21-May-2026/172592,راولپنڈی کی انسدادِ دہشت گردی عدالت میں جی ایچ کیو حملہ کیس کی سماعت ہوئی، جس میں عدالت نے 12 سزا یافتہ عدالتی اشتہاری مجرمان کے ضمانتی مچلکے اور شورٹی بانڈز ضبط کرنے کا حکم دے دیا۔ عدالت نے مجرمان کے ضامنوں کو جاری کیے گئے شوکاز نوٹسز کے جوابات کو غیر تسلی بخش قرار دیتے ہوئے ان پر ایک ایک لاکھ روپے جرمانہ بھی عائد کیا،جرمانے کی رقم ادا نہ کرنے کی صورت میں ضامنوں کو چھ چھ ماہ قید کی سزا بھگتنا ہوگی۔ سزا یافتہ مجرمان میں عمر ایوب، زرتاج گل، کنول شوزب، اشرف سوہنا ،بلال اعجاز ،راشد شفیق، احمد چٹھہ، بلال اعجازاور رائے حسن مرتضیٰ شامل ہیں۔ عدالت نے جی ایچ کیو حملہ کیس میں 5 مئی کو 47 اشتہار ملزمان کو دس دس سال قید کی سزائیں سنائی تھی جن میں12 مجرمان نے عدالت سے عبوری ضمانت حاصل کی تھی۔ یہ بھی پڑھیں: عدالت نے کہاکہ اے ٹی سی راولپنڈی میں زیر سماعت 9 مئی کے مقدمات میں اشتہاری ملزمان کے خلاف بھی کارروائی کا آغاز کیا جائے،فیصلہ انسداد دہشت گردی عدالت کے جج امجد علی شاہ نے سنایا۔,N/A,24_news,13:28:PM
حج کرپشن کیس ؛سابق وفاقی وزیر کی بریت کیخلاف درخواستیں خارج,"May 21, 2026",https://www.24urdu.com/21-May-2026/172606,کیس کی سماعت جسٹس ہاشم خان کاکڑ کی سربراہی میں تین رکنی بینچ نے کی، وکیل نے کہا کیس کے چوتھے ملزم احمد فیض پہلے ہی بری ہوچکے ہیں، عدالت نے سابق ڈی جی حج راؤ شکیل اور سابق جوائنٹ سیکرٹری آفتاب راجہ کی بریت کے خلاف بھی درخواستیں خارج کردیں۔ جسٹس ہاشم کاکڑ نے کہا ملزمان اب تو بوڑھے ہوچکے ہوں گے، ہوسکتا ہے اللہ کو پیارے ہوچکے ہوں گے یا ہونے والے ہوں گے، اب ان میں سے کسی نے الیکشن بھی شاید نہ لڑنا ہو۔ یہ بھی پڑھیں: عدالت نے سابق وفاقی وزیر حامد سعید کاظمی، سابق ڈی جی حج راؤ شکیل اور سابق جوائنٹ سیکرٹری آفتاب راجہ کی بریت کے خلاف درخواستیں خارج کردیں۔,N/A,24_news,15:01:PM
تربت میں مسلح افراد کی فائرنگ سے سی ٹی ڈی اہلکار شہید,"May 19, 2026",https://www.24urdu.com/19-May-2026/172414,تفصیلات کے مطابق ملک آباد کے علاقے میں نامعلوم مسلح افراد نے سی ٹی ڈی اہلکار کو فائرنگ کا نشانہ بنایاجس کے نتیجے میں سی ٹی ڈی اہلکار  شہید ہوگئے۔ پولیس ذرائع  شہید اہلکار کی شناخت  شبیر احمد آسکانی کے نام  سے ہوئی ،لاش کو پوسٹ مارٹم کے لیے ہسپتال منتقل کردیا گیاجبکہ واقعے کے محرکات کے بارے میں تحقیقات شروع کردی  گئی ہیں۔,N/A,24_news,21:04:PM
مومنہ اقبال کو ہراساں کرنے والا ایم پی اے ثاقب خان چدھڑ نکلا,"May 21, 2026",https://www.24urdu.com/21-May-2026/172569,اداکارہ مومنہ اقبال نے اپنی درخواست میں الزام عائد کیا تھا کہ انہیں ایک بااثر سیاسی شخصیت کی جانب سے طویل عرصے سے آن لائن ہراسانی، سائبر بُلنگ، ذہنی دباؤ اور جان سے مارنے کی دھمکیوں کا سامنا ہے۔ اداکارہ نے انسٹاگرام اسٹوری پر ایک تفصیلی بیان جاری کرتے ہوئے کہا تھا کہ انہوں نے اس معاملے کی متعدد بار این سی سی آئی اے، ایف آئی اے اور پنجاب پولیس کو شکایات درج کروائیں لیکن مبینہ سیاسی اثر و رسوخ کے باعث کارروائی نہیں ہوسکی،انصاف فراہم کرنے کے بجائے ان کی حوصلہ شکنی کی گئی جبکہ انہیں اور ان کے اہلخانہ کو شدید خطرات لاحق ہیں۔ انہوں نے اپنی پوسٹ میں وزیر اعلیٰ پنجاب مریم نواز سمیت متعلقہ حکام سے مطالبہ کیا تھا کہ معاملے کی شفاف اور غیرجانبدارانہ تحقیقات کی جائیں اور ان کے خاندان کو فوری تحفظ فراہم کیا جائے۔ اداکارہ نے اعلیٰ حکام، اہم سرکاری دفاتر، نیوز چینلز اور مختلف میڈیا پلیٹ فارمز کو بھی اپنی پوسٹ میں ٹیگ کیا تھا۔ اداکارہ نے اپنی ایک اور اسٹوری میں این سی سی آئی کی جانب سے لیے جانے والے ایکشن پر مریم نواز کا شکریہ ادا کیا اور ساتھ ہی یہ بھی کہا کہ میرے آفیشل بیان ریکارڈ کروانے سے قبل کسی پر الزام عائد اور کسی کا نام نہ لیا جائے۔ یہ بھی پڑھیں: مومنہ اقبال نے کہا کہ انہیں مزید خواتین کے بھی میسجز موصول ہورہے ہیں جنہوں نے اسی ایم پی اے کی جانب سے ہراساں کرنے کا بتایا ہے۔,N/A,24_news,10:49:AM
بشریٰ بی بی کی ضمانت قبل از گرفتاری میں 23 جولائی تک توسیع,"May 21, 2026",https://www.24urdu.com/21-May-2026/172587,انسدادِ دہشت گردی عدالت میں 26 نومبر احتجاج کیسز سے متعلق بشریٰ بی بی کے خلاف درج 12 مقدمات کی سماعت ہوئی جہاں عدالت نے ان کی ضمانت قبل از گرفتاری میں 23 جولائی تک توسیع کر دی۔ انسداددہشت گردی عدالت کے جج ابوالحسنات محمد ذوالقرنین نے کیس پر سماعت کی،بشریٰ بی بی کی جانب سے انصر کیانی ایڈووکیٹ عدالت میں پیش ہوئے۔ یہ بھی پڑھیں: بشریٰ بی بی پر کارکنان کو اشتعال دلانے سمیت دیگر الزامات ہیں،ان کے خلاف تھانہ رمنا ،ترنول، سیکرٹریٹ سمیت دیگر میں دہشت گردی کی دفعات کے تحت مقدمات درج ہیں۔,N/A,24_news,12:53:PM
جعلی نوٹوں سے قربانی کے جانور خریدنے والا گروہ متحرک، شاطر کارندہ دھر لیا گیا,"May 21, 2026",https://www.24urdu.com/21-May-2026/172570,پولیس کے مطابق لاہور میں شاہدرہ ٹاؤن کے علاقے میں جعلی نوٹوں سے قربانی کے جانور خریدنے والے نیٹ ورک کا شاطر کارندہ گرفتار کرلیا گیا ہے۔ ملزم عید قرباں کے موقع پر معصوم بیوپاریوں سے نوسر بازی کر رہا تھا۔ ایس پی سٹی کے مطابق تھانہ شاہدرہ اور شاہدرہ ٹاؤن میں درخواستیں موصول ہونے پر مقدمات درج  کرلیے گئے ہیں اے ایس پی کی سربراہی میں ٹیم تشکیل دے کر 12 گھنٹوں میں ملزم کو گرفتار کرلیا گیا ہے۔ ملزم نے شاہدرہ اور شاہدرہ ٹاؤن کے علاقوں میں بیوپاریوں سے بکرے خریدے اور جعلی نوٹ دے کر رفو چکر ہو گیا۔ ملزم رقم کی ادائیگی کے وقت جلد بازی کرتا اور رقم کو فوری بیوپاریوں کی جیب میں ڈال دیتا، بعد ازاں بیوپاری مارکیٹ جاتے تو جعلی نوٹوں کا پتا چلتا۔ پولیس کے مطابق ملزم اسد کی گرفتاری کے لیے جدید ٹیکنالوجی اور کیمروں سے مدد حاصل کی گئی ہے۔ ملزم نیٹ ورک کے ذریعے پشاور سے جعلی نوٹ منگواتا  تھا، جسے گرفتار کر کے مزید تحقیقات کے لیے انویسٹیگیشن اور ایف آئی اے حوالے کیا گیا ہے۔,N/A,24_news,10:59:AM
دادو میں سفاک باپ نے 15 سالہ بیٹے کو قتل کر دیا,"May 20, 2026",https://www.24urdu.com/20-May-2026/172476,یہ دلخراش  واقعہ تھانہ بی سیکشن کی حدود گاؤں امید دیرو میں پیش آیا ،واردات کے بعدملزم فرارہوگیا۔ ابتدائی اطلاعات کے مطابق ملزم رزاق میمن نے اپنے 15 سالہ بیٹے محمد علی میمن پر تیز دھار آلے سے حملہ کیا، شدید زخمی حالت میں اہلِ علاقہ نے بچے کو تحصیل ہسپتال میہڑ منتقل کیا، لیکن وہ زخموں کی تاب نہ لاتے ہوئے دم توڑ گیا۔ پولیس نے ضروری کارروائی کے بعد لاش والدہ کے حوالے کر دی، لاش گاؤں پہنچنے پر فضا سوگوار ہو گئی۔ یہ بھی پڑھیں: مقامی لوگوں کا کہنا ہے کہ بی سیکشن پولیس تاحال ملزم کو گرفتار نہیں کر سکی ، واقعہ کی مزید تحقیقات جاری ہیں،واقعہ کا سبب معلوم نہیں ہوسکا۔,N/A,24_news,14:33:PM
شہری کا اغواء؛اداکار منیب بٹ نے ضمانت قبل از گرفتاری کروالی,"May 21, 2026",https://www.24urdu.com/21-May-2026/172597,اداکار منیب بٹ کے خلاف شہری کے اغوا کا مقدمہ سامنے آگیاجس کے بعدمنیب بٹ نےگرفتاری سے بچنے کےلئے عدالت سے رجوع کرلیااور ضمانت قبل از گرفتاری حاصل کرلی۔ عدالت نے اداکار منیب احمد بٹ کو ایک لاکھ روپے کے مچلکے جمع کرانے کا حکم دے دیا،عدالت نے تفتیشی افسر اور سرکاری وکیل کو طلب کرلیاہے۔ وکیل صفائی کے مطابق منیب احمد بٹ بے گناہ ہیں اور ان پر عائد الزامات بے بنیاد ہیں، مقدمہ ایک دن کی تاخیر سے درج ہوا جس کی کوئی وضاحت نہیں دی گئی، منیب احمد بٹ نے اسلام آباد ہائیکورٹ سے حفاظتی ضمانت حاصل کی مگر پولیس گھر میں چھاپے مار رہی ہے۔ یہ بھی پڑھیں: پراسیکیوشن کے مطابق 22 اپریل کو ایئرپورٹ جاتے ہوئے شہری متعال خان کو مسلح و دیگر ملزمان گاڑی میں بٹھا کر اپنے ساتھ لے گئے،ملزمان نے شہری کے کرپٹو اکاؤنٹ اور بینک اکاؤنٹ سے رقم نامعلوم اکاؤنٹ میں منتقل کی ،ملزمان نے شہری کے 8600 امریکی ڈالر اور 24 لاکھ روپے سے زائد پاکستانی رقم منتقل کی،ملزمان نے شہری کے لیپ ٹاپ و موبائل کا لاک کھلوا کر ڈیٹا ڈیلیٹ کیا، ملزمان شہری کو کورنگی انڈسٹریل ایریا میں چھوڑ کر فرار ہوگئے تھے،تفتیش کے دوران اداکار منیب احمد بٹ کا نام سامنے آیا ہے۔,N/A,24_news,14:05:PM
ایمان مزاری اور ہادی علی چٹھہ کی سزا معطلی کی درخواستیں سماعت کیلئے مقرر,"May 21, 2026",https://www.24urdu.com/21-May-2026/172611,اسلام آباد ہائیکورٹ کے جسٹس اعظم خان نےاس حوالے سے تحریری حکم نامہ جاری کردیا،حکم نامے کے مطابق سپریم کورٹ کے آرڈر کی مصدقہ کاپی عدالت میں جمع کروا دی گئی ہے۔ حکم نامےمیں کہاگیاہے کہ  سپریم کورٹ کے آرڈر کے مطابق سزا معطلی درخواستوں پر دو ہفتے میں فیصلہ کرنے کی ہدایت کی گئی ہے. یہ بھی پڑھیں: سزا معطلی درخواستوں پر این سی سی آئی اے حکام کو یکم جون کے لیے نوٹس جاری کردیئے گئے ہیں۔,N/A,24_news,15:44:PM
انمول پنکی کے سہولت کار کون؟ ایڈیشنل آئی جی کراچی کا اہم بیان سامنے آگیا,"May 21, 2026",https://www.24urdu.com/21-May-2026/172605,تفصیلات کے مطابق ایڈیشنل آئی جی آزاد خان نے انمول عرف پنکی کیس کے حوالے سے اہم گفتگو کرتے ہوئے اسے ایک انتہائی سنگین سماجی مسئلہ قرار دیتے ہوئے واضح کیا کہ یہ صرف ایک عام جرم نہیں بلکہ ہماری آنے والی نسلوں کے مستقبل کا معاملہ ہے، اور پولیس اس کیس کی تفتیش بغیر کسی دباؤ کے مکمل میرٹ پر کر رہی ہے۔ ایڈیشنل آئی جی آزاد خان نے ملزمہ کے وکیل کی جانب سے کیے جانے والے تمام دعووں کو یکسر مسترد کر دیا، انہوں نے کہا ملزمہ کا جسمانی ریمانڈ نہ لینے کے لیے اس کے وکیل نے عدالت میں بہت سی باتیں کیں اور جج کے ذہن میں شکوک و شبہات پیدا کرنے کی بھرپور کوشش کی لیکن وکیل نے عدالت میں جو بھی باتیں کیں، ان کا حقیقت سے دور دور تک کوئی تعلق نہیں ہے۔ ایڈیشنل آئی جی کا کہنا تھا کہ کیس کی انکوائری ابھی بالکل ابتدائی مرحلے میں ہے ،کیس میں ابھی تفتیش کا آغاز کیا گیا ہے جسے مکمل طور پر میرٹ کی بنیاد پر آگے بڑھایا جائے گا، تفتیش مکمل ہونے سے پہلے یہ نہیں بتایا جا سکتا کہ ملزمہ انمول کے پیچھے کون ہے اور کون اس کی پشت پناہی کر رہا ہے۔ انہوں نے مزید اصرار کیا کہ پولیس پر ملزمہ انمول سے متعلق کسی قسم کا کوئی سیاسی یا انتظامی دباؤ نہیں ہے تاہم تفتیش کے دوران جو بھی حقائق یا بااثر نام سامنے آئیں گے، ان کے خلاف قانون کے مطابق کارروائی ہو گی ،کسی کو بھی معاف نہیں کیا جائے گا۔ آزاد خان نے انکشاف کیا کہ ملزمہ کی عدالت میں پیشی کے معاملے پر سکیورٹی یا انتظامی غفلت سامنے آنے پر محکمہ جاتی کارروائی کی گئی ہے۔ انہوں نے بتایا کہ عدالت پیشی کے معاملے پر متعلقہ ایس ایس پی ، ایس ایچ او اور انویسٹی گیشن آفیسر کے خلاف سخت کارروائی عمل میں لائی جا چکی ہے تاکہ تفتیش کی شفافیت پر کوئی حرف نہ آئے۔,N/A,24_news,14:58:PM
مومنہ اقبال کی ہراساں کرنے کی درخواست، ایم پی اے ثاقب چدھڑ این سی سی آئی اے کے روبرو پیش,"May 21, 2026",https://www.24urdu.com/21-May-2026/172615,مومنہ اقبال پاکستان کی ایک معروف  ڈرامہ اداکارہ اور ماڈل ہیں، جنہوں نے مئی 2026 میں مسلم لیگ (ن) کے ایک بااثر رکنِ صوبائی اسمبلی (MPA) پر طویل عرصے سے آن لائن ہراساں کرنے اور دھمکیاں دینے کا سنگین الزام عائد کیا ہے۔ سی ایم مریم نواز نے اس الزام کا فوراً نوٹس لیا اور ایم پی اے کو این سی سی آئی اے نے طلب کر لیا۔ مومنہ اقبال نے اپنی انسٹاگرام سٹوریز میں عوامی اپیل جاری کی، جس کے بعد یہ معاملہ میڈیا اور قانونی حلقوں میں شدید بحث کا موضوع بن گیا۔ کیس کی اہم تفصیلات درج ذیل ہیں: اداکارہ نے الزام لگایا ہے کہ وہ اور ان کا خاندان طویل عرصے سے مسلم لیگ (ن) سے وابستہ ایک ایم پی اے ثاقب چدھڑ  کی جانب سے آن لائن ہراسانی (Online Harassment)، سائبر بُولنگ، ذہنی اذیت پہنچانےاور جان سے مارنے کی دھمکیوں  تک کا سامنا کر رہے ہیں۔ انسٹاگرام پر ابتدائی انکشاف کے  ساتھ مومنہ اقبال نے  نیشنل سائبر کرائم انویسٹی گیشن ایجنسی (NCCIA) میں مسلم لیگ (ن) کے چنیوٹ سے تعلق رکھنے والے ایم پی اے ثاقب چدھڑ اور ان کی اہلیہ سمیرا خان کے خلاف درخواست دائر کی۔ مومنہ اقبال نے بعد مین بتایا کہ انہوں نے پہلے بھی پنجاب پولیس اور ایف آئی اے (FIA) سے ثاقب چدھڑ کی حرکتوں کی شکایات کیں، لیکن  اس کے سیاسی اثر و رسوخ کی وجہ سے کارروائی کو دبانے اور انہیں خاموش کرانے کی کوشش کی گئی۔ آخر کار مومنہ اقبال نے وزیراعلیٰ مریم نواز شریف سے انصاف دلوانے اور اپنے خاندان کے تحفظ کی اپیل کی، جس کے بعد وزیرِ اعلیٰ کے دفتر کی مداخلت پر اعلیٰ قیادت نے اس سنگین معاملے کا فوری نوٹس لیتے ہوئے شفاف تحقیقات کا حکم دیا۔ مومنہ اقبال وکلاء نے  انکشاف کیا کہ  ایم پی اے نے اداکارہ  کے واضح انکار کے باوجود ان سے شادی کے لیے رشتہ بھی بھجوایا، بعد میں معلوم ہوا کہ ایم پی اے ثاقب چدھڑ پہلے سے ہی شادی شدہ ہیں،ایم پی اے مومنہ اقبال سے تیسری شادی کرنا چاہتے تھے۔ یہ بھی پڑھیں: وکلا نے بتایا  کہ  مومنہ کا کہیں اور رشتہ ہوا تو  ایم پی اے ثاقب چدھڑ نے ان کو  ہراساں کرنا شروع کر دیا۔  ایم پی اے کی جانب سےُ مومنہ کے ہونے والے شوہر پر بے بنیاد مقدمہ بھی درج کروایا گیا، مومنہ کی شادی مقرر کردہ تاریخ پر ہی ہو گی، تمام دستاویزات اور ثبوت افسران کو پیش کر دیئے ہیں، افسران این سی سی آئی اے کی طرف سے مثبت تاثر ملا، امید ہے انصاف ہو گا۔,N/A,24_news,16:15:PM
مظفرآبادمیں دن دیہاڑے فائرنگ،نجی سکول کا پرنسپل شدید زخمی,"May 21, 2026",https://www.24urdu.com/21-May-2026/172609,حمزہ نامی زخمی پرنسپل کی حالت انتہائی تشویشناک بتائی جا رہی ہے۔ مظفرآباد پولیس نے ملزم کو گرفتار کر لیا،مبینہ طورپر ملزم آن لائن بائیک سروس کے ذریعے فرار ہورہا تھاکہ  رائیڈر نے ملزم کو تھانے پہنچا کر گرفتار کروادیا۔ یہ بھی پڑھیں: ریسکیو 15کے مطابق پولیس واقعے کی تحقیقات کر رہی ہے۔,N/A,24_news,15:15:PM
ایف آئی اے کی کارروائی،معروف ٹک ٹاکرکی غیرقانونی ٹریول ایجنسی پکڑ ی گئی,"May 20, 2026",https://www.24urdu.com/20-May-2026/172444,ایف آئی اے کے مطابق ملزم ذیشان سوشل میڈیاپرذیشان ٹریول والاکے نام سے اکاؤنٹ چلارہا تھا۔ ٹریول ایجنسی سے آصف علی،دلاور،منور،واجد اوردانش احمد گرفتار ہوئے ہیں،ملزمان شہریوں کو جھانسہ دیکر بوگس ویزا اورورک پرمٹ فراہم کرتےتھے۔ ملزم ذیشان نے احسن علی کو آٹھ لاکھ کے عوض دبئی کا بوگس ویزا تھمادیاتھا،ٹریول ایجنسی سے بڑی تعدادمیں غیر قانونی ویزےاوردیگر موادبھی برآمدہواہے۔ یہ بھی پڑھیں: ذیشان ٹریول والا فرارہے اورتلاش کیلئے ایف آئی اے کی کارروائی جاری ہے،ملزمان کے خلاف ایف آئی اے فیصل آباد نے مقدمہ درج کرلیاہے۔,N/A,24_news,09:52:AM
رجب بٹ کو پولیس سیکیورٹی فراہم کرنے کے خلاف درخواست خارج,"May 14, 2026",https://www.24urdu.com/14-May-2026/171824,جسٹس طارق سلیم شیخ نے شہری خاتون پلوشہ عبدالحد کی درخواست پر سماعت کی،اسسٹنٹ ایڈووکیٹ جنرل ستار ساحل نے پولیس کی جانب سے رپورٹ پیش کی۔ اسسٹنٹ ایڈووکیٹ جنرل نےعدالت کوبتایاکہ رجب بٹ معروف ٹک ٹاکر ہے، اس کے خلاف فوجداری مقدمات ہیں ، عدالتوں میں پیشی کے موقع پر اسے تحفظ کے نقطہء نظر سےپولیس سیکیورٹی فراہم کرنا ضروری ہے،رجب بٹ کو پروٹوکول نہیں ، پولیس سیکیورٹی فراہم کی گئی ہے۔ وکیل درخواست گزارنے کہاکہ رجب بٹ کے خلاف سیشن کورٹ میں خاتون سے زیادتی کے مقدمے کا ٹرائل چل رہا ہے،درخواست گزار خاتون اس مقدمے میں رجب بٹ کے خلاف گواہ ہےملزم ہونے کے باوجود رجب بٹ کو ہر پیشی پر پولیس پروٹوکول دیا جاتا ہے ،رجب بٹ نا پبلک آفس ہولڈر ہیں ،نا سرکاری عہدہ ہے۔ یہ بھی پڑھیں: درخواست گزارکے مطابق زیادتی کے مقدمے میں نامزد ملزم کو پولیس پروٹوکول دینا غیر قانونی ہے،رجب بٹ کو عدالت پیشی کے موقع پر دیا جانے والا پروٹوکول واپس لینے کا حکم دیا جائے ۔,N/A,24_news,14:11:PM
نوشکی: فائرنگ سے اسسٹنٹ پروفیسر اور شاعر غمخوار جاں بحق,"May 16, 2026",https://www.24urdu.com/16-May-2026/172057,ایس پی نوشکی سلیم شاہوانی کے مطابق اسسٹنٹ پروفیسر اور معروف براہوی شاعر محمد خان عرف غمخوار حیات جاں کو کلی مینگل کے قریب فائرنگ کرکے قتل کیا گیا۔ پولیس حکام کا کہنا ہے کہ نامعلوم مسلح افراد واردات کے بعد فرار ہوگئے، جبکہ واقعے کے بعد علاقے میں سکیورٹی سخت کردی گئی ہے۔ ایس پی سلیم شاہوانی کے مطابق پروفیسر غمخوار حیات کے قتل کے محرکات جاننے کے لیے تحقیقات کا آغاز کردیا گیا ہے اور مختلف پہلوؤں سے واقعے کا جائزہ لیا جارہا ہے۔ پولیس کے مطابق مقتول محمد خان عرف غمخوار حیات براہوی زبان کے معروف شاعر تھے اور علمی و ادبی حلقوں میں انہیں خاص مقام حاصل تھا۔,N/A,24_news,15:19:PM
پی ٹی آئی رکن قومی اسمبلی و سابق گورنر لطیف کھوسہ کے بیٹے کی رہائشگاہ پر فائرنگ,"May 17, 2026",https://www.24urdu.com/17-May-2026/172158,سابق گورنر پنجاب لطیف کھوسہ کے بیٹے بلخ شیر کھوسہ نےمقدمہ کیلئے تھانہ دیفنس سی میں درخواست دے دی، درخواست میں کہاگیاہے کہ دو موٹر سائیکل سواروں نے ڈیفنس فیز 6 میں موجود میرےگھر پر فائرنگ کی، دو مسلح ملزمان نے گھر میں گھسنے کی کوشش کی۔ 2023 میں بھی بلخ شیر کھوسہ کو گولی لگی تھی،درخواست کے مطابق گزشتہ روز رات گھر پہنچا تو ملزمان نے گھر پر حملہ کیا،2023 میں بھی بلخ شیر پر مسلم ٹاون میں فائرنگ کی گئی تھی۔ یہ بھی پڑھیں: درخواست گزارکے مطابق سپریم کورٹ کا وکیل ہوں،تحفظ فراہم کیا جائے۔,N/A,24_news,14:57:PM
بحرین کا جعلی ویزا فراہم کرنے والے ملزم کو گرفتار کر لیا گیا,"May 19, 2026",https://www.24urdu.com/19-May-2026/172383,(24 نیوز)ایف آئی اے کرائم سرکل حیدرآباد نے بحرین کا جعلی ویزا فراہم کرنے کے الزام میں ایک ملزم کے خلاف مقدمہ درج کر کے اسے گرفتار کر لیا۔ ایف آئی اے حکام کے مطابق کارروائی مدعی زہیب شیخ کی شکایت پر عمل میں لائی گئی، جس کے بعد انکوائری مکمل ہونے پر ملزم کے خلاف مقدمہ درج کیا گیا۔ حکام کا کہنا ہے کہ گرفتار ملزم نے بحرین میں ملازمت اور ویزا دلانے کا جھانسا دے کر شہری سے 7 لاکھ روپے وصول کیے،دورانِ تفتیش ملزم کے خلاف مالیاتی لین دین کا ریکارڈ، باؤنس چیک اور دیگر اہم دستاویزی شواہد بھی حاصل ہوئے ہیں۔ ایف آئی اے حکام نے واضح کیا ہے کہ عوام کو دھوکا دینے اور جعلی ویزوں کے ذریعے استحصال کرنے والے ایجنٹوں کے خلاف بلاامتیاز کارروائیاں جاری رکھی جائیں گی اور ایسے عناصر کو کسی صورت رعایت نہیں دی جائے گی۔,N/A,24_news,17:38:PM
انمول پنکی کیس ؛ اہلخانہ بھی منشیات فروش ،اہم انکشافات سامنے آگئے,"May 14, 2026",https://www.24urdu.com/14-May-2026/171819,تفتیشی حکام کا کہنا ہے کہ ریکارڈ کے مطابق پنکی کے 6 بھائی اور 4 بہنیں ہیں، اس کے 3 بھائیوں کا مجرمانہ ریکارڈ سامنے آیا ہے۔ حکام کے مطابق ملزمہ کے 3 بھائی ریاض بلوچ، محمد ناصر اور شوکت بخش منشیات فروشی میں ملوث ہیں، شوکت بخش منشیات فروشی کے لیے خاص کارندہ ہے۔ یہ بھی پڑھیں: تفتیشی حکام کا کہنا ہے کہ پنکی کے بھائیوں کے خلاف اسلحہ آرڈیننس اور نارکوٹکس ایکٹ کے تحت مقدمات درج ہیں، ملزم شوکت بخش 2024ء میں بوٹ بیسن تھانے میں درج مقدمے میں گرفتاربھی  ہوا تھا،ریاض بلوچ اور ناصر کے خلاف سچل، گزری اور بوٹ بیسن تھانوں میں مقدمات درج ہیں۔,N/A,24_news,13:23:PM
بااثر منشیات فروش خواتین پولیس کی حراست سے فرار,"May 15, 2026",https://www.24urdu.com/15-May-2026/171976,پولیس کے مطابق نسیمہ کھوسو اور ذکیہ کھوسو کو گزشتہ روز کھوسہ گوٹھ میں منشیات فروشوں کے خلاف آپریشن کے دوران گرفتار کیا گیا تھا۔ گزشتہ روز پولیس منشیات فروشوں کے خلاف گرینڈ آپریشن کے دوران دو خواتین سمیت 19 افراد کو گرفتار کیا گیا تھا، جن کے قبضے سے بھاری مقدار میں منشیات برآمد ہوئی تھی۔ تمام گرفتار ملزمان کو تھانہ سائیٹ میں لاک اپ کیا گیا تھا ۔ پولیس حکام فرار خواتین کی دوبارہ گرفتاری کے لیے چھاپے مار رہے ہیں ۔ اس کے علاوہ منشیات فروش خواتین میں ملوث دیگر دو خواتین زاہدہ اور عابدہ کھوسو کو بھی گرفتار کر لیا گیا ہے ۔ ایس ایس پی سکھر اظہر مغل کا کہنا ہے تحقیقات ہو رہی ہے کہ خواتین کس طرح حراست سے فرار ہوئیں فرار میں ملوث اہلکاروں کے خلاف کاروائی کیجارہی ہے۔,N/A,24_news,19:53:PM
مولانا شیخ محمد ادریس ٹارگٹ کلنگ کیس میں بڑی پیش رفت,"May 15, 2026",https://www.24urdu.com/15-May-2026/171928,تفتیشی حکام کے مطابق مولانا شیخ محمد ادریس شہید کی ٹارگٹ کلنگ کیس میں  7 گرفتاریاں عمل میں لائی گئی ہیں،ملزمان کو مردان ریجن سے گرفتار کیا گیا۔ تفتیشی حکام کے مطابق مختلف اضلاع میں جیو فینسنگ کی جا رہی ہےاور مشکوک افراد کی پروفائلنگ پر بھی کام جاری ہے۔ یہ بھی پڑھیں: واضح رہے کہ مولانا شیخ محمد ادریس 5 مئی کو دہشت گردوں کی فائرنگ سے شہید ہوگئے تھے۔,N/A,24_news,12:58:PM
لاہور کے علاقہ مصری شاہ میں ٹیلر ماسٹر اپنے گھر میں قتل ہو گیا,"May 18, 2026",https://www.24urdu.com/18-May-2026/172207,(اسرار خان) لاہور کے علاقہ مصری شاہ میں ٹیلر ماسٹر اپنے گھر میں قتل ہو گیا۔ نامعلوم دشمن ٹیلر ماسٹر شوکت کے گھر میں گھسےاور اسے قتل کر دیا۔ قاتل  واردات کے بعد  قتل کے لئے استعمال ہونے ولا ٹوکہ وہیں چھوڑ گئے۔ مقتول  شوکت کی عمر ساٹھ سال تھی اور وہ  بے اولاد  تھے۔ اپنے گھر میں تنہا رہتے تھے۔ ان کی بیوی چند سال قبل وفات پا گئی تھی۔ پولیس  نے جائے وقوعہ سے شواہد اکٹھے کر لئے، لاش مردہ خانہ منتقل کر دی۔,N/A,24_news,00:30:AM
2023 کے لیبیا یونان کشتی حادثے میں انتہائی مطلوب انسانی اسمگلر گرفتار,"May 16, 2026",https://www.24urdu.com/16-May-2026/172029,گرفتارملزم قاسم ریاض ولد محمد ریاض سکنہ ضلع جہلم وزارتِ داخلہ کی جاری کردہ ریڈ بُک کے انتہائی مطلوب انسانی اسمگلرز میں شامل تھا۔ ملزم نے 8 شہریوں کو یونان بھجوانے کے لئے مجموعی طور پر 1کروڑ 92 لاکھ روپے ہتھیائے تھے،ان  8 امیگرانٹس میں سے 6 افراد کشتی حادثہ میں لقمہ اجل بن گئے تھے، ملزم ایف آئی اے کو 7 مقدمات میں مطلوب تھا۔ یہ بھی پڑھیں: ڈائریکٹر ایف آئی اے محمد بن اشرف کا کہنا ہے کہ انتہائی مطلوب انسانی اسمگلرز انسانیت کے دشمن ہیں اور ان کے لئے کوئی رعائت نہیں۔ ترجمان ایف آئی اے گوجرانوالہ زون کے مطابق ملزم کے خلاف مزید تفتیش جاری ہے۔,N/A,24_news,12:14:PM
برطانیہ:54 سالہ جعلی عامل کو عمر قید کی سزا,"May 16, 2026",https://www.24urdu.com/16-May-2026/172036,غیر ملکی خبر رساں ادارے کے مطابق عدالت کو بتایا گیا کہ ملزم نے جن 7 لڑکیوں اور خواتین کو جنسی زیادتی کا نشانہ بنایا اُن میں ایک 12 سالہ بچی بھی شامل تھی۔ رپورٹس کے مطابق جعلی عامل عبد الحلیم خان متاثرہ لڑکیوں کے اہلِ خانہ کو یقین دلاتا تھا کہ لڑکیاں جن، بدروحوں یا کالے جادو کے اثر میں ہیں اور انکا روحانی علاج کرنا ضروری ہے۔ استغاثہ کے مطابق ملزم اپنے مذہبی اثر و رسوخ، خوف اور جھوٹے روحانی دعوؤں کا استعمال کرتے ہوئے متاثرین کو خاموش رکھتا تھا۔ متاثرین میں سے کئی لڑکیاں برسوں خوف اور سماجی دباؤ کی وجہ سے خاموش رہیں۔ پولیس کو 2018 میں پہلے کیس کا علم ہوا جس کے بعد تحقیقات کے نتیجے میں ملزم کو گرفتار کر کے عدالت میں پیش کیا گیا۔ عدالتی فیصلے میں کہا گیا ہے کہ ملزم نے مذہبی اعتماد کا ناجائز فائدہ اٹھا کر کم عمر اور کمزور لڑکیوں کو نشانہ بنایا، جس کے باعث ان کی زندگیاں تباہ ہوگئیں۔ واضح رہے کہ ملزم مشرقی لندن کی ایک مسجد میں امام کے فرائض بھی انجام دیتا تھا۔,N/A,24_news,12:44:PM
ثنا یوسف قتل کیس کا فیصلہ آگیا، ملزم عمر حیات کو سزائے موت سنادی گئی,"May 19, 2026",https://www.24urdu.com/19-May-2026/172374,"ایڈیشنل سیشن جج اسلام آباد افضل مجوکہ ثنا یوسف قتل کیس کا فیصلہ سنا دیا,عدالت نے کہا ہے کہ ملزم عمر حیات کو 20 لاکھ روپے جرمانہ بھی ادا کرنا ہوگا، دوران سماعت عدالت میں ملزم عمر حیات کی کالز اور چیٹ کے اسکرین شاٹس پیش کیے گئے۔ مدعی کے وکیل نے ملزم کو 2 بار سزائے موت دینے کی استدعا کر دی۔ ملزم کے وکیل نے کہا ہے کہ ملزم عمرحیات نے اسٹیٹ کونسل اور ٹرائل کورٹ پر عدم اعتماد کا اظہار کیا تھا، 2 درخواستیں اسلام آباد ہائی کورٹ میں زیرِ التوا ہیں، پہلے سے سوچ کر رکھنا کہ ملزم کو سزائے موت دینا ہے، زیادتی ہوگی۔ یاد رہے کہ گزشتہ روز ثنا یوسف قتل کیس میں ملزم عمر حیات نے صحت جرم سے انکار کر دیا تھا۔ ڈسٹرکٹ اینڈ سیشن کورٹس اسلام آباد میں ثنا یوسف قتل کیس کی سماعت میں ملزم نے کہا تھا کہ اس نے ثنا کو قتل کرنے کا کوئی اعتراف یا کوئی انکشاف نہیں کیا۔ ملزم عمر حیات نے مزید کہا تھا کہ میرا ثناء یوسف سے کوئی رابطہ نہیں تھا، اس پر جج نے استفسار کیا کہ دوران تفتیش ثناء یوسف کے فون سے کاکا کے نام سے ایک نمبر سامنے آیا تھا، موبائل فارنزک کے بعد نمبر آپ کا نکلا، اس پر کیا کہیں گے؟ اس پر ملزم عمر حیات نے کہا کہ وہ اپنے وکیل کے بغیر کوئی جواب نہیں دے سکتے ہیں۔",N/A,24_news,15:30:PM
انمول عرف پنکی جسمانی ریمانڈکیلئے ملیرعدالت میں پیش,"May 16, 2026",https://www.24urdu.com/16-May-2026/172042,پنکی کو تھانہ سچل میں درج مقدمے میں جسمانی ریمانڈ حاصل کرنےکیلئے پیش کیا گیا۔ دوسری طرف یہ انکشاف بھی ہواہے کہ کوکین کوئین پنکی بند مگر کام بند نہیں ہوا،کراچی میں نئے نمبر سے آن لائن کوکین کی فروخت جاری ہے اورپنکی کے ہینڈلرز نے نمبر تبدیل کر کے دھندا جاری رکھا ہوا ہے۔ یہ بھی پڑھیں: ایک میسج کے مطابق میڈم پنکی کا نمبر بند ہو گیا ہے،ان کے دوست سروس فراہم کر رہے ہیں،دن کے 24 گھنٹے اور ہفتے کے سات دن کوکین دستیاب ہے،گولڈن اسٹف 25 ہزار گرام سلور سٹف 15 ہزار روپے گرام میں دستیاب ہے،میسج میں کہاگیاہے کہ صارفین فیاض کمیونیکیشن کے اکاؤنٹ پر رقم نہ بھیجیں کیونکہ یہ اکاؤنٹ بلاک ہو چکا ہے۔ پنکی کے ٹیم ممبران کی جانب سے نیا نمبر جاری کر دیاگیاہے۔,N/A,24_news,13:21:PM
سی آئی اے کی بڑی کارروائی، 55 کلو چرس برآمد,"May 15, 2026",https://www.24urdu.com/15-May-2026/171944,پولیس حکام کے مطابق سی آئی اے کی ٹیم نے مشتبہ ٹرک کو روک کر تلاشی لی تو اس کے خفیہ خانوں سے پچپن کلو چرس برآمد ہوئی۔ کارروائی کے دوران ملزمان اندھیرے کا فائدہ اٹھاتے ہوئے موقع سے فرار ہو گئے۔ پولیس نے منشیات اور ٹرک کو تھانے منتقل کر کے مفرور ملزمان کی تلاش شروع کر دی ہے۔ ایس ایس پی جیکب آباد کیپٹن ریٹائرڈ فیضان علی نے اس کامیاب کارروائی پر سی آئی اے اہلکاروں کی کارکردگی کو سراہا اور انہیں شاباش دی ہے۔ دوسری جانب راولپنڈی میں مبینہ طور پر خاتون منشیات فروش کو گرفتار کر کے 10 کلو چرس بر آمد کر لی گئی۔راولپنڈی کے تھانہ نصیر آباد کی پولیس نے خاتون کو مبینہ طور پر مصریال گاؤں حبیب کالونی سے گرفتار کیا ہے۔,N/A,24_news,15:43:PM
میلسی: گھر سے خاتون ،تین بچوں کی لاشیں برآمد,"May 16, 2026",https://www.24urdu.com/16-May-2026/172039,تفصیلات کے مطابق میلسی نواحی علاقے میں ایک دل دہلا دینے والا واقعہ سامنے آیا ہے جہاں ایک ہی گھر سے خاتون اور ان کے تین کمسن بچوں کی لاشیں ملی ہیں۔ پولیس کے مطابق مقتولین کو تیز دھار آلے کی مدد سے بے دردی سے قتل کیا گیا ہے۔ پولیس حکام کا کہنا ہے کہ مقتولین میں گھر کی سربراہ خاتون کے علاوہ ان کا 12 سالہ بیٹا احسن، ساڑھے 5 سالہ بیٹا دلشاد اور 3 سالہ بیٹا اسد شامل ہیں۔ اس ہولناک واردات کی اطلاع ملتے ہی پولیس کی بھاری نفری موقع پر پہنچ گئی اور علاقے کو گھیرے میں لے لیا۔ ابتدائی تحقیقات کے مطابق مقتولہ خاتون کا شوہر سعودی عرب میں مزدوری کرتا تھا جو کچھ عرصہ قبل ہی پاکستان واپس آیا تھا۔ پولیس نے جائے وقوعہ سے تمام ضروری سائنسی اور مادی شواہد اکٹھے کر لیے ہیں اور لاشوں کو پوسٹ مارٹم کے لیے ہسپتال منتقل کر دیا گیا ہے۔ پولیس حکام کا کہنا ہے کہ واقعے کی مختلف پہلوؤں سے تفتیش شروع کر دی گئی ہے اور جلد ہی قتل کے اصل حقائق اور ملزمان کو سامنے لایا جائے گا۔,N/A,24_news,12:56:PM
نریندر مودی کے وزیر کے بیٹے کی ریپ کیس میں عبوری ضمانت سے ہائی کورٹ کا انکار,"May 16, 2026",https://www.24urdu.com/16-May-2026/172074,تلنگانہ کی ہائی کورٹ کی خاتون جج جسٹس ٹی مادھوی دیوی نے بھاگیرتھ کی قبل از گرفتاری ضمانت کی درخواست پر کہا کہ ’’میں نے متاثرہ  بچی کا بیان پڑھا ہے۔ اسے دیکھنے کے بعد، اس مرحلے پر میں کوئی بھی عبوری ریلیف دینے کے حق میں نہیں ہوں۔‘‘ بھارت کے میڈیا نے رپورٹ کیا کہ مرکزی وزیر بنڈی سنجے کمار کے بیٹے بنڈی بھاگیرتھ کو  ہائی کورٹ سے جھٹکا لگا ہے۔ تلنگانہ ہائی کورٹ نے ’پاکسو‘ قانون کے تحت درج ایک مقدمہ میں بھاگیرتھ کو گرفتاری سے عبوری  ریلیف دینے سے صاف انکار کر دیا ہے۔ ہائی کورٹ کی ویکیشن بنچ نے جمعہ کی شام بھاگیرتھ کی قبل از گرفتاری ضمانت کی درخواست پر سماعت شروع کی تھی۔ جسٹس ٹی مادھوی دیوی کی سربراہی میں یہ سماعت تقریباً آدھی رات تک چلتی رہی۔ طویل بحث کے بعد جج نے قبل از گرفتاری ضمانت کی درخواست پر اپنا فیصلہ محفوظ کر لیا۔ لیکن بھاگیرتھ کے وکیل نے عدالت سے درخواست کی کہ آخری فیصلہ آنے تک بھاگیرتھ کی گرفتاری پر روک لگائی جائے۔ حالانکہ عدالت نے اس مطالبے کو سرے سے مسترد کر دیا۔ سماعت کے دوران بھاگیرتھ کے وکیل نے دلیل دی کہ شکایت کنندہ نے خود تسلیم کیا تھا کہ ان کی بیٹی 2025 سے بھاگیرتھ کے ساتھ رشتے میں تھی اور دونوں کے درمیان اچھے تعلقات تھے۔ دوسری جانب متاثرہ کے وکیل نے بھاگیرتھ کو کسی بھی قسم کی راحت دیے جانے کی سخت مخالفت کی۔ انہوں نے دلیل دی کہ ملزم کے والد (بنڈی سنجے) ایک انتہائی بااثر شخصیت ہیں۔ ایسے میں اگر ملزم کو راحت ملتی ہے، تو وہ ثبوتوں کے ساتھ چھیڑ چھاڑ کر سکتا ہے۔ یہ بھی پڑھیئے: 8 مئی کو ایک 17 سالہ نابالغ لڑکی کی ماں نے پولیس میں شکایت درج کرائی۔ شکایت میں الزام عائد کیا گیا کہ بھاگیرتھ ان کی بیٹی کا دوست تھا اور اس نے لڑکی کا جنسی استحصال کیا۔ پولیس نے پہلے بھارتیہ نیائے سنہتا (بی این ایس) اور پاکسو ایکٹ کی دفعات کے تحت مقدمہ درج کیا تھا۔ لیکن عدالت کے سامنے متاثرہ بچی کا بیان درج ہونے کے بعد مقدمہ میں پاکسو قانون کی مزید سخت دفعات شامل کر دی گئیں۔ مرکزی وزیر بنڈی سنجے کمار کے بیٹے پر نابالغ لڑکی کے جنسی استحصال کا الزام عائد ہونے کے بعد اپوزیشن  کانگریس کی جانب سے حکومت پر سخت تنقید کی گئی لیکن ملزم کی گرفتاری اب تک نہیں ہو سکی۔ یہ بھی پڑھیئے: اس دوران یہ ہوا کہ  بھاگیرتھ نے بھی کریم نگر پولیس میں لڑکی اور اس کے اہل خانہ کے خلاف ایک جوابی شکایت درج کرائی۔ ریپ کے ملزم بھاگیرتھ کا دعویٰ ہے کہ لڑکی سے اس کی جان پہچان تھی اور وہ اس کے  خاندان کی ایک تقریب میں بھی گیا تھا۔ اس نے الزام عائد کیا کہ لڑکی اور اس کے والدین اس پر شادی کا دباؤ  ڈالنے لگے تھے۔ جب اس نے شادی سے انکار کر دیا، تو وہ پیسوں کا مطالبہ کرنے لگے اور جھوٹے مقدمہ میں پھنسانے کی دھمکی دی۔ بھاگیرتھ کا الزام ہے کہ اس نے لڑکی کے والد کو 50000 روپے دیئے تھے، لیکن بعد میں خاندان نے اس سے 5 کروڑ روپے کا مطالبہ کیا اور مانگ پوری نہ ہونے پر ماں نے خودکشی کرنے کی دھمکی دی۔ یہ بھی پڑھیں:,N/A,24_news,18:36:PM
قتل کیس ؛دو ملزمان کو عمر قید و جرمانے کی سزا، 2بری,"May 14, 2026",https://www.24urdu.com/14-May-2026/171853,"(خالد چودھری)ساہیوال کی انسداد دہشتگردی عدالت نے ہجرہ شاہ مقیم  قتل کیس کا فیصلہ سنا دیا،اے ٹی سی کے جج ضیاءاللہ خان نے کیس کا فیصلہ سنایا۔ مقدمہ میں نامزد ملزمان اقرہ منشاء اور عدیل کو سزا جبکہ انعم منشاء اور محمد منشاء کو بری کردیاگیا،مقدمہ کے دو ملزمان اقرہ منشاء اور عدیل کو قتل کی دفعات کے تحت عمر قیداور 5 پانچ لاکھ روپے جرمانہ  کی سزا سنائی گئی۔ عدالت نے دفعہ 336/B کے تحت دونوں ملزمان اقرہ منشاء  اور عدیل کو14,14سال قیداور 10،10لاکھ روپے جرمانہ کی بھی سزا  کا حکم سنا دیا۔ تھانہ ہجرہ شاہ مقیم میں درج مقدمہ نمبر 2784/24 کے دو ملزمان انعم منشاء اور محمد منشاء کو بری کردیا۔ یاد رہے کہ ملزمان نے ہجرہ شاہ مقیم کے مشتاق نامی شخص پر 26 ستمبر 2024 کو تیزاب پھینکا تھا جس کے بعد وہ ہسپتال میں دم توڑ گیاتھا۔ یہ بھی پڑھیں:",N/A,24_news,18:59:PM
حیدرآباد کےتعلیمی اداروں میں منشیات بیچنے والی عورت گرفتار,"May 16, 2026",https://www.24urdu.com/16-May-2026/172078,حیدرآباد پولیس ٹاسک فورس  نے  بدنام  منشیات فروش عورت عنبرین عرف گڈی کو  بھاری مقدار میں چرس اور ہیروئن کے ساتھ گرفتار کر لیا۔ منشیات فروش عنبرین عرف گڈی چانڈیو علی آباد کالونی، حیدرآباد  میں رہتی ہے اور تعلیمی اداروں میں بچوں کو منشیات بیچنے کا دھندا کرتی ہے۔ اس منشیات فروش ک عورت کے قبضے سے 3  کلو  90 گرام چرس اور 24  گرام ہیروئن برآمد کی گئی. عنبرین عرف  گڈی چانڈیو کے خلاف حیدرآباد کے مختلف تھانہ جات اور ایکسائز نارکوٹکس میں 6 مقدمات درج ہیں۔ حیدرآباد پولیس نے بتایا کہ  ابتدائی تفتیش کے مطابق ملزمہ تعلیمی اداروں میں منشیات کی فروخت میں ملوث ہے۔ یہ بھی پڑھیں :,N/A,24_news,19:09:PM
بائیولوجی خاتون ٹیچر کی طالب علم کیساتھ غیراخلاقی حرکات، پول کھلنے پر سکول میں کھلبلی,"May 14, 2026",https://www.24urdu.com/14-May-2026/171892,(ویب ڈیسک)امریکی خاتون ٹیچر کو طالب علم کے ساتھ جسمانی تعلقات کا گھنائونا کھیل رچانے پر گرفتار کر لیا گیا، معاملہ سامنے آنے پر سکول میں ہلچل مچ گئی۔ امریکی پولیس نے 25 سالہ ٹیچر مارس نکولس کو گرفتار کر لیا، اس پر طالب علم کے ساتھ سکول کیمپس اور بعد میں ہمر گاڑی کے اندر تعلقات بنانے کا الزام ہے،مارس نکولس جارجیا کے ڈگلس کاؤنٹی میں واقع الیگزینڈر ہائی سکول میں بائیولوجی پڑھاتی تھی۔ پولیس تحقیقات میں سامنے آیا کہ اس نے ایک طالب علم کے ساتھ کم از کم دو بار جسمانی تعلقات قائم کیے۔ حکام کے مطابق ٹیچر طالب علم کی نگرانی اور نظم و ضبط کی ذمہ داری بھی سنبھالتی تھی، اس لیے اس معاملے کو زیادہ سنگین مانا جا رہا ہے۔,N/A,24_news,23:21:PM
سندھ میں ایک اور منشیات فروش عورت کی گرفتاری، سات کلو چرس برآمد,"May 18, 2026",https://www.24urdu.com/18-May-2026/172208,(عبدالخالق مغیری) سندھ میں ایک اور منشیات فروش  عورت کو منشیات کی بھاری مقدار کے ساتھ  گرفتار کر لیا گیا۔ کراچی میں پنکی اور حیدر آباد میں گڈی کے بعد آج لاڑکانہ میں پولیس نے منشیات بیچنے کے مکروہ دھندے میں ملوث ایک اور عورت زلیخا کو گرفتار کر لیا۔ لاڑکانہ پولیس نے اس منشیات فروش عورت سے  7 کلو گرام چرس بھی برآمد کی ہے۔ پولیس  کا کہنا ہے کہ منشیات کے منظم دھندے میں ملوث اس عورت کا نام زلیخا ڈیتھو ہے اور وہ   بین الصوبائی ڈیتھو گینگ کی ایک خطرناک رکن ہے۔,N/A,24_news,00:40:AM
ٹیچر کو اے آئی سے تصاویر بنا کر بلیک میل کرنیوالا سکیورٹی گارڈ گرفتار,"May 16, 2026",https://www.24urdu.com/16-May-2026/172020,متاثرہ خاتون کی شکایت پر ایس ایچ او شالیمار علی حسن نے ٹیم کے ہمراہ کارروائی کی،ایس پی سِول لائنزکے مطابق ملزم رمضان کو جدید ٹیکنالوجی کی مدد سے خانیوال سے گرفتار کیا گیا،ملزم جعلی تصاویر وائرل کرنے کی دھمکیاں دے کر خاتون ٹیچر سے رقم مانگتا رہا۔ ایس پی سِول لائنزچوہدری اثر علی کے مطابق سکیورٹی گارڈ خاتون ٹیچر پر ناجائز تعلقات قائم کرنے کے لیے بھی دباؤ ڈالتا رہا،ملزم نوکری چھوڑ کر خانیوال فرار ہوگیا اور مختلف نمبروں سے رابطے کرتا رہا،ملزم کے زیر استعمال موبائل فون اور دیگر ڈیجیٹل ریکارڈ قبضے میں لے لیا گیاہے۔ یہ بھی پڑھیں: ایس پی سِول لائنزکے مطابق ملزم کیخلاف مقدمہ درج کرکے مزید تفتیش کی جارہی ہے،خواتین کو ہراساں اور بلیک میلنگ میں ملوث ملزمان سےآہنی ہاتھوں سے نمٹا جائے گا۔,N/A,24_news,11:51:AM
بشریٰ بی بی سے فیملی اور ذاتی معالج کی ملاقات کی درخواست مسترد,"May 12, 2026",https://www.24urdu.com/12-May-2026/171591,بشریٰ بی بی کی فیملی، ذاتی معالج سے ملاقات اور ضروری سامان فراہم کرنے کی درخواست پر اسلام آباد ہائیکورٹ میں سماعت ہوئی،جسٹس ارباب محمد طاہرنے  بشریٰ بی بی کی بیٹی کی درخواست پر سماعت کی،ایڈووکیٹ جنرل نوید ملک اور سپرنٹنڈنٹ اڈیالہ جیل ساجد بیگ عدالت میں پیش ہوئے،درخواست گزار مبشرہ مانیکا کی جانب سے سلمان اکرم راجہ پیش ہوئے۔ سپرنٹنڈنٹ اڈیالہ جیل نے رپورٹ میں کہا کہ جیل ملاقات کے بعد باہر آکر سیاسی گفتگو کی جاتی ہے،بشریٰ بی بی سے ملاقاتوں سے متعلق بہن مریم ریاض وٹو کے ٹوئٹس رپورٹ کا حصہ ہیں،رپورٹ کے مطابق بشریٰ بی بی سے فیملی کی ملاقات کے بعد ان کی بہن مریم وٹو ٹویٹ کرتی ہیں۔,N/A,24_news,13:15:PM
ایف آئی اے سی پورٹ کراچی نے بحری دستاویزات کی جعلسازی کی بڑی کوشش ناکام بنا دی,"May 11, 2026",https://www.24urdu.com/11-May-2026/171522,"جعلی سی مین بکس پر سفر کرنے والے عملے کے 4 ارکان کو ""ناقابلِ امیگریشن"" قرار دے دیا گیا،حکام کے مطابق یہ بین الاقوامی سطح پر جعلی بحری دستاویزات کے استعمال کے خلاف ایک بڑی کارروائی ہے،ایف آئی اے امیگریشن و انسدادِ انسانی اسمگلنگ ونگ نے کارروائی کی۔ چیک پوسٹ سی پورٹ کراچی نے مارشل آئی لینڈز کے پرچم تلے چلنے والے کنٹینر جہاز ""سی وی البرٹ پی"" پر سوار جعلی سی مین بکس کے حامل عملے کے 4 ارکان کی نشاندہی کر کے جہاز پر 20 لاکھ روپے جرمانہ عائد کیا،مذکورہ جہاز عمان کی بندرگاہ صلالہ سے 1,352 کنٹینرز پر مشتمل بھاری درآمدی و ٹرانزٹ کارگو لے کر کراچی پہنچا تھا،جہاز برتھ SAPT-03، کیماڑی سی پورٹ پر لنگر انداز ہوا تھا۔ جہاز میں 529 کنٹینرز کے تخلیے اور 204 کنٹینرز کی لوڈنگ کے بعد پورٹ محمد بن قاسم روانہ ہونا تھا۔ 26 رکنی عملے کی امیگریشن کلیئرنس کے دوران ایف آئی اے ٹیم نے 4 ٹیکنیشنز، سبہانو ریچی جوریڈیکو، سابطن جیورج ایان گومز (فلپائنی)، حسین شہیر اور علی فرقان (پاکستانی) کو بیلیز اور بہاماس کی جانب سے جاری کردہ جعلی سی مین بکس کے ساتھ پکڑ لیا۔ مذکورہ افراد میں سے کسی کے پاس بھی نہ تو فلیگ اسٹیٹ اور نہ ہی قومی سی مین بک موجود تھی، جبکہ وہ بین الاقوامی بحری معاہدوں کے تحت لازمی معاون دستاویزات بھی پیش نہ کر سکے۔ عملے سے پوچھ گچھ کے دوران جہاز کے کپتان اور چاروں عملے کے ارکان نے اعتراف کیا کہ مذکورہ جعلی دستاویزات انہیں دبئی میں مقیم ایک شپنگ ایجنٹ کی جانب سے فراہم کی گئی تھیں، جس سے جعلی بحری دستاویزات کے اجراء اور ترسیل میں ملوث ایک منظم بین الاقوامی نیٹ ورک کی نشاندہی ہوئی۔ فی کس 5 لاکھ روپے کے حساب سے مجموعی طور پر 20 لاکھ روپے جرمانہ جہاز کے مقامی ہینڈلنگ ایجنٹ، میسرز جی اے سی پاکستان پرائیویٹ لمیٹڈ، پر فارنرز آرڈر 1951ء کی شق 6 کی ذیلی شق (3) کے تحت عائد کیا گیا۔ جہاز کے کپتان اور متعلقہ عملے کے خلاف فارنرز ایکٹ 1946ء کی دفعات 3(2)، 13 اور 14 کے تحت قانونی کارروائی کے لیے شوکاز نوٹس بھی جاری کر دیا گیا ہے۔ یہ کارروائی مئی 2026ء کے دوران ایف آئی اے سی پورٹ کراچی کی اپنی نوعیت کی تیسری بڑی کامیابی قرار دی جا رہی ہے، جس کے ذریعے جعلی بحری دستاویزات پر سفر کرنے والے 4 غیر ملکی و مقامی عملے کے ارکان کی امیگریشن کلیئرنس کامیابی سے روکی گئی۔ حکام کے مطابق یہ کارروائی ایف آئی اے کے پختہ عزم اور پاکستانی بندرگاہوں پر امیگریشن قوانین کے سخت نفاذ کے سلسلے میں زیرو ٹالرینس پالیسی کی واضح عکاسی کرتی ہے۔",N/A,24_news,19:21:PM
چوہدری شوگر مل کیس؛ مریم نواز کو 7 کروڑ واپس کرنے کی درخواست منظور,"May 13, 2026",https://www.24urdu.com/13-May-2026/171665,چیف جسٹس عالیہ نیلم کی سربراہی میں 3 رکنی بینچ نے تحریری حکم جاری کردیا،عدالت نے 7 کروڑ روپے مناسب تصدیق کے بعد واپس کرنے کا حکم دے دیا،مریم نواز کے سات کروڑ زر ضمانت ان کے شوہر کیپٹن ریٹائرڈ محمد صفدر وصول کریں گے۔ احتساب عدالت لاہور کے فیصلے کے بعد متعلقہ درخواستیں نمٹا دی گئیں۔ نیب نے وفاقی آئینی عدالت میں سی پی ایل اے دوبارہ جمع نہ کرانے کی تصدیق کر دی،نیب نے عدالت میں ایڈووکیٹ آن ریکارڈ کا حلف نامہ جمع کرا دیا۔ یہ بھی پڑھیں: وفاق کی جانب سے ڈپٹی اٹارنی جنرل رفاقت ڈوگر جبکہ نیب کی جانب سے اسپیشل پراسیکیوٹر فاطمہ شاہد سمیت دیگر پراسیکیوٹر عدالت میں پیش ہوئے۔,N/A,24_news,10:49:AM
خواجہ سراء اور خاتون سے مبینہ اجتماعی زیادتی کے مقدمات درج,"May 13, 2026",https://www.24urdu.com/13-May-2026/171698,"پولیس کے مطابق ہنجر وال میں ملزم نے خواجہ سراء سے مبینہ زیادتی کی,پولیس کا کہنا ہے کہ نشتر کالونی میں 3 افراد نے خاتون سے مبینہ اجتماعی زیادتی کی۔ پولیس کے مطابق خاتون کو نوکری کا جھانسہ دے کر مبینہ زیادتی کی گئی۔ دونوں مقدمات درج کر کے پولیس نے تفتیش کا آغاز کر دیا ہے۔",N/A,24_news,14:13:PM
نوشہرہ: راستے کے تنازع پر فائرنگ، 7 افراد جاں بحق,"May 12, 2026",https://www.24urdu.com/12-May-2026/171581,پولیس کے مطابق واقعہ گھر کے سامنے راستے کے تنازع پر پیش آیا جس کے دوران دونوں گروپوں کے درمیان فائرنگ کا تبادلہ ہوا، جاں بحق ہونے والوں میں ایک فریق کے 3 جبکہ دوسرے فریق کے 4 افراد شامل ہیں۔ واقعے کے بعد ملزمان موقع سے فرار ہونے میں کامیاب ہو گئے، پولیس نے علاقے کو گھیرے میں لے کر شواہد اکٹھے کرنا شروع کر دیے ہیں اور تفتیش جاری ہے۔ جاں بحق افراد کی لاشوں کو پوسٹ مارٹم کے لیے ڈی ایچ کیو اسپتال نوشہرہ منتقل کر دیا گیا ہے۔ یہ بھی پڑھیں پولیس حکام کا کہنا ہے کہ واقعے کی تمام پہلوؤں سے تحقیقات کی جا رہی ہیں اور جلد ملزمان کو قانون کے کٹہرے میں لایا جائے گا۔,N/A,24_news,12:13:PM
نواب ٹاؤن میں 4 کروڑ روپے کی چوری کی واردات,"May 11, 2026",https://www.24urdu.com/11-May-2026/171507,ایف آئی آر کے مطابق ملزمان نے سونے کی 30 انگوٹھیاں اور ایک ڈائمنڈ سیٹ چوری کیا،ایف آئی آر میں مزید بتایا گیا ہے کہ 12 سونے کی چوڑیاں، 4 کنگن اور 4 سونے کے سیٹ بھی چوری کیے گئے۔ پولیس کے مطابق چور پہلی منزل کے دروازے کا شیشہ توڑ کر گھر میں داخل ہوئے،پولیس کا کہنا ہے کہ جائے وقوعہ سے شواہد اکٹھے کرلیے گئے ہیں۔ پولیس کے مطابق نقب زنی کی واردات گزشتہ رات 8 بجے نجی سوسائٹی میں پیش آئی،واردات میں ملوث ملزمان کی گرفتاری کے لیے کوششیں جاری ہیں۔,N/A,24_news,18:07:PM
نور مقدم قتل کیس؛ مجرم ظاہر جعفر کی نظرثانی درخواست پر سماعت ملتوی,"May 13, 2026",https://www.24urdu.com/13-May-2026/171668,جسٹس ہاشم کاکڑ کی سربراہی میں تین رکنی بینچ نے کیس کی سماعت کی ،مجرم ظاہر جعفر کے وکیل خواجہ حارث عدالت میں پیش ہوئے۔ عدالت نے عملے کو ہدایت کی کہ جس دن نور مقدم قتل کیس کی سماعت ہو کوئی کیس نہ لگائیں،یہ کیس ابھی طویل چلنا ہے تو عید کے بعد سنتے ہیں۔ یہ بھی پڑھیں: جسٹس ہاشم کاکڑ نے کہاکہ جون کے پہلے ہفتے میں کیس لگا دیتے ہیں،جس دن یہ کیس لگائیں اس دن کوئی اور کریمنل کیس نہ لگائیں۔,N/A,24_news,11:10:AM
انمول پنکی کا ماہانہ 2 کروڑ سے زائد کی منشیات فروخت کرنے کا انکشاف,"May 14, 2026",https://www.24urdu.com/14-May-2026/171817,انمول عرف پنکی کے مطابق لاہور سے منشیات بھیجنے کیلئے انٹر سٹی بسوں کا استعمال کیا جاتا ہے،میرا شناختی کارڈ بلاک ہوا تو محمد سمیر کے نام پر بنک اکاؤنٹ کھلوایا، منشیات کی رقم ڈیجیٹل اکاؤنٹ سے بھیجی اور وصول کی جاتی ہے۔ ملزمہ پنکی کے مطابق رقوم کی منتقلی کیلئے گلستان جوہر کی فرنچائز استعمال کی جاتی تھی،رقم کی منتقلی کیلئے اکاؤنٹ ذیشان کے نام سے کھلوایا گیا۔ پنکی کے زیر استعمال 2 موبائل سمز افضل اور صابرہ بی بی کے ناموں پر رجسٹرڈ نکلیں،یہ بھی انکشاف ہواہے کہ افسر احسان نے بھائی کو متعدد بار پکڑا اور رشوت لے کر چھوڑا،افسران کو کروڑ روپے سے زائد کی مجموعی رشوت ادا کرنے کا انکشاف بھی سامنے آیاہے۔ انمول عرف پنکی نے بیان دیاہے کہ سابق شوہرکے دو بھائی بطور ایڈووکیٹ کام کرتے ہیں،پولیس سے بچنے کیلئے سابق شوہر منشیات وکلا ء بھائیوں کے چیمبرز میں رکھتا ہے،درخشاں، گزری اور بوٹ بیسن پولیس کو لاکھوں روپے ماہانہ ادا کرتی تھی۔ یہ بھی پڑھیں: پنکی کے مطابق پولیس اہلکار کامران نے میرے رائیڈرز کو حراست میں لیکر 2 کروڑ کی مجموعی رشوت لی،کامران نے اتنا تنگ کیا کہ اسے قتل کرانے کی منصوبہ بندی بھی کی، ملزم کامران کے قتل کیلئے کرائے کے قاتلوں کی مدد لینے کا بھی سوچاتھا۔ ملزمہ پنکی سےمزید تفتیش جاری ہے۔,N/A,24_news,13:04:PM
نیب کی بحریہ ٹاؤن کراچی کیخلاف کارروائی،ملک ریاض کی 67 ایکڑ پر قائم ’’علی ولا‘‘حویلی منجمد,"May 12, 2026",https://www.24urdu.com/12-May-2026/171621,نیب کی جانب سے 1338 ایکڑ اراضی بھی منجمد کردی گئی ہے، جس میں بحریہ گرینز اور مختلف پریسنکٹس کی زمین شامل ہے،متاثرہ پریسنکٹس میں 33، 34، 38 تا 40، 42 اور 61 شامل ہیں،نیب کے مطابق منجمد کی گئی زمین سندھ حکومت کی ملکیت ہے۔ اس کے علاوہ بحریہ ٹاؤن 2 کی 3150 ایکڑ زمین بھی منجمد کردی گئی ہے،بحریہ ٹاؤن 2 میں محکمہ جنگلات کی زمین استعمال کی گئی جبکہ زمین دھوکہ دہی سے خریدنے کا الزام بھی عائد کیا گیا ہے۔ ڈی جی نیب کراچی نے اس حوالے سے الگ حکم نامہ جاری کرتے ہوئے متعلقہ اداروں کو ہدایت کی ہے کہ زمین کسی تیسرے فریق کو منتقل نہ کی جائے،بحریہ ٹاؤن کراچی کو زمین فروخت یا ٹرانسفر کرنے سے بھی روک دیا گیا ہے۔ نیب کا ریفرنس نمبر 1/2025 احتساب عدالت کراچی میں دائر کردیا گیا ہے  جس میں 17 ہزار 672 ایکڑ سرکاری زمین خردبرد کرنے کا الزام عائد کیا گیا ہے،سرکاری زمین کی مالیت 708 ارب روپے بتائی گئی ہے۔ ریفرنس میں سندھ حکومت کے بعض اہلکاروں کی ملی بھگت کا الزام بھی شامل ہے جبکہ ایم 9 موٹروے کے قریب بحریہ ٹاؤن تعمیر کرنے سے متعلق بھی الزامات سامنے آئے ہیں۔ نیب تحقیقات میں بحریہ ٹاؤن کراچی کے خلاف نئے انکشافات سامنے آنے کا دعویٰ کیا گیا ہے۔,N/A,24_news,18:54:PM
لاہور میں بڑی واردات!چور گھر سے 4 کروڑ  کے زیورات اور3 لاکھ روپے نقدی لوٹ کر فرار,"May 12, 2026",https://www.24urdu.com/12-May-2026/171601,تفصیلات کے مطابق لاہور کے علاقے نواب ٹاؤن کے ایک گھر میں چوری کی ایک بڑی واردات سامنے  آئی جہاں نامعلوم چوروں نے ایک گھر سے کروڑوں روپے مالیت کے اثاثے صاف کر دیے ہیں۔ نامعلوم چور گھر سے 4 کروڑ روپے مالیت کے زیورات اور 3 لاکھ روپے نقدی لے اڑے ، چور اہلخانہ کی عدم موجودگی کا فائدہ اٹھاتے ہوئے گھر میں داخل ہوئے اور اطمینان سے واردات انجام دی۔ ایف آئی آر کے مطابق اہلخانہ کی عدم موجودگی میں چور بالائی منزل کے دروازے کا شیشہ توڑ کر گھر میں داخل ہوئے اور تسلی سے واردات کی، چوروں نے گھر سے 80 تولہ سونا اور 3 لاکھ روپے نقدی چوری کی، جس میں 30 انگوٹھیاں، 4 طلائی سیٹ اور ڈائمنڈ سیٹ بھی شامل ہیں۔ یہ بھی پڑھیں پولیس نے مقدمہ درج کرکے جائے وقوعہ سے فنگر پرنٹس اور دیگر شواہد اکٹھے کر لیے ہیں۔ پولیس نے دعویٰ کیا ہے کہ ملزمان کو جلد گرفتار کر لیا جائے۔,N/A,24_news,15:32:PM
سابق وفاقی وزیر انور سیف اللہ خان کی سزا کالعدم، تحریری فیصلہ جاری,"May 14, 2026",https://www.24urdu.com/14-May-2026/171768,(امانت گشکوری)سابق وفاقی وزیر انور سیف اللہ خان کی سزا کالعدم قرار دینے کا تحریری فیصلہ جاری ہوگیا۔ سپریم کورٹ نے 20 جنوری 2016 کا اکثریتی فیصلہ کالعدم قرار دیتے ہوئے سابق وفاقی وزیر انور سیف اللہ خان کی سزا کیخلاف نظرثانی درخواست منظورکرلی،جسٹس صلاح الدین پنہور نے فیصلہ تحریر کیا۔ سپریم کورٹ نے لاہور ہائیکورٹ کا 13 جون 2002 کا بریت کا فیصلہ بحال کر تے ہوئے کہاہے کہ کسی بھی شخص کو ماضی کے کسی فعل پر اس وقت کے قانون سے زیادہ سزا نہیں دی جا سکتی،استغاثہ رشوت، ذاتی فائدے یا قومی خزانے کو نقصان پہنچانے کا ثبوت پیش نہیں کر سکا۔ سپریم کورٹ کے مطابق محض انتظامی بے قاعدگی یا طریقہ کار کی غلطی مجرمانہ بدنیتی ثابت کرنے کیلئے کافی نہیں،انور سیف اللہ خان پر 1996 کے الزامات پر 1999 کے نیب آرڈیننس کا اطلاق آئینی طور پر غلط تھا،آئین کا آرٹیکل 12 ماضی کے اثر سے سزا دینے پر مکمل پابندی عائد کرتا ہے،نیب آرڈیننس 1999 میں سزا ماضی کے قوانین کے مقابلے میں زیادہ تھی،محض انتظامی بے قاعدگی یا طریقہ کار کی غلطی مجرمانہ بدنیتی ثابت کرنے کیلئے کافی نہیں،انور سیف اللہ خان نے تمام تقرریاں اوپن ریکارڈ اور محکمانہ روایات کے مطابق کیں،انتظامی کوتاہی اور مجرمانہ ذمہ داری میں واضح فرق ہے دونوں کو ایک نہیں سمجھا جا سکتا۔ سپریم کورٹ کے مطابق جب ہائیکورٹ کسی ملزم کو بری کر دے تو اس کی بے گناہی کا تصور دوگنا ہو جاتا ہے،کسی معقول بریت کے فیصلے میں مداخلت صرف غیر معمولی حالات میں ہی کی جا سکتی ہے،2016 کے اکثریتی فیصلے میں بریت کو ختم کرنے کیلئے ٹھوس قانونی بنیادیں موجود نہیں تھیں،نظرثانی کااختیار محدود ہے لیکن ریکارڈ پر واضح غلطی ہونے کی صورت میں اصلاح عدالت کا فرض ہے۔ یہ بھی پڑھیں: انور سیف اللہ خان پر 1996 میں بطور وفاقی وزیر پیٹرولیم او جی ڈی سی ایل میں غیر قانونی بھرتیوں کا الزام تھا۔,N/A,24_news,08:53:AM
27 لاکھ کے زیورات چوری کرنے والی ملزمہ ساتھی سمیت گرفتار,"May 12, 2026",https://www.24urdu.com/12-May-2026/171593,پولیس کے مطابق ملزموں سے 27 لاکھ روپے سے زائد مالیت کے مسروقہ 6 تولہ طلائی زیورات اور طلائی زیورات کی فروخت سے حاصل ہونے والی 1 لاکھ 50 ہزار روپے کی رقم برآمد کرلی گئی ہے۔ چوری کی واردات گھریلو ملازمہ کی بیٹی نے اپنے ساتھی کے ساتھ مل کر کی تھی۔ زیر حراست ملزمہ اپنے والدین کے ہمراہ سرونٹ کوارٹر میں رہائش پذیر تھی۔ پولیس کے مطابق تفتیش کا دائرہ کار بڑھاتے ہوئے گھریلو ملازمہ کی بیٹی کو شامل تفتیش کیا گیا تو اس نے اپنے ساتھی کے ساتھ مل کر چوری کی واردات کا انکشاف کیا۔ ایس پی راول سعد ارشد کے مطابق زیرحراست افراد کو ٹھوس شواہد کے ساتھ چالان عدالت کیا جائے گا۔ دوسری جانب لاہور میں چوری کی بڑی واردات ہوئی، نامعلوم چور گھر سے چار کروڑ روپے مالیت کے زیورات اور تین لاکھ روپے نقدی چوری کرکے فرار ہوگئے۔ نامعلوم چور گھر سے 4 کروڑ روپے مالیت کے زیورات اور 3 لاکھ روپے نقدی لے اڑے ، چور اہلخانہ کی عدم موجودگی کا فائدہ اٹھاتے ہوئے گھر میں داخل ہوئے اور اطمینان سے واردات انجام دی۔ ایف آئی آر کے مطابق اہلخانہ کی عدم موجودگی میں چور بالائی منزل کے دروازے کا شیشہ توڑ کر گھر میں داخل ہوئے اور تسلی سے واردات کی، چوروں نے گھر سے 80 تولہ سونا اور 3 لاکھ روپے نقدی چوری کی، جس میں 30 انگوٹھیاں، 4 طلائی سیٹ اور ڈائمنڈ سیٹ بھی شامل ہیں۔ پولیس نے مقدمہ درج کرکے جائے وقوعہ سے فنگر پرنٹس اور دیگر شواہد اکٹھے کر لیے ہیں، پولیس نے دعویٰ کیا ہے کہ ملزمان کو جلد گرفتار کر لیا جائے۔,N/A,24_news,13:55:PM
9 مئی کیس؛ سزا کے خلاف اپیل جلد سماعت کیلئے مقرر کرنے کی درخواست منظور,"May 14, 2026",https://www.24urdu.com/14-May-2026/171815,جسٹس خادم سومرو اور جسٹس محمد آصف نے عبدالطیف کی متفرق درخواست پر سماعت کی،عدالت نے کہاکہ جلد سماعت کی درخواست منظور کر لی ہے، تاریخ مل جائے گی۔ ڈاکٹر بابر اعوان نے دلائل دیتےہوئے کہاکہ اس کیس میں دیگر ملزمان کی اپیل کے فیصلے ہو چکے ہیں۔ یہ بھی پڑھیں: ڈاکٹر بابر اعوان نےعدالت سے استدعاکی کہ اپیل آئندہ ہفتے سماعت کیلئے مقرر کر دی جائے جس پرجسٹس خادم سومرونے کہاکہ آپ کو سن لیا ہے، تاریخ دے دی جائے گی۔,N/A,24_news,12:49:PM
تنسیخِ نکاح کا کیس کرنے پر شوہر نے بیوی کو قتل کر دیا,"May 13, 2026",https://www.24urdu.com/13-May-2026/171701,(24نیوز)اوکاڑہ میں تنسیخِ نکاح کا کیس کرنے پر شوہر نے بیوی کو قتل کر دیا۔ پولیس کے مطابق خاتون نے خاوند سے گھریلو ناچاقی پر فیملی کورٹ میں طلاق کے لیے کیس دائر کر رکھا تھا۔ پولیس نے خاتون کے والد کی مدعیت میں 3 ملزمان کے خلاف مقدمہ درج  کر لیا ۔,N/A,24_news,15:52:PM
لیگی ایم پی اےایوب گادھی پر حملے میں ملوث ملزم لاہور سے گرفتار,"May 14, 2026",https://www.24urdu.com/14-May-2026/171801,پولیس کے مطابق ملزم نے دیگر ملزمان کے ساتھ مل کر حملے کی منصوبہ بندی کی تھی، ملزم کو مزید تفتیش کے لیے مقامی پولیس کے حوالے کر دیا گیا ہے۔ واضح رہے کہ ایم پی اے ایوب گادھی پر ٹوبہ ٹیک سنگھ میں ان کے ڈیرے میں قاتلانہ حملے کیا گیا تھا جس میں زخمی جبکہ 4 افراد جاں بحق ہوئے تھے۔ بعدازاں آئی جی پنجاب عبدالکریم نے واقعے کا نوٹس لیتے ہوئے آر پی او فیصل آباد سے رپورٹ طلب کی تھی۔ یہ بھی پڑھیں,N/A,24_news,11:56:AM
ریاست مخالف ٹویٹ؛ فلک جاوید کے خلاف کیس کی سماعت ملتوی,"May 14, 2026",https://www.24urdu.com/14-May-2026/171793,ایڈیشنل سیشن جج ذوالفقار نعیم نے فلک جاوید کے خلاف ریاست کے خلاف ٹویٹ کرنے کے کیس کی سماعت کی،عدالت میں فلک جاوید پر فرد جرم عائد ہونا تھی ،وکلاء نے فلک جاوید کو بری کرنے کی درخواست فائل کر دی ۔ ایڈیشنل سیشن جج نے ایف آئی اے کو اکیس جون کے لیے نوٹس جاری کر دیا۔ عدالت میں فلک جاوید کو جیل سے لا کر پیش کیا گیا جبکہ صنم جاوید کو پیش نہیں کیا گیا اورعدالت کو بتایا گیاکہ وہ بیمار ہے۔ یہ بھی پڑھیں: فلک جاوید اور صنم جاوید کے خلاف ایف آئی اے نے ریاست کے خلاف ٹویٹ کرنے کے الزام میں چالان پیش کر رکھا ہے۔,N/A,24_news,11:14:AM
چوروں نے بھاری بھرکم لیلا موٹر سائکل پر لادا اور واپس چلے گئے، فوٹیج میں چہرے آ گئے,"May 07, 2026",https://www.24urdu.com/07-May-2026/171090,عید(وقاص احمد) الاضحیٰ  کی آمد  میں ابھی وقت ہے لیکن لوگوں نے قربانی کے جو جانور خرید رکھے ہیں ان کی حفاظت ایک مسئلہ بن گئی ہے۔ لاہور کے نواحی علاقہ  ہربنس پورہ سے ملحقہ  نیو کینال پارک سے ایک بھاری بھرکم لیلا  بکرا چوری ہوگیا۔ چور  موٹرسائیکل پر سوار  تھے۔  انہوں نے  ایک گھر کے باہر باندھا گیا   ایک مینڈھا (لیلا بکرا) چوری کرکے موٹر سائیکل پر لادا اور سہولت کے ساتھ  فرار ہوگئے۔ چوروں کے بکرے کو موٹر سائیکل پر لاد کر لے جانے کی واردات کی سی سی ٹی وی فوٹیج منظر عام پر آگئی۔ اس فوٹیج میں چوروں کو چند منٹ میں بکرا چوری کرکے واپس جاتے دیکھا گیا۔ متاثرہ شہری کی درخواست پر پولیس نے مقدمہ درج کرکے بکرے اور چوروں کی  تلاش شروع کر دی۔,N/A,24_news,21:40:PM
ڈاکو بیوپاری سے 45 لاکھ روپے لوٹ کر فرار,"May 10, 2026",https://www.24urdu.com/10-May-2026/171353,پولیس کے مطابق یہ واقعہ قائدآباد میں پیش آیا جہاں گزشتہ روز 6 ڈاکوؤں نے 3 بیوپاریوں سے لوٹ مار کی۔ پولیس نے بتایا کہ ملزمان بیوپاری سے 45لاکھ روپے اور موبائل فون چھین کر فرار ہوگئے تھے۔ متاثرہ بیوپاری کی مدعیت میں شاہ لطیف تھانے میں مقدمہ درج کر لیا گیا ہے۔ مقدمے کے متن کے مطابق بیوپاری اپنے دو کزن کے ہمراہ جانور خریدنے کے لیے جا رہا تھا۔ تین موٹر سائیکلوں پر سوار 6 ملزمان نے اسلحے کے زور پر روکا اور 45لاکھ ٍروپے چھیننے کے بعد فرار ہوگئے,N/A,24_news,10:08:AM
FIAکی کارروائی ،جعلی نکاح نامے پر عمان جانے کی کوشش کرنیوالی خاتون گرفتار,"May 08, 2026",https://www.24urdu.com/08-May-2026/171134,ایف آئی اے کے ترجمان کے مطابق کراچی سے عمان جاتے ہوئے خاتون مسافر کو امیگریشن کلیئرنس کے دوران روکا گیا تو اس کی دستاویزات مشکوک پائی گئیں۔ ترجمان کا کہنا ہے کہ رشتے دار ویزا پر سفر کرنے والی خاتون سے شادی سے متعلق دستاویزات طلب کیے گئے، دستاویزات اور خاتون کے انٹرویو میں بڑے تضادات سامنے آئے۔ ترجمان کے مطابق خاتون کا میرج سرٹیفکیٹ جعلی اور ارینجڈ نکلا، جعلی شادی سرٹیفکیٹ، عمان آئی ڈی اور دیگر مشتبہ دستاویزات تحویل میں لے لی گئی ہیں۔ مسافر کے موبائل فون سمیت تمام ریکارڈ مزید جانچ کے لیے اے ایچ ٹی سی کراچی منتقل کر دیے گئے ہیں۔ ترجمان ایف آئی اے کا کہنا ہے کہ بیرونِ ملک سفر کے لیے جعلسازی اور دھوکا دہی ناقابلِ برداشت ہے۔,N/A,24_news,12:05:PM
سوشل میڈیا پر ریاست مخالف پروپیگنڈے میں ملوث ملزم کو گرفتار کر لیا گیا,"May 07, 2026",https://www.24urdu.com/07-May-2026/170995,نیشنل سائبر کرائم انویسٹیگیشن ایجنسی نے بلدیہ ٹاون میں کارروائی کے دوران ریاستی ادروں کے خلاف سوشل میڈیا پر ہرزہ سرائی میں ملوث ملزم گرفتار کرلیا۔ ملزم محمد اسماعیل کافی عرصے سے مختلف سوشل میڈیا پر اداروں کی ساکھ متاثر کرنے کی غرض سے پراپگینڈہ کرنے اور مواد شئیر کرنے میں ملوث ہے۔ ملزم کے خلاف مقدمہ اندراج کے بعد مذید کارروائی جاری ہے۔,N/A,24_news,09:48:AM
اسلام آباد؛پولیس کے اے ایس آئی پر حملہ،زخمی حالت میں ہسپتال منتقل,"May 06, 2026",https://www.24urdu.com/06-May-2026/170953,ملزم نے اے ایس آئی امتیاز احمد پر چاقو سے حملہ کیا۔ پولیس حکام کے مطابق اے ایس آئی امتیاز احمد پر نامعلوم شخص نے اچانک حملہ کیا،زخمی اے ایس آئی امتیاز احمد آئینی عدالت میں ڈیوٹی پر تعینات ہیں پولیس کا مزید کہنا ہے کہ واقعے کی تحقیقات شروع کر دی گئی ہیں۔,N/A,24_news,19:41:PM
9مئی مقدمات ؛خدیجہ شاہ کے ضامنوں کیخلاف کارروائی 11 مئی تک ملتوی,"May 08, 2026",https://www.24urdu.com/08-May-2026/171137,نو مئی مقدمات میں ضمانت کے بعد ٹرائل کیلئے پیش نہ ہونے کےمقدمہ میں عدالت نے خدیجہ شاہ کے2 ضامنوں کو طلبی کے نوٹس جاری کر رکھے ہیں۔ خدیجہ شاہ نے عسکری ٹاور حملہ کیس میں ضمانت کرائی تھی ،وہ 9 مئی کے ایک مقدمہ میں سزا کے بعد غائب ہے،عدالت نے خدیجہ شاہ کے ضامن جہانزیب اور مراد علی کو طلب کر رکھا ہے۔ یہ بھی پڑھیں: عدالت نے ضامنوں کیخلاف کارروائی 11 مئی تک ملتوی کر دی۔ انسداد دہشتگردی عدالت کے جج منظر علی گل نے سماعت کی ،ضامنوں نے خدیجہ شاہ کی پانچ، پانچ لاکھ روپے کی ضمانت دی تھی ،عدالت نے دونوں ضامنوں کو آئندہ سماعت پر پیش ہونے کاحکم دے دیا۔,N/A,24_news,12:17:PM
ٹک ٹاکرثناء یوسف قتل کیس ؛گواہان کے بیانات پر جرح مکمل,"May 07, 2026",https://www.24urdu.com/07-May-2026/171027,"ڈسٹرکٹ اینڈ سیشن کورٹس اسلام آباد میں ٹک ٹاکر ثناء یوسف قتل کیس کی سماعت ایڈیشنل ڈسٹرکٹ اینڈ سیشن جج محمد افضل مجوکہ نے کی۔ استغاثہ کے مزید ایک گواہ پر وکلائے صفائی کی جانب سے جرح مکمل کر لی گئی، جس کے بعد مجموعی طور پر استغاثہ کے 23 گواہان کے بیانات پر جرح مکمل ہو چکی ہے۔ یہ بھی پڑھیں: سرکاری وکیل راجہ نوید حسین اور سردار قدیر ایڈووکیٹ عدالت میں پیش ہوئے،جرح مکمل ہونے کے بعدعدالت نے کیس کی مزید سماعت 11 مئی تک ملتوی کردی۔ ,",N/A,24_news,13:19:PM
نواب شاہ میں بڑے بھائی کے ہاتھوں چھوٹا بھائی قتل,"May 10, 2026",https://www.24urdu.com/10-May-2026/171339,افسوسناک واقعہ نواب شاہ کی تحصیل سکرنڈ کے گاؤں تاج محمد رستمانی میں پیش آیاجہاں بڑے بھائی کے ہاتھوں چھوٹا بھائی قتل ہوگیا۔ یہ بھی پڑھیں: 40 سالہ مزدور علی مراد رستمانی کو اس کے بھائی لطیف رستمانی نے قتل کردیا۔ پولیس نے لاش تعلقہ ہسپتال منتقل کرکے ملزم کو حراست میں لے لیاہے۔,N/A,24_news,09:01:AM
فیصل آباد:سی سی ڈی اور ڈاکوؤں کے درمیان مقابلہ، 4خطرناک ملزمان ہلاک,"May 05, 2026",https://www.24urdu.com/05-May-2026/170771,پولیس کے مطابق سی سی ڈی ٹیم نے رشید آباد میں مطلوب ملزمان کی گرفتاری کے لیے چھاپہ مارا، جہاں ملزمان نے پولیس پر فائرنگ شروع کردی۔ جوابی کارروائی میں سی سی ڈی ٹیم کی فائرنگ سے چار ملزمان زخمی ہوئے جو بعدازاں ہسپتال میں دم توڑ گئے۔ ہلاک ہونے والے ملزمان کی شناخت نذیر احمد، شہباز علی، آفتاب اور ہارون کے ناموں سے ہوئی ہے۔ پولیس کے مطابق یہ ملزمان پنجاب سمیت سندھ پولیس کو بھی متعدد سنگین مقدمات میں مطلوب تھے، ہلاک ڈاکو 200ے زائد ڈکیتی، چوری اور دیگر سنگین وارداتوں میں ملوث تھے۔ یہ بھی پڑھیں لاشوں کو ضابطے کی کارروائی کے لیے ہسپتال منتقل کر دیا گیا ہے جبکہ فرار ہونے والے ساتھیوں کی تلاش جاری ہے۔ ایڈیشنل آئی جی سی سی ڈی نے خطرناک ڈاکوؤں کے خلاف کامیاب کارروائی پر ایس پی صدیق چیمہ اور ٹیم کو شاباش دی ہے۔,N/A,24_news,09:31:AM
بلیک میل کا نتیجہ، ایم اے کی طالبہ نے لڑکے کو موت کے گھاٹ اتار دیا,"May 08, 2026",https://www.24urdu.com/08-May-2026/171149,تفصیلات کے مطابق ہارون آباد میں نوجوان طلحہٰ نعیم کے قتل کے واقعے کی تحقیقات میں سنسنی خیز انکشافات سامنے آئے ہیں۔ پولیس کے مطابق  ایم اے کی طالبہ اریبہ نے فائرنگ کر کے طلحہٰ نعیم کو قتل کرنے کا اعتراف کر لیا ہے۔ ملزمہ اریبہ نے اپنے بیان میں جرم کا اعتراف کرتے ہوئے بتایا کہ مقتول اسے بلیک میل کر رہا تھا۔ جس سے تنگ آ کر اس نے یہ قدم اٹھایا، پولیس نے کارروائی کرتے ہوئے قتل میں استعمال ہونے والا آلہ قتل برآمد کر لیا ہے۔ پولیس حکام کا کہنا ہے کہ ضابطے کی کارروائی مکمل کرنے کے بعد ملزمہ اریبہ کو جوڈیشل ریمانڈ پر بہاولنگر جیل منتقل کر دیا گیا ہے۔ مقتول کے لواحقین کی جانب سے انصاف کی فراہمی کا مطالبہ کیا گیا ہے۔,N/A,24_news,14:17:PM
نیو کراچی انڈسٹریل ایریا میں مبینہ پولیس مقابلہ، 5 ڈاکو ہلاک,"May 05, 2026",https://www.24urdu.com/05-May-2026/170779,ایس ایس پی سینٹرل کے مطابق پولیس نے مشکوک کار کو روکا تو ملزمان نے فائرنگ کردی، جوابی فائرنگ سے 5 ڈاکو مارے گئے جبکہ ہلاک ملزموں سے پستول، کلاشنکوف موبائل فون اور دیگر سامان برآمد کیا گیا ۔ پولیس کا کہنا ہےکہ ڈاکوؤں کی فائرنگ سے گولی ایس ایچ او کی بلٹ پروف جیکٹ پر لگی جبکہ مقابلے کے دوران پولیس اہلکار محفوظ رہے،ہلاک ڈاکوؤں کا گروہ مختلف وارداتوں میں ملوث تھا، ملزمان کی وارداتوں کی سی سی ٹی وی فوٹیج بھی  موجود ہے۔,N/A,24_news,10:15:AM
تھانے کے سامنے زیر حراست ملزم فائرنگ سے ہلاک,"May 06, 2026",https://www.24urdu.com/06-May-2026/170963,قتل کے مقدمہ کے  ملزم کو  اعلیٰ پولیس حکام کے  روبرو  پیش کرنے کے بعد واپس لایا جا رہا تھا کہ پولیس ذرائع کے مطابق موٹر سائیکل سواروں نے وہاں آ کر اندھا دھند فائرنف کر دی۔ پولیس نے بتایا کہ اس وقت قتل کے ملزم کو  پولیس کی گاڑی سے اتار کر تھانہ کے اندر  لے جایا جا رہا تھا۔ موٹر سائیکل سواروں کی فائرنگ اتنی شدید تھی کہ قتل کے ملزم کے ساتھ موجود پولیس اہلکاروں کو جانیں بچانے کے لئے بھانگا پڑا۔ موٹر سائیکل سواروں کی فائرنگ سے قتل کا ملزم موقع پر ہی مر گیا۔ حملہ آور  فائرنگ کے بعد موٹر سائیکل پر فرار ہوگئے۔ پولیس حکام  نے بعد مین بتایا کہ یہ حملہ دیرینہ دشمنی کا شاخسانہ ہو سکتا ہے ۔ پولیس نے اس حملے کی تحقیقات شروع کر دی ہیں۔ یہ بھی پڑھیں:,N/A,24_news,20:58:PM
بانی پی ٹی آئی کے خلاف دو مقدمات عدم پیروی کی بنیاد پر داخلِ دفتر,"May 06, 2026",https://www.24urdu.com/06-May-2026/170906,ڈسٹرکٹ اینڈ سیشن کورٹس میں 2014 کے دھرنے سے متعلق دو مقدمات میں اہم پیش رفت سامنے آئی ہے،عدالت نے بانی پی ٹی آئی کے خلاف دونوں مقدمات عدم پیروی کی بنیاد پر داخلِ دفتر کر دیئے۔ بانی پی ٹی آئی ودیگر کیخلاف 2014 دھرنا کے 2 کیسزپرسول جج شائستہ کنڈی نے سماعت کی،عدالت نے بانی پی ٹی آئی ودیگر ملزمان اور ان کے وکلاء کی مسلسل عدم دستیابی پر کیسز داخل دفتر کردیئے۔ یہ بھی پڑھیں: بانی پی ٹی آئی ودیگر پر دفعہ 144 کی خلاف ورزی پر مقدمات درج ہیں۔ بانی پی ٹی آئی کیخلاف تھانہ سیکرٹریٹ میں مقدمات درج ہیں۔,N/A,24_news,12:23:PM
صرف 1300 روپے کے جھگڑے پر سفاک درندوں نے دو نوجوان قتل کردیے، لاش بھی گھسیٹی,"May 08, 2026",https://www.24urdu.com/08-May-2026/171212,پولیس کے مطابق راولپنڈی کے تھانہ دھمیال کے علاقے پیر مہر علی شاہ ٹاؤن میں لڑائی جھگڑے کے دوران 25 سالہ سراج شدید زخمی ہوا جو ہسپتال منتقلی دوران راستے میں دم توڑ گیا اور جب پولیس موقع پر پہنچی تو پتا چلا لڑائی جھگڑے میں ایک اور شخص بھی قتل ہوا ہے۔ پولیس کا کہنا تھا تھا کہ شہری زین اور دیگر کا 1200 روپے کے معاملے پر دکان دار سے جھگڑا ہوا اور جھگڑے میں فائرنگ کرکے دکان دار کو قتل کیا گیا جس پر دوسرے فریق نے زین کو ڈنڈوں کے وار کرکے قتل کردیا۔ پولیس ذرائع کا کہنا ہے کہ مقتول زین کو بدترین تشدد کرکے قتل کرنے کے بعد سفاک ملزمان نے اسے موٹر سائیکل کے ساتھ باندھ کر گھسیٹا اور نعش گھر کے باہر پھینک کر فرار ہوگئے۔ نوجوان زین کا ملزمان کے ساتھ کوئی تنازع نہیں تھا،سراج کے ساتھ لین دین کا تنازع تھا جس کے بدلے میں زین کو اٹھا کر تشدد کا نشانہ بنانے کے بعد قتل کیا گیا۔ پولیس ذرائع کا کہنا ہے کہ واقعے کی تحقیقات شروع کردی گئی ہیں ملزمان کو جلد گرفتار کرلیا جائے گا۔ واضح رہے کہ رواں سال فروری میں راولپنڈی میں لین دین کے تنازع پر فائرنگ میں دو نوجوانوں کو قتل کردیا گیا تھا، مقتولین اور ملزمان ضلع کچہری میں اسٹامپ پیپرز کا کام کرتے تھے۔,N/A,24_news,22:02:PM
"عدت میں نکاح کیس کے دوران خاور مانیکا پر تشدد,سماعت ملتوی","May 07, 2026",https://www.24urdu.com/07-May-2026/171013,انسدادِ دہشت گردی عدالت اسلام آباد میں عدت میں نکاح کیس کے دوران خاور مانیکا پر تشدد سے متعلق کیس کی سماعت ہوئی، جس کی صدارت جج طاہر عباس سپرا نے کی۔ سماعت کے دوران نعیم حیدر پنجھوتھا اور عثمان ریاض کی جانب سے دہشت گردی کی دفعات کے حوالے سے دائر درخواست پر دلائل پیش نہ کیے جا سکے۔ انسداد دہشت گردی عدالت اسلام آبادمیں انسداد دہشت گردی عدالت کے جج طاہر عباس سپرا نے کیس پر سماعت کی،نعیم حیدر پنجھوتھا اور عثمان ریاض کی دہشت گردی کی دفعات کے حوالے سے دائر درخواست پر دلائل نہ ہوسکے۔ عدالت کی جانب سے ملزم انصر کیانی کی عدم پیشی پر اظہار برہمی کیاگیا،جج طاہر عباس سپرا نے کہاکہ اگر آج انصر کیانی پیش نہیں ہوتا تو وارنٹ نکلیں گے اور مچلکے بھی ضبط ہوں گے، عام بندے کیلئے الگ قانون اور وکیل کیلئے الگ قانون نہیں ہوسکتا، انہی چیزوں کیوجہ سے ہم 126ویں نمبر پر موجود ہیں۔ یہ بھی پڑھیں: جج طاہر عباس سپرا نے کہاکہ اگر اگلی سماعت پر دلائل نہیں ہوتے تو ریکارڈ دیکھ کر درخواست پر فیصلہ کروں گا،اس کے بعدعدالت نے کیس کی مزید سماعت 12 مئی تک ملتوی کردی گئی۔ پی ٹی آئی وکلاء کیخلاف تھانہ رمنا میں خاور مانیکا پر تشدد کا مقدمہ درج ہے۔,N/A,24_news,11:09:AM
صحافی ولی بابر قتل کیس کا ملزم جیل سے فرار,"May 10, 2026",https://www.24urdu.com/10-May-2026/171364,کراچی کےضلع ملیر کی جیل سےقتل اوراغوا میں ملوث قیدی لاپتہ ہوگیا،ملیر جیل میں معرکہ حق سے متعلق تقریب کےبعدگنتی کی گئی توایک قیدی کم نکلا۔ ملزم نوید عرف پولکا کو چند روزقبل ہی جوہر آبادپولیس نےگرفتارکیا تھا،ملزم کی نشاندہی پرایک مغوی کی لاش بھی برآمد کی گئی تھی،ملزم نوید نے ریحان نامی تاجر کو اغوا کے بعد قتل کیا تھا۔ یادرہےکہ گزشتہ سال ملیرجیل سے دو سوسےزائد قیدیوں کےفرار کےبعد سکیورٹی بڑھائی گئی تھی۔ پولیس حکام کےمطابق مذکورہ مفرور قیدی نویدماضی میں صحافی ولی بابرقتل کیس کے الزام میں بھی گرفتار ہوا تھا، ولی بابر قتل کیس میں ملزم عدم شواہد پر بری ہوا تھا۔,N/A,24_news,11:00:AM
کراچی :غیر قانونی سی مین بکس رکھنے پر جرمانہ,"May 04, 2026",https://www.24urdu.com/04-May-2026/170689,تفصیلات کے مطابق کلیئرنس کے دوران بے ضابطگیاں سامنے آئیں، جہاز میں 17 عملہ سوار تھا جن میں 10 بنگلہ دیشی اور 7 بھارتی شہری شامل تھے۔ جہاز عمان کے شہر شناس سے تقریباً 3000 میٹرک ٹن بلیک کاربن آئل لے کر کراچی پہنچا تھا۔ ایف آئی اے ٹیم نے تین بنگلا دیشی عملے کو بغیر درست سی مین بکس کے سفر کرتے ہوئے پایا۔ متعلقہ افراد کے پاس نہ فلیگ اسٹیٹ اور نہ ہی قومی سی مین بکس موجود تھے۔ انہوں نے آئرلینڈ سے جاری کردہ غیر قانونی سی مین بکس پیش کیے۔ ابتدائی تفتیش میں انکشاف ہوا کہ سی مین بکس آن لائن ٹریننگ کے بعد کورئیر کے ذریعے حاصل کیے گئے۔ جہاز کے ماسٹر کو آگاہ کر کے فی کس 5 لاکھ روپے جرمانہ عائد کیا گیا، مجموعی طور پر 15 لاکھ روپے جرمانہ عائد کیا گیا ہے۔ شپنگ کمپنی کو نوٹس جاری کر دیا گیا ہے اور رقم قومی خزانے میں جمع کرائی جائے گی۔ قانونی تقاضوں کی خلاف ورزی پر زیرو ٹالرنس ہے جبکہ ایف آئی اے کی بندرگاہوں پر کڑی نگرانی جاری ہے۔,N/A,24_news,13:21:PM
گوجرانوالہ، خاتون اور بچی کا قاتل گھر کا سربراہ نکلا،پڑوسی سمیت ساتھیوں کی فائرنگ سے ہلاک,"Apr 30, 2026",https://www.24urdu.com/30-Apr-2026/170247,پولیس کے مطابق ملزمان کو آلہ قتل کی برآمدگی کے لیے لے جا رہے تھے، ملزمان کےساتھیوں نے چھڑانے کی کوشش کی تو ملزمان اپنے ہی ساتھیوں کی فائرنگ سے مارے گئے، دونوں ملزمان جسمانی ریمانڈ پر پولیس کی تحویل میں تھے۔ پولیس تفتیش میں ملزم نے انکشاف کیا تھا کہ خاتون کو اس کے شوہر نے قتل کروایا، ملزم نے قتل سے پہلے خاتون کے ساتھ زيادتی بھی کی ، پھر بتایا کہ اس کے شوہر کے کہنے پر وہ اسے قتل کررہا ہے، خاتون نے اس کے بعد مزاحمت نہیں کی اور کہا مجھے مار دو ، زندہ نہیں رہنا چاہتی۔ پڑوسی ملزم نے بتایا تھا کہ ملزم شوہر نے دوسری شادی کے لیے بیوی کو قتل کروایا جب کہ قاتل نے جوئے میں ہاری رقم کا قرض اتارنے کے لیے ڈیڑھ لاکھ روپے میں قتل کیا، وارادت کے دوران شناخت چھپانے کے لیے مقتولہ کی تین سالہ بیٹی کو بھی قتل کردیا۔,N/A,24_news,11:31:AM
میرپور خاص: خاتون کو قتل کرکے دفنا دیا گیا,"May 02, 2026",https://www.24urdu.com/02-May-2026/170521,پولیس حکام کے مطابق مقتولہ کے والد اور شوہر نے ملزم کی نشاہدی کی  جس پر کارروائی کی گئی۔ ایس ایس پی فدا شاہ نے بتایا کہ مقدمے میں نامزد مرکزی ملزم کو گرفتار کرکے اسلحہ برآمد کرلیا گیا۔ ایس ایس پی کے مطابق معاملے پر ڈی ایس پی کی سربراہی میں 5 رکنی انکوائری کمیٹی قائم کر کے اور رپورٹ 7 روز میں طلب کرلی گئی۔,N/A,24_news,20:58:PM
لاہور:  بہو سے مبینہ زیادتی کے الزام میں سسر گرفتار,"Apr 30, 2026",https://www.24urdu.com/30-Apr-2026/170249,(24 نیوز)لاہور کے علاقے شاہدرہ میں بہو سے مبینہ زیادتی کے الزام میں پولیس نے سسر کو گرفتار کر لیاہے۔ پولیس کے مطابق متاثرہ خاتون کے والدین نے تھانے میں مقدمے کی درخواست دی تھی۔ اس کیس سے متعلق پولیس مزید تحقیقات بھی کر رہی ہے۔,N/A,24_news,11:36:AM
سرگودھا :جعلی عامل میاں بیوی گھر کا صفایا کرکے رفو چکر,"May 03, 2026",https://www.24urdu.com/03-May-2026/170551,پولیس نے واردات کا مقدمہ درج کرلیا ہے۔ مدعی کے مطابق ملزمان نے گھر کی خواتین کو یقین دلایا کہ کاروبار اور گھر پر کالا جادو ہے. کالا جادو کا توڑ کرنے کے بہانے ملزمان گھر سے رقم اور زیورات لے گئے۔ پولیس نے ملزمان کی تلاش کا کام شروع کردیا ہے.,N/A,24_news,09:47:AM
بشریٰ بی بی کی بیٹی کی درخواست پر رجسٹرار آفس کے اعتراضات دور,"Apr 30, 2026",https://www.24urdu.com/30-Apr-2026/170243,بشریٰ بی بی کی بیٹی مبشرہ کی درخواست پر رجسٹرار آفس کے اعتراضات دور کر دیئے گئے، جس کے بعد عدالت نے پٹیشن کو نمبر لگا کر پیر کو سماعت کے لئے مقرر کرنے کی ہدایت کر دی۔ سماعت کے دوران وکلا سلمان اکرم راجہ، علی بخاری، نعیم پنجوتھہ اور خالد یوسف عدالت کے سامنے پیش ہوئے۔ جسٹس ارباب محمد طاہر نے ریمارکس دیئے کہ اس نوعیت کے معاملات میں پہلے متعلقہ اتھارٹی سے رجوع کرنا ضروری ہوتا ہے اور اگر ابھی تک جیل حکام سے رجوع نہیں کیا گیا تو آج یا کل میں کر لیا جائے۔ جسٹس ارباب محمد طاہر نے کہا کہ پیر کو کیس پر نمبر لگنے کے بعد اسے سنا جائے گا، انہوں نے سلمان اکرم راجہ سے استفسار کیا کہ کیا پہلے بھی ملاقات نہیں ہو رہی تھی؟ جس پر وکیل نے بتایا کہ بشریٰ بی بی سے ملاقات کبھی کرا دی جاتی ہے اور کبھی روک لی جاتی ہے، اب فیملی ملاقات بھی بند کر دی گئی ہے۔ وکیل سلمان اکرم راجہ نے مؤقف اختیار کیا کہ درخواست گزار بشریٰ بی بی کی بیٹی ہیں اور ان کی ملاقات بند نہیں ہونی چاہیے، بشریٰ بی بی کی طبیعت ٹھیک نہیں اور ان کی سرجری بھی ہو چکی ہے، اس لئے کیس میں ایمرجنسی نوعیت کے پیش نظر فوری سماعت کی استدعا کی گئی۔ یہ بھی پڑھیں: عدالت نے ریمارکس دیئے کہ آج آخری ورکنگ ڈے ہونے کی وجہ سے اعتراضات دور کر دیئے گئے ہیں، کیس کو پیر کے پہلے ورکنگ ڈے پر سنا جائے گا، جس کے بعد کیس کی مزید سماعت پیر تک کیلئے ملتوی کر دی گئی۔,N/A,24_news,11:04:AM
حیدرآباد: ایک ہی گھر کی3 لڑکیاں اور 5سالہ بچی پراسرار طور پر لاپتہ,"May 02, 2026",https://www.24urdu.com/02-May-2026/170532,تھانہ نسیم نگر پولیس نے دونوں بہنوں کے والد کی مدعیت میں مقدمہ درج کر لیا ہے،مقدمے کے متن کے مطابق 30 اپریل کو ان کی دو بیٹیاں انیلہ اور رابعہ، نواسی اور بھتیجی حنا گل بازار گئی تھیں۔ متن میں کہا گیا ہے کہ بازار سے واپس نہ آنے پر اہل خانہ نے ہر ممکن جگہ تلاش کیا مگر ان کے بارے میں کوئی معلومات نہیں مل سکیں۔ مزید یہ بھی بتایا گیا ہے کہ گزشتہ چند روز سے فون کالز کے ذریعے دھمکی آمیز پیغامات موصول ہو رہے تھے۔ پولیس کے مطابق مقدمہ درج کر کے واقعے کی تحقیقات شروع کر دی گئی ہیں۔,N/A,24_news,22:49:PM
راولپنڈی سے بھارتی شہری گرفتار، پاکستانی کرنسی بھی برآمد,"May 04, 2026",https://www.24urdu.com/04-May-2026/170709,تفصیلات کے مطابق راولپنڈی کی تھانہ ویسٹریج کی پولیس نے چوہڑ چوک کے علاقے سے ایک مشکوک شخص کو گرفتار کیا ہے جس نے خود کو بھارتی شہری ظاہر کیا ہے، پولیس نے واقعے کا مقدمہ درج کر کے تحقیقات کا آغاز کر دیا ہے۔ پولیس کی مدعیت میں درج مقدمے کے متن کے مطابق  پولیس اہلکار گشت پر مامور تھے کہ ایک مشکوک شخص کو دھمیال کی طرف جاتے دیکھا،پولیس کو دیکھ کر اس شخص نے گھبرا کر واپس مڑنے کی کوشش کی جس پر اسے فوری طور پر روک لیا گیا۔ تلاشی اور پوچھ گچھ کے دوران جب مشکوک شخص سے اس کی شناختی دستاویزات طلب کی گئیں تو وہ کوئی بھی قانونی دستاویز پیش نہ کر سکا، پولیس کے مطابق گرفتار شخص نے اپنی شناخت دلیر مشتاق ولد مشتاق احمد صوفی کے نام سے کروائی اور اعتراف کیا کہ وہ بھارتی شہری ہے۔ گرفتار شخص کے قبضے سے دو بال پین اور 1750 روپے پاکستانی کرنسی برآمد ہوئی ہے،پولیس نے ملزم کے خلاف فارن ایکٹ کے تحت مقدمہ درج کر لیا ہے اور متعلقہ اداروں کو اس حوالے سے مطلع کر دیا گیا ہے تاکہ مزید حقائق سامنے لائے جا سکیں۔,N/A,24_news,17:28:PM
23 تولہ طلائی زیورات چوری کا ڈراپ سین، گھر میں رنگ روغن کرنے والا گرفتار,"Apr 30, 2026",https://www.24urdu.com/30-Apr-2026/170244,ترجمان راولپنڈی پولیس کے مطابق گھر سے کروڑ روپے سے زائد مالیت کے طلائی زیورات چرانے والے ملزم کو حراست میں لے لیا گیا ہے  اور مسروقہ 23 تولہ طلائی زیورات بھی برآمد کر لیے گئے ہیں،  ملزم چند روز قبل شہری کے گھر میں پینٹنگ کا کام کر رہا تھا اور اس نے موقع پا کر طلائی زیورات چرائے اور فرار ہو گیا تھا۔ ملزم سے برآمد شدہ طلائی زیورات مالک کے حوالے کر دیئے گئے ہیں، جس پر  شہری نے کم وقت میں ملزم کی گرفتاری اور مسروقہ زیورات کی برآمدگی پر پولیس افسران کا شکریہ ادا کیا۔ خیال رہے کہ گزشتہ روز  شہر قائد کے علاقے صدر میں ڈاکو جیولری شاپ پر انوکھی واردات کرتے ہوئےسونے کی کروڑوں روپے مالیت کی تجوری لے اڑے۔ ایس ایس پی ساؤتھ کے مطابق دو ملزموں نے دکان کا شٹر کٹر سے کاٹا اور اندر داخل ہوئے، ملزمان نے وہاں موجود چوکیدار کو پہلے اسلحہ کے زور پر یرغمال بنایا اور پھر اسے لالچ دے کر اپنے ساتھ ملا لیا۔ پولیس کا کہنا ہے کہ جیولرز کی جانب سے تاحال نقصان کا حتمی تخمینہ اور ایف آئی آر کے لیے درخواست موصول نہیں ہوئی ہے، تاہم پولیس ٹیمیں موقع پر موجود ہیں اور واقعے کی مختلف پہلوؤں سے تحقیقات جاری ہیں۔ اس کے علاوہ  کراچی میں مسلح ڈاکو معروف تاجر کے بنگلے میں داخل ہو کر لاکھوں روپے مالیت کی نقدی اور سونا لوٹ کر فرار ہو ئے تھے، کراچی کے علاقے گلبرگ میں دن دہاڑے ڈکیتی کی ایک سنگین واردات آئی  جہاں مسلح ڈاکو ایک معروف تاجر کے بنگلے میں داخل ہو کر لاکھوں روپے مالیت کی نقدی اور سونا لوٹ کر فرار ہو ئے، مسلح ڈاکوؤں نے گھر میں داخل ہو کر خواتین سمیت تمام اہل خانہ کو اسلحے کے زور پر یرغمال بنا لیا،ڈاکوؤں نے پورے گھر کی تلاشی لی اور الماریوں کے تالے توڑ کر درج ذیل سامان لوٹا ، جس میں بھاری مقدار میں سونا اور زیورات سمیت لاکھوں روپے کی نقدی شامل ہیں۔,N/A,24_news,11:06:AM
ثنا یوسف کیس؛ ٹرائل دوسری عدالت منتقل کرنے کی درخواست مسترد،فیصلہ جاری,"May 02, 2026",https://www.24urdu.com/02-May-2026/170455,اسلام آباد ہائیکورٹ کے چیف جسٹس سرفراز ڈوگر نے تفصیلی فیصلہ جاری کیا ۔ تفصیلی فیصلے میں کہاگیاکہ ٹرائل کورٹ کے جج پر جانبداری، بدتمیزی کے الزامات بےبنیاد قرار دے کر درخواست خارج کی گئی،کیس کا ٹرائل ایڈیشنل سیشن جج ویسٹ کی عدالت میں ہی جاری رہے گا۔ اسلام آباد ہائیکورٹ کی جانب سے جاری فیصلے میں مزیدکہاگیاکہ بار بار التوا مانگنا انصاف کی راہ میں رکاوٹ ڈالنے کے مترادف ہے، ملزم عمر حیات کی جانب سے ٹرائل کورٹ کیخلاف استعمال کی گئی زبان غیرمناسب اور عدلیہ کے وقار کیخلاف ہے۔ یہ بھی پڑھیں: ملزم عمر حیات کی جانب سے ٹرائل دوسری عدالت میں منتقل کرنے کی استدعا کی گئی تھی،ملزم کی جانب سے ایڈیشنل سیشن جج پر جانبدار ہونے کا الزام بھی لگایا گیا تھا۔,N/A,24_news,11:06:AM
پنجاب : مختلف شہروں سے 21 دہشت گرد گرفتار,"May 02, 2026",https://www.24urdu.com/02-May-2026/170459,ترجمان کے مطابق لاہور سے فتنہ الخوارج کے دہشت گرد پیر شمس کو بارودی مواد سمیت گرفتار کیا گیا ۔ ٹوبہ ٹیک سنگھ سے بی ایل اے کے دہشت گرد عبداللطیف کو بھی دھماکا خیز مواد کے ساتھ گرفتار کیا گیا۔ دہشت گردوں سے دھماکا خیز مواد، آئی ای ڈی بم اور ایک ڈیٹونیٹر برآمد ہوا ہے۔ دہشت گرد مختلف مقامات پر کارروائیاں کرنا چاہتے تھے۔ ترجمان کا کہنا ہے کہ دہشت گردوں میں مصباح، سمیع اللہ، گلاب خان ریمان، طور خان، زارین شاہ، ضیاء الرحمٰن، عظیم اللہ اور عبدالصمدام بھی شامل ہیں۔,N/A,24_news,11:40:AM
کراچی میں اسلحہ سپلائی نیٹ ورک بے نقاب، 100 سے زائد جدید ہتھیار برآمد، مرکزی ملزم گرفتار,"May 03, 2026",https://www.24urdu.com/03-May-2026/170590,تفصیلات کے مطابق بلوچ کالونی پولیس نے رحمان کالونی میں انٹیلیجنس بیسڈ آپریشن کیا، ایس ایس پی ایسٹ کے مطابق کارروائی کے دوران اسلحہ سپلائی میں ملوث ملزم کو گرفتار کیا گیا جس کی شناخت راشد ولد الطاف کے نام سے ہوئی ہے۔ پولیس حکام کے مطابق ملزم کے گھر سے 100 سے زائد مختلف اقسام کا جدید اسلحہ، ایمونیشن، اسپیئر پارٹس اور پنچنگ ڈائیز برآمد کی گئیں، برآمد شدہ اسلحہ میں 12 بور ریپیٹر، 12 بور رائفلز، 30 بور کلوز بٹ MP5، رائفل M4 اور 12 بور لانگ بٹ رائفل شامل ہیں۔ مزید برآمدگی میں 12 بور ترکی میڈ رائفل، 12 بور OLT میڈ رائفل، 7 ایم ایم رائفلز، نائن ایم ایم پسٹلز، 30 بور پسٹلز اور 30 بور MP5 بھی شامل ہیں۔ یہ بھی پڑھیں پولیس کے مطابق ابتدائی تفتیش میں ملزم نے انکشاف کیا کہ وہ مختلف شہروں سے غیر قانونی اسلحہ لا کر اپنے گھر میں ذخیرہ کرتا اور بعد ازاں اسے فروخت کرتا تھا، حکام کا کہنا ہے کہ ملزم عادی جرائم پیشہ ہے اور اس سے قبل بھی متعدد مقدمات میں گرفتار ہوچکا ہے۔ پولیس نے ملزم کے خلاف مقدمہ درج کرکے مزید تفتیش شروع کردی ہے۔,N/A,24_news,14:21:PM
نوابشاہ: منشیات فروشوں کی سہولت کاری ثابت ہونے پرپولیس کا اہلکار نوکری سے برخاست,"May 04, 2026",https://www.24urdu.com/04-May-2026/170721,ایس ایس پی شہید بینظیر آباد سمیر نور چنہ نے سی آئی اے پولیس اہلکار ظفر زرداری کو نوکری سے برخاست کیا،ایس ایس پی سمیر نور چنہ کا کہنا ہے کہ منشیات کے خلاف زیرو ٹالرنس پالیسی پر ہر صورت عمل کیا جائے گا۔ انہوں نے کہا کہ محکمہ پولیس میں موجود کالی بھیڑوں کے خلاف آپریشن جاری رہے گا۔ ایس ایس پی کے مطابق جو بھی پولیس اہلکار منشیات فروشوں کی سہولت کاری میں ملوث پایا گیا اس کے خلاف سخت کارروائی کی جائے گی۔,N/A,24_news,19:26:PM
فیصل آباد:گھریلو جھگڑے پر شوہر نے بیوی کو گلا دبا کر قتل کر دیا,"May 03, 2026",https://www.24urdu.com/03-May-2026/170560,تفصیلات کے مطابق تھانہ صدر کے علاقہ میں گھریلو لڑائی جھگڑا پر شوہر نے بیوی کو موت کے گھاٹ اتار دیا۔ ملزم سہیل مسیح اپنی بیوی 35 سالہ صنعم کو قتل کرکے موقع سے فرار ہوگیا۔ پولیس نے لاش کو تحویل میں لے لیا،پولیس نے مقتولہ صنعم کے والد سیموئیل مسیح کی مدعیت میں مقدمہ درج  کرکے کارروائی کا آغاز کردیا۔ یہ بھی پڑھیں,N/A,24_news,10:23:AM
تین بچوں کے قتل کا مقدمہ؛گرفتار ملزمہ کا مزید 4روزہ جسمانی ریمانڈ منظور,"May 04, 2026",https://www.24urdu.com/04-May-2026/170732,(جمال الدین جمالی) اچھرہ میں تین بچوں کے قتل کے مقدمہ کی ملزمہ کا مزید 4روزہ جسمانی ریمانڈ منظور کرلیاگیا۔ تفصیلات کے مطابق ماڈل ٹاؤن کچہری لاہور میں اچھرہ میں تین بچوں کے قتل کے مقدمہ میں گرفتار ملزمہ ردا فاطمہ کو  جسمانی ریمانڈ مکمل ہونے کے بعد عدالت پیش کیا گیا ، ملزمہ کو سخت  سکیورٹی میں ماڈل ٹاؤن کچہری میں پیش کیا گیا ۔ جوڈیشل مجسٹریٹ ماڈل ٹاؤن کورٹس نے کیس کی سماعت کی،سی سی ڈی نے استدعا کی کہ  مزید تفتیش کیلئے ملزمہ کے جسمانی ریمانڈ میں توسیع کی جائے۔ عدالت نے ملزمہ ردا فاطمہ کا مزید چار دن کا جسمانی ریمانڈ منظور کر لیا ۔عدالت نے کہاکہ  ملزمہ کو 8 مئی کو دوبارہ پیش کیا جائے۔عدالت نے آئندہ سماعت پر  تفتیشی افسر سے رپورٹ طلب کر لی ۔ یادرہے کہ تھانہ اچھرہ پولیس نے تین بچوں کے قتل کا  مقدمہ درج کررکھا ہے۔ یہ بھی پڑھیں:,N/A,24_news,20:48:PM
ایف آئی اے اینٹی ہیومن ٹریفکنگ سرکل کی کاروائی ، ویزہ فراڈ میں ملوث شخص گرفتار,"Apr 30, 2026",https://www.24urdu.com/30-Apr-2026/170290,ملزم نے بیرونِ ملک روزگار کے نام پر شہریوں سے فراڈ کیا تھا،الزم ناصر محمود نے شہری محمد راسخ سے اس کے بھائی اسد علی اور کزن محسن خان کو پرتگال بھجوانے کے نام پر 6 لاکھ روپے نقد اور بینک کے ذریعے وصول کیے۔ ملزم نہ تو پرتگال کا ورک ویزا فراہم کر سکا اور نہ ہی وصول کی گئی رقم واپس کی۔ انکوائری مکمل ہونے کے بعد ایف آئی اے نے ملزم کے خلاف  مقدمہ درج کرلیا،ملزم کے خلاف امیگریشن آرڈیننس 1979 کی دفعات 18، 22 اور تعزیراتِ پاکستان کی دفعہ 109 کے تحت مقدمہ درج کر لیا ہے۔ یہ بھی پڑھیں :,N/A,24_news,18:39:PM
وائٹ ہاؤس حملے میں ملوث ملزم عدالت پیش ،کتنی سزاہوسکتی ہے؟,"Apr 28, 2026",https://www.24urdu.com/28-Apr-2026/170018,"استغاثہ کے مطابق 31 سالہ کول ٹوماس ایلن کا تعلق کیلیفورنیا سے ہے اور اسے ٹرمپ کو قتل کرنے کی کوشش اور اسلحہ رکھنے کے دو مقدمات کا سامنا ہے,عدالت میں پیشی کے دوران ملزم نے صحت جرم سے انکار یا اقرار نہیں کیا۔ پراسیکیوٹرز کے مطابق ملزم وائٹ ہاؤس کے سالانہ صحافتی عشائیے کے دوران سیکیورٹی چیک پوائنٹ عبور کرتے ہوئے ایک نیم خودکار پستول، پمپ ایکشن شاٹ گن اور تین چاقوؤں کے ساتھ آگے بڑھاتھا۔ حملے کے دوران سیکرٹ سروس کے ایک اہلکار کو سینے پر گولی لگی، تاہم وہ بلٹ پروف جیکٹ کے باعث محفوظ رہے تھے،اہلکار نے جوابی کارروائی میں فائرنگ کی جس کے بعد ملزم کو زمین پر گرا کر گرفتار کر لیا گیا۔ یہ بھی پڑھیں: واقعہ کے وقت صدر ٹرمپ، نائب صدر جے ڈی وینس اور دیگر اعلیٰ حکام کو فوری طور پر محفوظ مقام پر منتقل کر دیا گیا تھا۔ اس واقعے کے بعد وائٹ ہاؤس کی سیکیورٹی کا ازسرنو جائزہ بھی شروع کر دیا گیا ہے،عدالت میں پیشی کے دوران ملزم پرسکون دکھائی دیا اور جج کے سوالات کے مختصر جوابات دیتا رہا،جرم ثابت ہونے کی صورت میں اسے عمر قید کی سزا ہو سکتی ہے۔",N/A,24_news,09:55:AM
گوجرانوالہ :گھر میں ماں اور معصوم بیٹی بیدردی سے قتل,"Apr 28, 2026",https://www.24urdu.com/28-Apr-2026/170048,گوجرانوالہ کے علاقے تھانہ گرجاکھ کی حدود رحمت پورہ میں لرزہ خیز واردات پیش آئی ہے، جہاں ایک گھر سے ماں اور اس کی بیٹی کی لاشیں ملی،پولیس نے ابتدائی تحقیقات میں بتایا کہ مقتولہ خاتون اور اس کی معصوم بیٹی کو نامعلوم ملزم نے تیز دھار آلے کے پے در پے وار کر کے قتل کیا، حیران کن طور پر قاتل نے گھر میں موجود دوسری بچی کو کوئی نقصان نہیں پہنچایا، جسے پولیس نے اپنی تحویل میں لے لیا ہے۔ واقعے کی اطلاع ملتے ہی ایس پی سٹی پولیس کی بھاری نفری کے ہمراہ جائے وقوعہ پر پہنچ گئے، پولیس نے جائے وقوعہ سے اہم شواہد اکٹھے کرنے کے بعد دونوں لاشوں کو پوسٹ مارٹم کیلئے ہسپتال منتقل کر دیا ہے۔ پولیس کا کہنا ہے کہ قتل کی وجوہات تاحال واضح نہیں ہو سکی ہیں تاہم تمام زاویوں سے تفتیش کی جا رہی ہے تاکہ سفاک قاتل کو جلد از جلد قانون کے شکنجے میں لایا جا سکے۔,N/A,24_news,13:33:PM
سابق انٹرنیشنل کرکٹرنوید لطیف کے بیٹےپراوباش نوجوانوں کا تشدد,"Apr 29, 2026",https://www.24urdu.com/29-Apr-2026/170169,سابق انٹرنیشنل کرکٹر نوید لطیف کے مطابق بیٹا محمد روحان سودا سلف لینے نکلا، راستے میں موٹر سائیکل سوار گروپ نے حملہ کیا،ملزمان نے گاڑی روک کر روحان کو باہر نکالا اور تشدد کا نشانہ بنایا۔ ملزمان نے زخمی محمد روحان کو چھوڑ کر فرار ہونے میں کامیاب ہوئے،پولیس نے واقعےکامقدمہ درج کر لیا۔ کرکٹر کا کہناہے کہ ملزمان تاحال گرفتار نہ ہو سکے اور ملزمان کی جانب سے دھمکیوں کا سلسلہ بھی جاری ہے، ان کا کہنا ہے کہ میرے بچے سکول بھی نہیں جا پا رہے۔ نوید لطیف نے وزیر اعلی پنجاب مریم نواز شریف سے نوٹس لینے اورملزمان کی فوری گرفتاری کا مطالبہ کیا ہے۔,N/A,24_news,17:48:PM
کراچی:1 کروڑ60 لاکھ کا کپڑا چوری کرنیوالا گرفتار,"Apr 27, 2026",https://www.24urdu.com/27-Apr-2026/169925,اس حوالے سے ایس پی انویسٹیگیشن ساؤتھ توحید رحمٰن کا کہنا ہے کہ ملزم نے بیوپاری کے کپڑے کے 104 بنڈل چوری کیے تھے۔ توحید رحمٰن نے کہا ہے کہ واقعے کا مقدمہ 21 اپریل کو تھانہ آرام باغ میں درج کیا گیا تھا۔,N/A,24_news,11:29:AM
ثناء یوسف قتل کیس؛وکیل صفائی کی طبیعت خراب ہونے  پرسماعت ملتوی,"Apr 28, 2026",https://www.24urdu.com/28-Apr-2026/170032,ڈسٹرکٹ اینڈ سیشن کورٹس اسلام آباد میں ٹک ٹاکر ثناء یوسف قتل کیس کی سماعت ہوئی،اس دوران استغاثہ کے مزید ایک گواہ کا بیان ریکارڈ کر لیا گیا،گواہ پر جرح کے دوران وکیل صفائی کی طبیعت خراب ہوگئی۔ عدالت نے وکیل صفائی کی طبیعت ناسازی کے باعث سماعت 30 اپریل تک ملتوی کردی۔ ڈسٹرکٹ اینڈ سیشن کورٹس اسلام آباد میںایڈیشنل ڈسٹرکٹ اینڈ سیشن جج محمد افضل مجوکہ نے ٹک ٹاکر ثناء یوسف قتل کیس کی سماعت کی،سرکاری وکیل راجہ نوید حسین کیانی عدالت میں پیش ہوئے۔ یہ بھی پڑھیں:,N/A,24_news,12:01:PM
’’انٹرپول نے ملک ریاض اور علی ریاض کے ریڈ وارنٹ جاری کر دیئے‘‘,"Apr 29, 2026",https://www.24urdu.com/29-Apr-2026/170172,چیئرمین نیب لیفٹیننٹ جنرل (ر) نذیر احمد نےسینئر صحافیوں سے ملاقات  کی جس میں گفتگو کرتےہوئے انہوں نے کہا کہ  ملک ریاض اور علی ریاض کے ریڈ وارنٹ  ہو چکے ہیں،ریڈ وارنٹ رئیل اسٹیٹ سیکٹر میں کرپشن کے بھاری کیسز پر جاری ہوئے،ان کا کہنا تھا کہ ملک ریاض کیخلاف 900 ارب کے زائد کے کیسز کی تحقیقات مکمل ہوچکی ہے۔ چیئرمین نیب کا مزید کہنا تھا کہ نیب کے کہنے پر انٹر پول نے ملک ریاض اور علی ریاض ملک کے ریڈ وارنٹ جاری کر دیئے۔,N/A,24_news,18:07:PM
اٹک؛ راستے کے تنازع پرتصادم، 2افرادجاں بحق، 2شدید زخمی,"Apr 26, 2026",https://www.24urdu.com/26-Apr-2026/169816,اٹک میں حسن ابدال پیرسخاوت دربار پر راستے کے تنازع پردو گروپوں کے درمیان شروع ہونےوالاجھگڑاخونی تصادم میں بدل گیاجس میں آتشیں اسلحہ کا استعمال ہوا۔ جاں بحق ہونے والوں میں 53 سالہ سجاد حسین شاہ اور 43 سالہ اسد علی شامل ہیں جبکہ زخمیوں میں 38 سالہ بخش الٰہی اور جاوید نامی شخص شامل ہیں۔ یہ بھی پڑھیں: ریسکیوذرائع کے مطابق پولیس ملزمان کی تلاش میں مصروف عمل ہے ۔,N/A,24_news,09:27:AM
چچی نے گلا دبا کر 6 سالہ بھتیجی کو قتل کر دیا,"Apr 29, 2026",https://www.24urdu.com/29-Apr-2026/170149,پولیس کے مطابق گزشتہ دنوں خاتون کا اپنے دیور کے ساتھ جھگڑا ہوا تھا، ملزمہ نے قتل کے بعد ساتھی خاتون سے مل کر لاش گھر میں چھپا دی۔ کیس میں تفتیش کے دوران پولیس نے لاش برآمد کر کے دونوں خواتین ملزمان کو گرفتار کر لیا۔ پولیس کے مطابق دونوں خواتین نے بچی کے قتل کا اعتراف کر لیا ہے۔,N/A,24_news,14:09:PM
گوجرانوالہ بک کا انتہائی مطلوب انسانی اسمگلر گرفتار,"Apr 28, 2026",https://www.24urdu.com/28-Apr-2026/170040,"انسانی اسمگلر شہباز عرف شہباز حیدری متعدد مقدمات میں مطلوب تھا،ایف آئی اے گوجرانوالہ زون نےگوجرانوالہ کچہری میں ڈائریکٹر ایف آئی اے کے احکامات پر بڑی کارروائی کرتے ہوئے  ملزم کو گرفتار کیا۔ شہباز حیدری گوجرانوالہ ریڈ بک / ایم ڈبلیو ٹی 2026 میں شامل خطرناک انسانی سمگلر تھا،وہ 16 مختلف مقدمات میں نامزد جبکہ متعدد کیسز میں اشتہاری قرار دیا جا چکا تھا۔ شہبازحیدری کے خلاف خلاف امیگریشن آرڈیننس 1979 کے تحت مقدمات درج ہیں،وہ  شہریوں کو اٹلی بھجوانے کے نام پر 10, 10 لاکھ روپے وصول کرتا تھا،اس نے سربیا اور انڈونیشیا کے جعلی ویزے فراہم کیے۔ تفتیش کے دوران اس نے انسانی سمگلنگ کے بڑے نیٹ ورک کا انکشاف کیاہے،وہ 2010 سے انسانی سمگلنگ میں ملوث رہااورشہریوں کو غیر قانونی راستوں سے ایران اور ترکی منتقل کرتا تھا،بعدازاں خطرناک سمندری راستوں کے ذریعے یورپ بھجوانے کی کوشش کی جاتی تھی۔ یہ بھی پڑھیں: متاثرین کو تشدد اور غیر انسانی سلوک کا نشانہ بنایا گیا،متاثرین کو اغواء نما صورتحال میں رکھ کر اہل خانہ سے تاوان بھی وصول کرتا رہا، ملزم نے منظم نیٹ ورک کے ذریعے شہریوں کا استحصال کیا۔ ترجمان ایف آئی اے گوجرانوالہ زون کے مطابق ملزم سے مزید تفتیش جاری ہے۔",N/A,24_news,12:37:PM
راولپنڈی:پولیس کی کارروائی،10 سالہ طالبعلم پر تشدد کرنے والا معلم گرفتار,"Apr 27, 2026",https://www.24urdu.com/27-Apr-2026/169923,پولیس کے مطابق متاثرہ طالب علم کے والد نے مدرسے کے استاد کے خلاف مقدمہ درج کرایاتھا۔ مدعی مقدمے کے مطابق استاد نے پھٹی ہوئی ٹوپی پہننے پرطالب علم کوپلاسٹک کے پائپ سےمارا  جس کے بعد پولیس نے طالب علم پر تشدد کے الزام میں استاد کو گرفتار کرلیا۔ پولیس  کے مطابق  طالب علم کا طبی معائنہ کرالیا گیا ہے، طالب علم پر تشدد اور اسے حبس بےجا میں رکھنے پرتفتیش ہورہی ہے۔ یہ بھی پڑھیں,N/A,24_news,11:10:AM
اینٹی کرپشن عدالت نےہیڈ کلرک یونس کو سزا سنادی,"Apr 29, 2026",https://www.24urdu.com/29-Apr-2026/170191,ترجمان اینٹی کرپشن کے مطابق  سال 2024 میں اینٹی کرپشن ٹیم نے ریڈ کرکے ملزم کو رشوت لیتے رنگے ہاتھوں گرفتار کیا تھا، ملزم کے خلاف 17/24 مقدمہ اینٹی کرپشن میں درج ہے ۔ ترجمان اینٹی کرپشن کا مزید کہنا تھا کہ کرپشن میں ملوث عناصر کے خلاف کاروائیاں جاری رہیں گی ۔,N/A,24_news,20:56:PM
جواپروموشن کیس؛ رجب بٹ،ندیم نانی والا اور زرق کی عبوری ضمانتوں میں توسیع,"Apr 28, 2026",https://www.24urdu.com/28-Apr-2026/170023,جوا کی پروموشن کے  کیس میں ایڈیشنل سیشن جج ذوالفقار نعیم نے یو ٹیوبر رجب بٹ ،ندیم نانی والا اور زرق کے کیس کی عبوری ضمانتوں میں 20 مئی تک توسیع کردی۔ عدالت کو تحریری بتایا گیا کہ ابھی فرانزک لیبارٹری کی رپورٹ وصول نہیں ہوئی جس کی وجہ سے حتمی راے ملزمان کے گنہگار ہونے یا نہ ہونے کی نہیں دی جاسکتی۔ یہ بھی پڑھیں: عدالت میں تفتیشی موجود نہ تھا،عدالت نے تفتیش مکمل کرنے کاآخری موقع دیتے ہوے سماعت ملتوی کردی۔,N/A,24_news,10:50:AM
گوجرانوالہ:گھر سے ماں بیٹی کی لاشیں برآمد,"Apr 27, 2026",https://www.24urdu.com/27-Apr-2026/169969,(زاہد اقبال رانا) گوجرانوالہ کے تھانہ گرجاکھ کے علاقے رحمت پورہ میں گھر سے ماں بیٹی کی لاشیں برآمدہوئی ہے۔ پولیس ذرائع کے مطابق مقتولین ماں اور بیٹی کو تیز دھار آلے سے قتل کیا گیا، لاشوں کو پوسٹ مارٹم کیلئے ہسپتال منتقل کر دیا گیا ہے ۔ ماں بیٹی کی لاشیں ملنے پر علاقے میں خوف و ہراس پھیل گیا ،ایس پی سٹی پولیس کی بھاری نفری کے ہمراہ موقع پر پہنچ گئی۔ قتل کی وجوہات تاحال سامنے نہ آسکیں،گرجاکھ پولیس نے موقع سے شواہد اکٹھے کر کے مزید تفتیش شروع کر دی ہے۔ یہ بھی پڑھیں:,N/A,24_news,19:53:PM
نیوزی لینڈ:51 مسلمانوں کے قاتل کی اپیل مسترد,"Apr 30, 2026",https://www.24urdu.com/30-Apr-2026/170242,تین ججوں کے پینل نے برینٹن ٹیرنٹ کے اس دعوے کو مسترد کر دیا کہ جیل کی صورتحال نے اسے دہشت گردی، قتل اور اقدامِ قتل کے الزامات پر غیرارادی طور پر اعترافِ جرم کرنے پر مجبور کیا۔ آسٹریلوی شہری، جو اب 35 برس کا ہے، نے مارچ 2019 میں جمعہ کی نماز کے دوران دو مساجد پر نیم خودکار ہتھیاروں سے فائرنگ کر کے 51 نمازیوں کو قتل اور درجنوں کو زخمی کیا تھا۔ مارچ 2020 میں ٹیرنٹ کے اعترافِ جرم نے متاثرہ خاندانوں اور زندہ بچ جانے والوں کو سکون پہنچایا، جو ایک طویل مقدمے اور اس کے دوران اس کی نفرت انگیز سوچ کے اظہار سے خوفزدہ تھے، اس کی اپیل کی ناکامی، جو مقررہ قانونی مدت کے 505 دن بعد دائر کی گئی تھی، کا مطلب ہے کہ ایسا مقدمہ دوبارہ ٹل گیا ہے۔ اس کا ذہنی بیماری کا دعویٰ بھی مسترد کر دیا گیا، ججوں نے لکھا کہ وہ کسی ذہنی معذوری یا نااہلی کا شکار نہیں تھا جس کی وجہ سے وہ رضاکارانہ طور پر اعترافِ جرم نہ کر سکتا، انہوں نے مزید کہا کہ اس نے ہمیں اپنے ذہنی حالت کے بارے میں گمراہ کرنے کی کوشش کی، لیکن تمام شواہد سے ظاہر ہوتا ہے کہ اس نے سوچ سمجھ کر اور مکمل طور پر عقلی فیصلہ کیا تھا۔ عدالت کے فیصلے میں یہ بھی بتایا گیا کہ ٹیرنٹ نے سماعت کے بعد اپنی اپیل ترک کرنے کی کوشش کی، لیکن ججوں نے اسے بھی رد کر دیا اور کہا کہ یہ معاملہ عوامی دلچسپی کا ہے اور اسے حتمی طور پر طے ہونا چاہئے۔,N/A,24_news,11:02:AM
پاکپتن میں خاتون ٹیچر کے قتل کا ملزم کانسٹیبل پولیس حراست میں ہلاک,"Apr 26, 2026",https://www.24urdu.com/26-Apr-2026/169894,پاکپتن کے ڈسٹرکت پولیس آفیسر جاوید اقبال چدھڑ نے بتایا ہے کہ ڈاکٹرز کے مطابق ملزم کانسٹیبل زاہد سکھیرا کی موت دل کا دورہ پڑنے سے ہوئی۔ ڈی پی او جادیو چدھڑ نے  بتایا کہ پولیس تحقیقات کے مطابق مرنے والے ملزم نے اپنے ساتھیوں کے ساتھ  مل کر خاتون ٹیچر کو اغوا ک کیا تھا اور اغوا کرنے کے بعد قتل کر دیا تھا۔ ملزم کے خلاف مقتولہ خاتون ٹیچر کے بھائی کی مدعیت میں مقدمہ درج ہے۔ ڈی پی او نے بتایا کہ وہ اس واقعے کے بارے میں کل پریس کانفرنس  میں مکمل حقائق سامنے لائیں گے۔ یہ بھی پڑھیئے:,N/A,24_news,23:37:PM
جیولر شاپ پر بڑی واردات، ڈکیت کروڑوں مالیت کی تجوری لے اڑے,"Apr 29, 2026",https://www.24urdu.com/29-Apr-2026/170161,ایس ایس پی ساؤتھ کے مطابق یہ واقعہ صبح ساڑھے 5 بجے پیش آیا جہاں دو ملزموں نے دکان کا شٹر کٹر سے کاٹا اور اندر داخل ہوئے، ملزمان نے وہاں موجود چوکیدار کو پہلے اسلحہ کے زور پر یرغمال بنایا اور پھر اسے لالچ دے کر اپنے ساتھ ملا لیا۔ چوکیدار نے پولیس کو دیئے گئے بیان میں انکشاف کیا کہ ملزموں نے اسے مدد کے بدلے 50 ہزار روپے دینے کا وعدہ کیا تھا۔ ملزمان چوکیدار ہی کی مدد سے دکان کی بھاری بھرکم تجوری باہر نکالنے میں کامیاب ہوئے اور پھر اسے وعدے کے مطابق رقم دیئے بغیر تجوری سمیت فرار ہو گئے۔ مبینہ طور پر تجوری میں 20 کروڑ روپے مالیت کا مال موجود تھا۔ پولیس کا کہنا ہے کہ جیولرز کی جانب سے تاحال نقصان کا حتمی تخمینہ اور ایف آئی آر کے لیے درخواست موصول نہیں ہوئی ہے، تاہم پولیس ٹیمیں موقع پر موجود ہیں اور واقعے کی مختلف پہلوؤں سے تحقیقات جاری ہیں۔ دوسری جانب وزیر داخلہ سندھ ضیاء الحسن لنجار نے واقعے کا سخت نوٹس لیتے ہوئے ڈی آئی جی ساؤتھ سے فوری طور پر تفصیلی رپورٹ طلب کر لی ہے۔ وزیر داخلہ نے پولیس حکام کو ہدایت جاری کی ہے کہ نقب زنوں کی گرفتاری کے لیے پولیس ٹیموں کو فوری طور پر متحرک کیا جائے اور اس سلسلے میں کسی قسم کی کوتاہی برداشت نہ کی جائے۔ خیال رہے کہ گزشتہ روز  کراچی میں مسلح ڈاکو معروف تاجر کے بنگلے میں داخل ہو کر لاکھوں روپے مالیت کی نقدی اور سونا لوٹ کر فرار ہو ئے تھے، کراچی کے علاقے گلبرگ میں دن دہاڑے ڈکیتی کی ایک سنگین واردات آئی  جہاں مسلح ڈاکو ایک معروف تاجر کے بنگلے میں داخل ہو کر لاکھوں روپے مالیت کی نقدی اور سونا لوٹ کر فرار ہو ئے، مسلح ڈاکوؤں نے گھر میں داخل ہو کر خواتین سمیت تمام اہل خانہ کو اسلحے کے زور پر یرغمال بنا لیا،ڈاکوؤں نے پورے گھر کی تلاشی لی اور الماریوں کے تالے توڑ کر درج ذیل سامان لوٹا ، جس میں بھاری مقدار میں سونا اور زیورات سمیت لاکھوں روپے کی نقدی شامل ہیں۔,N/A,24_news,16:01:PM
رشتہ نہ دینے کا رنج، لڑکی کو قتل کرکے ملزم نے خود کو بھی گولی مار لی,"Apr 23, 2026",https://www.24urdu.com/23-Apr-2026/169544,دادو کے تھانہ فرید آباد کی حدود میں رشتہ نہ ملنے کے تنازع پر ملزم کی فائرنگ سے لڑکی جاں بحق ہو گئی جبکہ اس کی ماں زخمی ہوگئی، واقعے کے بعد ملزم نے خود کو بھی گولی مار کر خودکشی کر لی۔ پولیس کے مطابق ملزم شہمیر نے لڑکی کے گھر میں داخل ہو کر فائرنگ کی جس کے نتیجے میں لڑکی موقع پر ہی دم توڑ گئی، جبکہ مقتولہ کی ماں شدید زخمی ہو گئی۔ واردات کے فوراً بعد ملزم نے اسی پستول سے اپنی زندگی کا بھی خاتمہ کر لیا۔ مقتولہ کے والد نے پولیس کو بتایا کہ ان کی بیٹی کا رشتہ پہلے ہی اپنے بھتیجے سے طے تھا اور شادی کی تاریخ بھی مقرر ہو چکی تھی۔ ملزم رشتہ نہ ملنے پر رنجیدہ تھا جس کی وجہ سے اس نے یہ ہولناک قدم اٹھایا، پولیس نے واقعے کی تحقیقات کا آغاز کر دیا ہے۔,N/A,24_news,15:45:PM
گھریلوجھگڑاخونی تصادم میں بدل گیا،خاتون اور بچے سمیت چار افراد جاں بحق,"Apr 25, 2026",https://www.24urdu.com/25-Apr-2026/169742,اسلام آباد میں تھانہ نون کی حدود میں پیش آنے والے اس افسوس ناک واقعے کے بعد علاقے میں خوف و ہراس پھیل گیا،پولیس اور ریسکیو ٹیمیں موقع پر پہنچ گئیں جس کے بعدلاشوں کو ہسپتال منتقل کر دیا گیااورشناخت کا عمل جاری ہے۔ پولیس کے مطابق واقعے کی وجوہات جاننے کے لیے تحقیقات کا آغاز کر دیا گیاہے،گھریلو تنازع قتل کی وجہ بنا یا کوئی اور پہلوبھی ہے؟ پولیس اس حوالے سے مختلف پہلوئوں پرتفتیش میں مصروف ہے۔ یہ بھی پڑھیں: واقعہ تھانہ نون کی حدود جھنگی سیداں میں پیش آیا۔,N/A,24_news,12:43:PM
بچوں سے زیادتی کے مقدمے میں مطلوب ملزم کے نیفے میں پستول چل گیا,"Apr 25, 2026",https://www.24urdu.com/25-Apr-2026/169739,تفصیلات کے مطابق لاہور کے علاقے مانگا منڈی میں بچوں سے زیادتی کے مقدمے میں مطلوب خطرناک ملزم عیش بہادر پولیس چھاپے کے دوران اپنی ہی گولی لگنے سے شدید زخمی ہو گیا۔ پولیس حکام کے مطابق سی آئی اے چوہنگ کی ٹیم نے مانگا منڈی میں ملزم کی گرفتاری کے لیے چھاپہ مارا تو ملزم نے پولیس کو دیکھ کر فرار ہونے کی کوشش کی۔ پولیس کے قریب پہنچنے پر ملزم نے اپنے نیفے سے پستول نکالنے کی کوشش کی، تاہم اس دوران گولی اچانک چل گئی جو ملزم کو ہی جا لگی۔ پولیس نے زخمی ملزم عیش بہادر کو فوری طور پر طبی امداد کے لیے ہسپتال منتقل کر دیا ہے۔ پولیس کے مطابق ملزم مانگا منڈی کے مقدمہ نمبر 806/26 میں مطلوب تھا۔ سی آئی اے حکام کا کہنا ہے کہ ابتدائی تفتیش کے دوران ملزم نے بچوں کے ساتھ زیادتی کی 35 وارداتوں کا اعتراف کر لیا ہے، پولیس واقعے کی مزید تحقیقات کر رہی ہے۔,N/A,24_news,12:26:PM
یورپ میں کشتیاں ڈوبنے کے واقعات، ہیومن سمگلرز کے خلاف مربوط کارروائی کا آغاز,"Apr 24, 2026",https://www.24urdu.com/24-Apr-2026/169686,(24نیوز)  یورپ کے سمندروں میں کشتیوں کے الٹنے سے پاکستان سے غیر قانونی بیرون ملک جانے والوں کی  ہلاکتوں کے معاملہ پر ڈائریکٹر ایف آئی اے شہزاد ندیم  نے ہیومن ٹریفکررز کے  خلاف  مربوط کارروائی شروع کر دی۔ لینڈ روٹ سے  پاکستانیوں کو بیرون ملک خصوصاً یورپ بھیجنے کے عوض پیسہ بٹور کر ان کی زندگیاں خطروں میں ڈال دینے والے  ایجنٹوں کی گرفتاری کے لیے خصوصی ٹیمیں تشکیل دی جا رہی ہیں۔ ڈپٹی ڈائریکٹر اینٹی ہیومن ٹریفکنگ سرکل کی سربراہی میں راولپنڈی اور اسلام آباد کے لیے دو ٹیمیں تشکیل دے دی گئیں۔ بیرون ملک مقیم ایجنٹوں کے خلاف انٹرپول کے ذریعے کارروائی شروع کی جائے گی ۔ یہ بھی پڑھیں: اینٹی منی لانڈرنگ کی کارروائی اور ایجنٹوں کے منقولہ اور غیر منقولہ اثاثوں کی تفصیلات بھی جمع کرنے کا فیصلہ  کیا گیا ہے۔ لینڈ روٹ سے کام کرنے والے  ایجنٹوں کی گرفتاری کے لیے تکنیکی مدد کے لیے ایل ای اے کے ساتھ رابطہ۔ ایجنٹوں کی ٹریول ہسٹری کا ریکارڈ اور بینک ریکارڈ حاصل کر نے کاروائی کی جائے گی ۔ لینڈ روٹ  ایجنٹوں کی گرفتاری کے لیے مقامی پولیس سے مدد بھی لی جائے گی۔,N/A,24_news,20:54:PM
9 مئی مقدمات؛خدیجہ شاہ سمیت ملزمان کے ضامنوں کیخلاف کارروائی کا آغاز,"Apr 24, 2026",https://www.24urdu.com/24-Apr-2026/169633,خدیجہ شاہ کے دو ضامنوں کو عدالت نے طلبی کے نوٹس جاری کر دئیے،خدیجہ شاہ نے عسکری ٹاور حملہ کیس میں ضمانت کرائی تھی،وہ نو مئی کے ایک مقدمہ میں سزا کے بعد غائب ہو گئی۔عدالت نے خدیجہ شاہ کے ضامن جہانزیب اور مراد علی کو نوٹس جاری کردیئےجنہوں نے خدیجہ شاہ کی پانچ، پانچ لاکھ روپے کی ضمانت دی تھی،عدالت نے دونوں ضامنوں کو 25 اپریل کو پیش ہونے کا حکم دے دیا۔ ملزم زین الحسن کے 2ضامنوں کو بھی طلبی کے نوٹس جاری کردیئے گئے ہیں،ابوبکر اشرف اور عمران ملزم زین الحسن کے ضامن ہیں،ملزم احمد علی کے ضامن کوبھی نوٹس جاری کئے گئے ہیں،ضامن عبد الطیف نے ملزم احمد علی کی 2لاکھ کی ضمانت دی تھی۔ ملزم عثمان کے ضامن عدنان اسلم کوبھی نوٹس جاری کیاگیاہے ،ملزم حمزہ کے 2ضامنوں ہاشم اور قاسم کو بھی نوٹس جاری کئے گئے ہیں جنہوں نے ملزم حمزہ کی 2-2لاکھ کی ضمانت دی تھی۔ یہ بھی پڑھیں: انسداد دہشت گردی عدالت کے جج منظر علی گل نے سماعت کی ،عدالت نے کہا ضامن کی ذمہ داری ہے کہ ملزم عدالتوں میں پیش ہوتا رہے ،ملزمان کے پیش نہ ہونےسےٹرائل کی کارروائی تاخیر کا شکار ہو رہی ہے ۔ عدالت کی جانب سے جاری کئے گئے شوکازنوٹس میں کہاگیاہے کہ ملزم غائب ہو گیا آپ ضامن ہیں کیوں نہ آپ کیخلاف کارروائی کی جائے۔,N/A,24_news,12:15:PM
غیر قانونی حراست سے دس سالہ بچی کی رہائی، محلے والوں نے ون فائیو کی مدد سے ممکن بنائی,"Apr 25, 2026",https://www.24urdu.com/25-Apr-2026/169803,لاہور کے علاقے نشتر کالونی میں  ایک کم سن  بچی  ایک مکان میں بند تھی اور روشن دان کے ذریعے مدد کے لیے آوازیں دے رہی تھیں، اہل محلہ نے بچی کی آوازوں پر توجہ دی اور صورت حال معلوم کر کے ون فائیو پر کال کی۔ مقامی تھانے سے پولیس کی ٹیم نے موقع پر پہنچ کر بچی کو ریسکیو کیا۔ 10 سالہ عائشہ نے بتایا کہ اسے اس گھر میں تشدد کا نشانہ بنایا جا رہا تھا اور جبری مشقت بھی لی جا رہی تھی۔ اسے کھانے پینے اور  اپنے والدین سے رابطے  سے بھی محروم رکھا گیا تھا۔ بعد مین پولیس نے بتایا کہ اس کیس میں ملوث ملزم کاشف اکرم کو گرفتار کرلیا گیا ہے ۔تھانہ نشتر کالونی میں مقدمہ درج کر کے چائلڈ پروٹیکشن قوانین کے تحت کارروائی شروع کر دی گئی ہے۔ اس جبری مشقت کا شکار ہونے والی  بچی کا تعلق اوکاڑہ سے ہے اور اسے دو ماہ قبل گھریلو ملازمت کے لیے یہاں لایا گیا تھا، بازیابی کے بعد بچی کو چائلڈ پروٹیکشن بیورو کے حوالے کر دیا گیا ہے۔ ڈی آئی جی آپریشنز نے کہا کہ بچوں کا تحفظ پولیس کی اولین ترجیح ہے اور شہری کسی بھی مشکوک یا غیر قانونی سرگرمی کی فوری اطلاع دیں تاکہ بروقت کارروائی ممکن بنائی جا سکے۔,N/A,24_news,23:59:PM
ترنول پھاٹک کو آبنائے ہرمز کی طرح بند کرنے پر اکسانے والا تھانےمیں بند,"Apr 24, 2026",https://www.24urdu.com/24-Apr-2026/169664,"وفاقی دارالھکومت کا راستہ بند کرنے پر لوگوں کو اکسانے والی پوسٹ کرنے والے شخص کو   پولیس نے تھانے میں بند کردیا۔ اس شخص نے سوشل پلیت فارم پر ایک پوسٹ میں لکھا تھا کہ ""آبنائے ہرمز""  کی طرح ترنول پھاٹک کو بند کرنے سے ہمارے مسائل حل ہوسکتے ہیں. اس شخص کی اس اکسانے والی پوسٹ پر زیادہ سنگین دفعات کے تحت مقدمہ بنتا ہے لیکن سر دست پولیس کا کہنا ہے کہ اس پر سیکشن 144 کی وائلیشن کا مقدمہ درج کیا جا رہا ہے۔  سیکشن 144  کی وائلیشن کرنے  میں ملوث شخص پر سیکشن 188 کے تحت جو مقدمہ درج ہوتا ہے اس میں زیادہ سے زیادہ سزا دو ماہ ہو سکتی ہے۔ ملزم پر  سرکاری اہلکار کی مدعیت میں درج کی گئی  ایف آئی آر کے متن کے مطابق ملزم خرم نذیر نے سوشل میڈیا پر پوسٹ کی اور لکھا کہ آبنائے ہرمز کی طرح ترنول پھاٹک کو بند کرنے سے ہمارے مسائل حل ہوسکتے ہیں۔ پولیس حکام کا کہنا ہے کہ ایسی پوسٹ دفعہ 144 کی خلاف ورزی ہے۔ یہ بھی پڑھیں:",N/A,24_news,17:47:PM
پولیس پر حملہ کیس؛ فلک جاوید کے جوڈیشل ریمانڈ میں 14 دن کی توسیع,"Apr 25, 2026",https://www.24urdu.com/25-Apr-2026/169755,زمان پارک میں اسلام آباد پولیس پر حملے کے مقدمے میں فلک جاوید کوجوڈیشل ریمانڈختم ہونے پر جیل سے انسداد دہشت گردی عدالت میں پیش کیا گیا،انسداد دہشت گردی عدالت کے ڈیوٹی جج شاہد سکندر نے سماعت کی۔ پولیس نے ملزمہ کی جوڈیشل ریمانڈ میں توسیع کی استدعا کی،تفتیشی افسرنے کہاکہ ملزمہ کیخلاف مقدمہ کا سپلیمنٹری چالان تیاری کے مرحلہ میں ہے  جس پرعدالت نے فلک جاوید کے جوڈیشل ریمانڈ میں 14 دنوں کی توسیع کر دی۔ یہ بھی پڑھیں: تفتیشی افسرکے مطابق ملزمہ اسلام آباد پولیس کے افسران پر زمان پارک میں حملہ میں ملوث ہے ،ملزمہ سے پیٹرول بم برآمد ہوا،اسلام آباد پولیس طلبی سمن کی تعمیل کیلئے بانی پی ٹی آئی کی رہائش گاہ آئی تھی ،مشتعل کارکنان نے پیٹرول بم پھینکے اور پولیس افسران کو زخمی کیا۔ پولیس پر حملے کا تھانہ ریس کورس میں مقدمہ نمبر 410/23 درج ہے۔,N/A,24_news,14:48:PM
کوٹ لکھپت:خاوند کا بیوی پر چھریوں سےحملہ ، ہسپتال منتقل,"Apr 25, 2026",https://www.24urdu.com/25-Apr-2026/169736,تفصیلات کے مطابق لاہور میں ایک اور افسوسناک واقعہ سامنے آیا ہے ،  کوٹ لکھپت  کے علاقہ میں نشے کے عادی خاوند نے  پیسے نہ دینے پر  چھریوں کے وار سے بیوی کو  زخمی کر دیا۔ 27 سالہ مہناز خاتون کو طبی امداد کیلئے جنرل ہسپتال منتقل کر دیا گیا،خاتون کے جسم پر مختلف جگہوں پر زخم آئے ہیں۔ پولیس  کے مطابق  خاوند نشے کا عادی ہے،خاوند پیسوں کا مطالبہ کررہا تھا، خاتون نے انکار کیا تو حملہ کر دیا۔ ملزمہ کی گرفتاری کیلئے کوشش کی جارہی ہے۔,N/A,24_news,12:04:PM
شعائراسلام سے متعلق کیس؛رجب بٹ کی عبوری ضمانت منسوخ,"Apr 24, 2026",https://www.24urdu.com/24-Apr-2026/169608,ایڈیشنل سیشن عدالت سینٹرل کراچی میں شعائر اسلام سے متعلق کیس کی سماعت ہوئی،رجب بٹ عدالت میں پیش نہیں ہو سکے۔ ملزم کے وکیل نے عدالت کوبتایاکہ رجب بٹ کی طبیعت ٹھیک نہیں ہے، پیش نہیں ہو سکے وکیل مدعی نے کہاکہ ہر پیشی پر کوئی نہ کوئی بہانا کیا جاتا ہے،ہم اس درخواست کی مخالفت کرتے ہیں۔ یہ بھی پڑھیں: واضح رہے کہ رجب بٹ کے خلاف تھانہ حیدری مارکیٹ میں مقدمہ درج ہے۔,N/A,24_news,09:49:AM
زمین کا تنازع ،بھکر میں 5 افراد جاں بحق,"Apr 25, 2026",https://www.24urdu.com/25-Apr-2026/169715,پولیس کے مطابق واقعہ بستی چانڈیا میں زمین کے تنازع پر پیش آیا۔ لاشوں اور زخمیوں ک اسپتال منتقل کردیا گیا ہے۔ پولیس نے واقعے کی تحقیقات شروع کردی ہیں۔,N/A,24_news,10:04:AM
زہریلا شوارما کھانے سے 6 سالہ بچی جاں بحق,"Apr 25, 2026",https://www.24urdu.com/25-Apr-2026/169746,پولیس کے مطابق واقعے میں بچی کی والدہ اور بھائی کی حالت تشویشناک ہے جنہیں جناح ہسپتال منتقل کر دیا گیا ہے جہاں ان کا علاج جاری ہے۔ ورثا نے الزام عائد کیا ہے کہ بچی کے بہنوئی نے شوارما میں زہر ملا کر دیا، جبکہ پولیس کا کہنا ہے کہ اس حوالے سے تحقیقات جاری ہیں۔ پولیس کے مطابق جاں بحق بچی کے والد کی مدعیت میں مقدمہ درج کر لیا گیا ہے جس میں بہنوئی شیر زمان پر شبہ ظاہر کیا گیا ہے کہ اس نے مبینہ طور پر کھانے میں زہر ملایا۔ متاثرہ خاتون گلناز اور ان کا بیٹا ذیشان تاحال ہسپتال میں زیر علاج ہیں، پولیس کا کہنا ہے کہ مقدمہ درج کر کے واقعے کی باقاعدہ تفتیش شروع کر دی گئی ہے۔,N/A,24_news,13:36:PM
کراچی : ڈیجیٹل کرنسی کی ڈکیتی کا ایک اور واقعہ,"Apr 24, 2026",https://www.24urdu.com/24-Apr-2026/169634,رپورٹس کے مطابق کراچی میں ایئرپورٹ کے قریب نوجوان کی شارٹ ٹرم کڈنیپنگ کے بعد ڈیجیٹل اکاؤنٹ سے 8 ہزار 600 ڈالر ٹرانسفر کروائے گئے۔ متاثرہ شہری کا کہنا ہے کہ گلستان جوہر سے آن لائن ٹیکسی میں ایئرپورٹ جانے کے لیے نکلا، ایئرپورٹ کے قریب پمپ پر ڈرائیور پیٹرول ڈلوانے کے لیے رکا۔ پمپ سے کچھ فاصلے پر 4 افراد نے اسلحہ کے زور پر گاڑی میں بٹھایا۔ شہری کے مطابق مسلح افراد نے الزام لگایا کہ آپ کی گاڑی نے پولیس کے اعلیٰ افسر کی گاڑی کو ہٹ کیا ہے۔ مسلح افراد نوجوان محمد متعال خان کو گاڑی میں ایک گھنٹے سے زائد گھماتے رہے اور اس دوران ڈیجیٹل اکاؤنٹ سے 8 ہزار 600 ڈالر نکال لیے اور تشدد کے بعد کورنگی میں چھوڑ کر فرار ہوگئے۔ متاثرہ شہری کا کہنا ہے کہ ڈیجیٹل اکاؤنٹ سے رقم کے علاوہ موبائل، لیپ ٹاپ اور دیگر سامان بھی چھینا گیا ہے۔ واقعے کے بعد شہری مقدمہ درج کروانے ایئرپورٹ تھانے پہنچا جبکہ پولیس کا کہنا ہے کہ واقعے کی تحقیقات شروع کردی گئی ہیں۔ اس سے قبل بھی کراچی میں ڈیجیٹل کرنسی کی ڈکیتی کا واقعہ سامنے آچکا ہے۔,N/A,24_news,12:16:PM
ذہنی معذور لڑکی سے زیادتی کرنیوالے کی خودکشی,"Apr 25, 2026",https://www.24urdu.com/25-Apr-2026/169734,پولیس حکام کے مطابق ملزم عابد حسین کے خلاف تھانہ کرم پور میں زیادتی کا مقدمہ درج تھا۔ پولیس کو اطلاع ملی کہ ملزم زور کوٹ کے علاقے میں ایک زیر تعمیر عمارت میں چھپا ہوا ہے، جس پر پولیس ٹیم نے گرفتاری کے لیے وہاں چھاپہ مارا۔ پولیس کے مطابق جیسے ہی اہلکاروں نے عمارت کا گھیراؤ کیا، ملزم عابد حسین نے گرفتاری سے بچنے کے لیے خود کو گولی مار لی۔ گولی لگنے کے نتیجے میں ملزم موقع پر ہی دم توڑ گیا۔ پولیس نے ملزم کی لاش کو تحویل میں لے کر ہسپتال منتقل کر دیا ہے اور واقعے کی مزید قانونی کارروائی شروع کر دی گئی ہے۔,N/A,24_news,11:58:AM
گھر میں گھس کر خاتون کیساتھ جنسی زیادتی کرنے والا درندہ گرفتار,"Apr 25, 2026",https://www.24urdu.com/25-Apr-2026/169762,پولیس ترجمان کے مطابق ملزم رات کے وقت گھر کی دیوار پھلانگ کر اندر داخل ہوا اور اسلحہ کے زور پر خاتون کو نشانہ بنایا،واقعے کے دوران شور سن کر اہل خانہ نے ملزم کو پکڑنے کی کوشش کی، تاہم وہ اسلحہ لہراتے ہوئے موقع سے فرار ہونے میں کامیاب ہو گیا۔ پولیس نے ہیومن انٹیلی جنس کی مدد سے کارروائی کرتے ہوئے ملزم ساجد کو کیرکا گاؤں سے گرفتار کر لیا۔ ملزم کے خلاف مقدمہ درج کر کے کیس جینڈر سیل کے حوالے کر دیا گیا ہے تاکہ مزید قانونی کارروائی عمل میں لائی جا سکے۔ پولیس کا کہنا ہے  کہ خواتین کے ساتھ زیادتی کرنے والے کسی رعایت کے مستحق نہیں اور ایسے عناصر کے خلاف سخت قانونی کارروائی جاری رکھی جائے گی۔,N/A,24_news,15:37:PM
والدین نے کبوتر اڑانے سے منع کیا، لڑکے نے خودکشی کر لی,"Apr 23, 2026",https://www.24urdu.com/23-Apr-2026/169566,بفر زون کی پولیس نے بتایا ہے کہبفرزون سے ایک میٹرک کے سٹوڈنت کی پھندا لگی لاش ملی ہے۔ اس لڑکے کے والدین نے بتایا کہ  بچے کے میٹرک کے امتحانات ہو رہے تھے۔  انہوں نے بچے کو امتحانات کےدوران کبوتراڑانے سےمنع کیا تھا۔ والدین کا کہنا ہے کہ ان کے بیٹے نےوالدین کی جانب سےکبوتربازی سےروکنےپردلبرداشتہ ہوکراپنی زندگی کاخاتمہ کرلیا۔ متوفی برہان الدین متوفی میٹرک کا طالبعلم تھا۔  اس نےگھرکی چھت پرکبوتررکھےہوئےتھے۔ متوفی کبوتر اڑانے چھت پرگیا،والدین نےامتحانات کی وجہ سےمنع کیا۔ والدین کی سرزنش پرطالب علم دلبرداشتہ ہوکر اپنےکمرے میں جاکر پھندا لگا کرخودکشی کرلی۔,N/A,24_news,19:27:PM
لاہور: نامعلوم شخص نے کار سوار پر تیزاب پھینک دیا,"Apr 18, 2026",https://www.24urdu.com/18-Apr-2026/169043,پولیس کا کہنا ہے کہ راوی روڈ پر نامعلوم شخص نے یعقوب نامی کار سوار پر تیزاب پھینکا۔ پولیس کا کہنا ہے کہ نامعلوم شخص کے خلاف مقدمہ درج کر لیا گیا ہے۔ مزید تحقیقات جاری ہیں۔ ایف آئی آر کے مطابق تیزاب سے شہری یعقوب کی گردن جھلس گئی۔,N/A,24_news,16:48:PM
لاہور ؛ مبینہ پولیس مقابلے میں دوڈاکوہلاک ہوگئے,"Apr 22, 2026",https://www.24urdu.com/22-Apr-2026/169392,(عابد چوہدری )لاہور کے علاقت چوہنگ میں مبینہ پولیس مقابلے میں دوڈاکوہلاک ہوگئے۔ ہلاک ہونے والے ڈاکوؤں کی شناخت وسیم اور عثمان کے ناموں سے ہوئی ہے. پولیس کے مطابق انچارج انویسٹی گیشن چوہنگ نفری کے ہمراہ ڈینٹل کالج ایل ڈی اے ایونیو میں موجود تھا،3موٹر سائیکل سواروں کو رکنے کا اشارہ کیاگیالیکن وہ میلاد چوک کی طرف فرار ہو گئے۔ موٹرسائیکل سواروں کا تعاقب کرنے پر ملزمان نےپولیس پارٹی پر فائرنگ کرنا شروع کر دی،کراس فائرنگ میں دو ملزمان ہلاک ہو گئے۔ یہ بھی پڑھیں: ہلاک ہونے والے ڈاکو اقدام قتل، چوری اور ڈکیتی کے متعدد مقدمات میں پولیس کو مطلوب تھے،ان نعشیں مردہ خانہ منتقل کر دی گئیں ہیں جبکہ فرار ہونے والے ڈاکوؤں کی تلاش جاری ہے۔,N/A,24_news,09:21:AM
لاہور؛ اسکوٹی سوار لڑکی سے موبائل چھیننے والا ملزم زخمی حالت میں گرفتار,"Apr 18, 2026",https://www.24urdu.com/18-Apr-2026/168991,ملزم کو چوہنگ میں پولیس مقابلے کے بعد زخمی حالت میں گرفتار کیاگیا، پولیس نےدو موٹرسائیکل سوار ملزمان کو روکنے کی کوشش کی تو ملزمان نے پولیس پارٹی پر فائرنگ کر دی۔ ملزم کو پولیس مقابلے کے بعد زخمی حالت میں گرفتار کرلیاگیاجبکہ ملزم کا ساتھی فرارہوگیاجس کا تعاقب جاری ہے اورپولیس کاکہناہے کہ اسے بھی جلد گرفتار کر لیا جائے گا۔ وزیر اعلیٰ پنجاب مریم نواز نے واقعہ کا نوٹس لیتے ہوئے فوری کارروائی کی ہدایت کی تھی جس کے بعد چوہنگ کے علاقہ سے واردات کرنے والا ملزم عدنان زخمی حالت میں گرفتارکرلیاگیا،پولیس نے جیو فینسنگ سے ملزم کی مومنٹ ٹریس جس کے بعد ناکہ بندی کی گئی ۔ ترجمان ڈی آئی جی آپریشنز کے مطابق مرکزی ملزم موٹرسائیکل پر اپنے ساتھی کے ہمراہ سفر کر رہا تھاکہ ناکہ پر رکنے کا اشارہ کیاگیاتوملزمان نے پولیس پارٹی پر فائرنگ کر دی،ملزم عدنان اپنے ہی ساتھی کی گولی لگنے سے زخمی ہو کر گر پڑاجس کے بعد اسے گرفتارکرلیاگیا۔ یہ بھی پڑھیں: ترجمان ڈی آئی جی آپریشنزکے مطابق زخمی ملزم عدنان کو فوری طور پر ہسپتال منتقل کر دیا گیا،ملزمان کے خلاف تھانہ چوہنگ میں مزید قانونی کارروائی کی جا رہی ہے،ملزم تک رسائی کےلیے سینکڑوں سی سی ٹی وی کیمروں کی فوٹیجز کی جانچ کی گئی،جیو فینسنگ اور ہیومن انٹیلیجنس نے کیس ٹریس کرنے میں اہم کردار ادا کیا۔ ترجمان ڈی آئی جی آپریشنزکے مطابق ملزم پولیس تحویل میں ہے اور مزید تفتیش جاری ہے۔,N/A,24_news,09:35:AM
جعلی ادویات کی سپلائی چین بے نقاب ، ملزم رنگے ہاتھوں گرفتار,"Apr 19, 2026",https://www.24urdu.com/19-Apr-2026/169172,(دُرِشہوار) کراچی میں جعلی ادویات کی سپلائی چین بے نقاب ہو گئی، ایف اائی اے نے جعلی داؤں کے دھندے میں ملوث ایک شخص کو گرفتار کر لیا۔ ایف آئی اے اینٹی کرپشن سرکل کراچی نے جعلی ادویات کی سپلائی میں ملوث ملزم اسداللہ کو  گرفتار کیا ہے۔ یہ شخص جعلی ادویات کی فراہمی کے دوران دھر لیا گیا۔ رنگے ہاتھوں پکڑے گئے ملزم سے تفتیش کمیں جعلی دواؤں کے مذموم دھندے کے متعلق اہم انکشافات متوقع ہیں۔ یہ بھی پڑھیں:,N/A,24_news,21:55:PM
راجن پور میں کم عمر ی کی شادی کی کوشش پر گرفتاریاں,"Apr 20, 2026",https://www.24urdu.com/20-Apr-2026/169217,اس حوالے سے بارڈر ملٹری پولیس (بی ایم پی ) کا کہنا ہے کہ گزشتہ روز بروقت اطلاع پر کارروائی کر کے شادی تقریب رکوا دی گئی۔ بی ایم پی نے کہا کہ دولہا، نکاح خواں اور والدین کو گرفتار کر کے مقدمہ درج کر لیا گیا۔ واضح رہے کہ گزشتہ دنوں قائمہ کمیٹی لوکل گورنمنٹ پنجاب اسمبلی نے کم عمری میں شادی پر پابندی کا آرڈیننس منظور کیا تھا۔ آرڈیننس کے متن کے مطابق پنجاب میں 18 سال سے کم عمر بچوں کی شادی نہیں ہو سکے گی، نکاح کے وقت دولہا اور دلہن کی عمر 18 سال ہونا لازمی قرار دی گئی ہے۔ کم عمری کی شادی قابلِ سزا جرم اور کریمنل ایکٹ کے تحت کارروائی ہو گی۔ کم عمری کا نکاح رجسٹر کرنے والے اور نکاح خواں کو کم از کم 1 سال قید اور 1 لاکھ روپے جرمانہ ہو گا۔,N/A,24_news,11:48:AM
عائشہ شرافت زیادتی کیس؛رجب بٹ اور دیگر تین ملزمان پر فرد جرم عائد نہ ہو سکی,"Apr 22, 2026",https://www.24urdu.com/22-Apr-2026/169403,عائشہ شرافت کے ساتھ زیادتی کیس کی سماعت ہوئی،ایڈیشنل سیشن جج یاسر عرفات نے یو ٹیوبر رجب بٹ جواد علی جہانگیر اور عبدالرحمان کے کیس کی سماعت 27اپریل تک ملتوی کر دی۔ عدالت میں رجب بٹ کے وکیل رانا معروف ایڈووکیٹ نے فرد جرم کے خلاف اپنے دلائل دیے۔ رانا معروف ایڈووکیٹ نے دلائل دیے کہ عائشہ بٹ نے ملزمان کو غلط ملوث کیا، ملزمان نے اس کے ساتھ زیادتی نہیں کی اور نہ مدعیہ ثابت کر سکی ہے،ملزمان پر فرد جرم عائد نہیں کی جا سکتی۔ عدالت نے عائشہ شرافت کےوکلا ءکو بحث کا کہا تو انہوں نے وقت مانگ لیا،عدالت میں رجب بٹ اور دیگر ملزمان اور مدعیہ عائشہ حاضر تھے۔ یہ بھی پڑھیں: عدالت میں نواب ٹاون پولیس نے چالان پیش کر رکھا ہے جس میں مدعیہ نے زیادتی کا الزام عائد کر رکھا ہے اس کیس میں سلمان حیدر اشتہاری ہے۔,N/A,24_news,10:43:AM
ہتھ چھٹ ڈکیت سلیم پاکھنڈی انکاؤنٹر میں مارا گیا,"Apr 18, 2026",https://www.24urdu.com/18-Apr-2026/169059,(ویب دیسک) لاہور میں  پولیس کے  ایس ایچ او کے گھر  میں گھس کر ڈکیتی کرنے والا  عادی ڈکیٹ سلیم پاکھنڈی پولیس انکاؤنٹر میں ہلاک ہوگیا۔ ڈی آئی جی آپریشنز  کے دفتر نے بتایا  کہ مانگا منڈی میں انکاؤنٹر ہوا، فائنر کگ تبادلہ کے دوران ملزم سلیم پکھنڈی ہلاک ہوگی۔ سلیم پاکھنڈی کی موجودگی کی اطلاع پر چھاپہ مارا گیا تھا۔ اس  چھاپے کے دوران فائرنگ کے تبادلے میں پولیس کا ایک کانسٹیبل زخمی ہوا۔ پولیس کا کہنا ہے کہ اس ڈکیت نے ایس ایچ او مانگا منڈی کےگھر میں گھس کر بھی  ڈکیتی  کی تھی۔ وہ  پولیس پر فائرنگ کے متعدد  مقدمات میں بھی مطلوب تھا۔,N/A,24_news,19:40:PM
شادی کا جھانسہ ،سپر وائزر کی سکیورٹی گارڈ خاتون سے زیادتی,"Apr 18, 2026",https://www.24urdu.com/18-Apr-2026/169009,لاہور کے علاقےفیصل ٹاؤن  میں پولیس نے ہیومن انٹیلی سے واقعے میں ملوث ملزم کو موچی پورہ سے گرفتار کیا،متاثرہ خاتون ماڈل ٹاؤن لنک روڈ پر واقع نجی مال میں سکیورٹی گارڈ تھی، سیکیورٹی سپروائزر نے خاتون کو شادی کا جھانسہ دے کر زیادتی کی۔ متاثرہ نے شادی پر اسرار کیا تو ملزم نے تشدد کا نشانہ بنایا اور خاتون کی تنخواہ کی رقم بھی رکھ لی۔ پولیس نے ملزم زین کیخلاف مقدمہ درج کر لیا۔,N/A,24_news,12:18:PM
خضدار میں فائرنگ سے لیڈی کانسٹیبل سمیت 2 پولیس اہلکار جاں بحق,"Apr 19, 2026",https://www.24urdu.com/19-Apr-2026/169162,(24 نیوز )بلوچستان کے علاقے خضدار میں ملزمان کی فائرنگ سے لیڈی کانسٹیبل سمیت 2 پولیس اہلکار جان کی بازی ہار گئے ، پولیس کے مطابق فائرنگ کا واقعہ کھنڈوزئی میں پیش آ یا ۔ ملزمان نے پولیس پارٹی پر فائرنگ کی، واقعے میں لیڈی کانسٹیبل سمیت دو پولیس اہلکار جاں بحق ہوگئے جبکہ 2 اہلکار زخمی بھی ہوئے، پولیس ٹیم ڈکیتی کے واقعہ میں ملوث ملزمان کا تعاقب کر رہی تھی کہ اس پر فائرنگ کی گئی۔ فرار ملزمان کی گرفتاری کی کوششیں جاری ہیں، واضح رہے کہ بلوچستان میں جرائم کی شرح میں پہلے کی نسبت اضافہ ریکارڈ کیا گیا ہے ۔,N/A,24_news,20:08:PM
ایرانی کرنسی کے غیر قانونی دھندے میں ملوث ایک شخص کو گرفتار، ڈیڑھ ارب ریال رآمد,"Apr 19, 2026",https://www.24urdu.com/19-Apr-2026/169173,(دُرِشہوار) غیر قانونی غیر ملکی کرنسی کا کاروبار بے نقاب ہو گیا۔ ایف آئی اے نے ایرانی کرنسی کے غیر قانونی دھندے میں ملوث ایک شخص کو گرفتار کر لیا۔ ایف آئی اے کمرشل بینکنگ سرکل کراچی کی کارروائی میں ایرانی کرنسی کی خرید و فروخت میں ملوث ملزم کے  گرفتار ہونے کا انکشاف ہوا ہے۔ سید جہانزیب شاہ  کے قبضے سے  ایک ارب  45 کروڑ  ایرانی ریال برآمد کئے گئے۔ جہانزیب شاہ کے موبائل فونز سے ایرانی کرنسی کا غیر قانونی دھندا  چلانے کے شواہد مل گئے۔ ملزم کو مزید کارروائی کیلئے ایف آئی اے منتقل کر دیا گیا۔ غیر قانونی غیر ملکی کرنسی کا کاروبار بے نقاب کرنے کی کارروائی  ایف آئی اے کمرشل بینکنگ سرکل کراچی  نے کی۔ یہ بھی پڑھیئے:,N/A,24_news,22:20:PM
لاہور میں المناک واقعہ: ایک ہی گھر میں 3 معصوم بچوں کے گلے کاٹ کر قتل کر دیا گیا,"Apr 23, 2026",https://www.24urdu.com/23-Apr-2026/169533,بچوں کی عمریں5 سے 1.5 سال کے درمیان ہیں،مرنے والوں میں2بچیاں اور ایک بچہ شامل ہے۔ پولیس  کے مطابق بچوں کے والدین چند منٹ پہلے گھر کو تالا لگا کر فارمیسی تک گئے تھے،واپس آئے تو بچوں کے گلے کٹے ہوئے تھے۔ مقتول بچوں کی شناخت پانچ سالہ مومتہ بتول، چار سالہ مومن رضا اور ڈیڑھ سالہ ام حبیبہ کے نام سے ہوئی ہے، پولیس کی بھاری نفری موقع پر موجود ہے، ریسکیو ٹیموں نے کمسن بچوں کی میتوں کو پوسٹ مارٹم کیلئے منتقل کر دیا ہے،پولیس نے چچا کو حراست میں لے لیا۔ یہ بھی پڑھیں ایس ایس پی توقیر نعیم نے کہا ہے کہ جائے وقوعہ سے شواہد اکٹھے کیے جا رہے ہیں، واقعہ کی مختلف پہلوؤں سے تحقیقات جاری ہیں اور ملزمان کو جلد گرفتار کر لیا جائے گا۔ بعدازاں آئی جی پنجاب عبدالکریم نے اچھرہ میں تہرے قتل کا نوٹس لیتے ہوئے سی سی پی او لاہور سے رپورٹ طلب کر لی، آئی جی پنجاب نے ڈی آئی جی آپریشنز لاہور کو قتل میں ملوث ملزم کی فوری گرفتاری کا حکم دیا اور کہا کہ ملزم کی گرفتاری کے لئے تمام وسائل بروئے کار لائیں۔ پنجاب پولیس کے ترجمان نے کہا ہے کہ سینئر افسران، فرانزک ٹیمیں موقع پر موجود ہیں، شواہد اکٹھے کر لیے ہیں۔ ڈی آئی جی آپریشنز نے کہا کہ  فرانزک اور تفتیشی ٹیموں بھی جائے وقوعہ سے شواہد اکھٹے کر رہی ہیں،ملوث عناصر کو جلد گرفتار کر لیا جائے گا ،ملزمان کو قانون کے کٹہرے میں لانے کیلئے تمام وسائل بروئے کار لا رہے ہیں،جلد حقائق سامنے لا کر ذمہ داران کو قرار واقعی سزا دلوائی جائے گی۔ پنجاب کے صوبائی دارالحکومت لاہور میں تین کمسن بچوں کے لرزہ خیز قتل سے خوف و ہراس پھیل گیا ہے، اہل علاقہ نے واقعہ پر شدید غم و غصے کا اظہار کرتے ہوئے سفاک قاتل کی فوری گرفتاری کا مطالبہ کیا ہے۔,N/A,24_news,14:18:PM
ملازمت کیلئے انٹرویو کے دوران خاتون سے زیادتی کرنے والا ملزم گرفتار,"Apr 22, 2026",https://www.24urdu.com/22-Apr-2026/169441,لاہور میں مصطفی ٹاؤن کے علاقے میں خاتون سے مبینہ زیادتی  کے ملزم کوگرفتار کرلیا گیا،پولیس کا کہنا ہے کہ ​ملزم اسد علی نے بیرون ملک ملازمت کا جھانسا دے کر خاتون کو زیادتی کا نشانہ بنایا۔ ملزم نے متاثرہ خاتون کو انٹرویو کے بہانے بلایا اور بلا کر زیادتی کا نشانہ بنا دیا۔ ​ملزم نے زیادتی کے بعد خاتون کو جان سے مارنے کی دھمکیاں بھی دیں اور موقع سے فرار ہو گیا۔ بعد ازاں مصطفی ٹاؤن پولیس نے فوری مقدمہ درج کر کے ملزم کو گرفتار کر لیا ۔ ایس پی صدر رانا حسین طاہر پولیس ٹیم کو شاباش دیتے ہوئے کہا ہے کہ خواتین اور بچوں کے جنسی استحصال میں ملوث عناصر کو کیفر کردار تک پہنچایا جائے گا۔,N/A,24_news,15:45:PM
لاہور:گھریلو ملازمہ اور بھائی پر تشدد کا الزام، تھانے کا پورا عملہ معطل,"Apr 19, 2026",https://www.24urdu.com/19-Apr-2026/169142,پولیس کے مطابق 16 اپریل کو مالک نے بچی پر چوری کا الزام لگایا اور انگوٹھی چوری کے الزام پر ملازمہ کو حراست میں لیا تھا۔ دوسری جانب متاثرہ فیملی نے بتایا کہ بچی سے ملنے گئے تو بیٹے اورشوہر کو بھی تھانے میں تشدد کانشانہ بنایا گیا۔ ویڈیو وائرل ہونے کے بعد ڈی آئی جی آپریشنز نے شہری پرتشدد میں ملوث اہلکاروں کے خلاف کارروائی کا حکم دیا۔ پولیس ترجمان کے مطابق ڈی آئی جی آپریشنز نے ڈیفنس اے تھانے کا پوراعملہ معطل کردیا جبکہ متعلقہ ایس ڈی پی او کو بھی شوکازجاری کیا گیا ہے۔ یہ بھی پڑھیں ترجمان ڈی آئی جی آپریشنز کے مطابق ایس پی کینٹ کو واقعے کی انکوائری سونپ دی گئی ہے۔ ڈی آئی جی آپریشنز کا کہنا ہے کہ پولیس کو شہریوں سےبدسلوکی اور اختیارات کے ناجائز استعمال کی اجازت نہیں ہے۔,N/A,24_news,15:45:PM
سرگودھا: عدالت کا تاجر کے قاتل کو سزائے موت کا حکم,"Apr 22, 2026",https://www.24urdu.com/22-Apr-2026/169449,(ویب ڈیسک)سرگودھا میں سیشن کورٹ نے ایک اہم مقدمے کا فیصلہ سناتے ہوئے تاجر کے قتل میں ملوث مجرم کاشف کو سزائے موت کا حکم دے دیا۔ مقدمے کا ٹرائل مکمل ہونے کے بعد عدالت نے جرم ثابت ہونے پر مجرم کو سزائے موت سنائی اور اسے جیل منتقل کرنے کا حکم دے دیا جبکہ قرار دیا گیا کہ اس فیصلے سے انصاف کے تقاضے پورے ہوئے ہیں۔ عدالت نے مجرم کو یہ بھی حکم دیا کہ وہ مقتول کے اہلِ خانہ کو 2 لاکھ روپے بطور جرمانہ ادا کرے۔ پولیس کے مطابق تین سال قبل سیٹلائٹ ٹاؤن سرگودھا میں معمولی تلخ کلامی پر ملزم نے تاجر خواجہ فہیم کو قتل کر دیا تھا۔ اس واقعے کا مقدمہ تھانہ سیٹلائٹ ٹاؤن میں درج کیا گیا تھا۔ یہ بھی پڑھیں:,N/A,24_news,18:10:PM
7 سالہ بچی سے زیادتی کے مقدمے میں ملزم کی 14 سال قید کی سزا کالعدم قرار,"Apr 21, 2026",https://www.24urdu.com/21-Apr-2026/169320,کیس کی سماعت جسٹس شہرام سرور چوہدری نے ملزم منور غفور کی اپیل پر کی، ریکارڈ کے مطابق ملزم کے خلاف تھانہ فیصل ٹاؤن پولیس نے 2018 میں مقدمہ درج کیا تھا، جبکہ لاہور کی سیشن کورٹ نے 2021 میں ملزم کو 14 سال قید کی سزا سنائی تھی۔ دوران سماعت ملزم کے وکیل چوہدری وحید جٹ نے مؤقف اختیار کیا کہ ملزم کا ڈی این اے میچ نہیں ہوا اور مقدمے میں زیادتی کی دفعات تاخیر سے شامل کی گئیں۔ عدالت نے دلائل سننے کے بعد سزا کو کالعدم قرار دیتے ہوئے اپیل منظور کر لی۔,N/A,24_news,13:24:PM
"اسلام آباد کے بلیو ایریا میں کاروں سے  ""ڈرفٹنگ"" کرنے والے تھانے میں بند ہو گئے","Apr 18, 2026",https://www.24urdu.com/18-Apr-2026/169049,"(محمد اویس)  اسلام آباد کے بلیو ایریا میں کاروں سے  ""ڈرفٹنگ"" کرنے والے تھانے میں بند ہو گئے۔ پولیس نے گاڑیاں بھی تھانے میں بند کر دیں۔ پولیس کا کہنا ہے کہ ان لوگوں نے  اور شہریوں کی جانوں کو  خطرے سے دوچار کیا اور ٹریفک رولز کی سنگین وائلیشن کی۔ اسلام آباد کی ٹریفک پولیس نے ان لوگوں کو گرفتار کرنے کے لئے پولیس سٹیشن کوہسار سے مدد لی۔ ان کے خلاف تھانہ کوہسار میں مقدمہ درج کر لیا گیا ہے۔ چیف ٹریفک آفیسر محمد سرفراز ورک نے بتایا کہ  ٹریفک کے بہاؤ میں خلل ڈالنے والوں کے خلاف قانونی کارروائی کی جائے گی۔ ٹریفک کی بلا تعطل روانی کو یقینی بنایا جائے گا ۔ یہ بھی پڑھیں:",N/A,24_news,17:55:PM
بنوں  میں فائرنگ کے واقعہ میں  خاتون جاں بحق ،شوہر زخمی,"Apr 15, 2026",https://www.24urdu.com/15-Apr-2026/168770,بنوں میں تھانہ  سٹی کی حدود میں موٹرسائیکل سواروں نے میاں بیوی پر فائرنگ کر دی۔ گولیاں لگنے سے  خاتون موقع پر ہی جاں بحق  ہو گئی ان کا شوہر زخمی ہوگیا ہے ۔ مقتولہ نسرین بی بی اور زخمی حمیداللہ کو ہسپتال منتقل کردیا گیا ہے ۔ بنوں  پولیس کا کہنا ہے کہ اس قتل کی وجہ عداوت معلوم کی جارہی ہے۔ یہ بھی پڑھیں:,N/A,24_news,22:21:PM
اشتعال انگیز ویڈیوز بنانے پر معروف یوٹیوبر گرفتار، 6ماہ کی قید,"Apr 16, 2026",https://www.24urdu.com/16-Apr-2026/168796,عدالت نے یہ فیصلہ اس کے ایسے اقدامات کے بعد دیا جنہوں نے ملک بھر میں شدید غم و غصے کو جنم دیا تھا۔ غیر ملکی میڈیا  کے مطابق 25 سالہ یوٹیوبر نے جنوبی کوریا میں قیام کے دوران متعدد ایسی ویڈیوز لائیو اسٹریم کیں جن سے کوریائی عوام کے جذبات کو شدید ٹھیس پہنچی۔ ان کی سب سے زیادہ متنازع حرکت جنگِ عظیم دوم کے دوران جنسی غلامی کا شکار ہونے والی خواتین کی یادگار پر ڈانس کرنا اور نازیبا حرکات کرنا تھا اگرچہ انہوں نے بعد میں معافی مانگنے کا ڈرامہ کیا، لیکن کوریائی عوام اور قانون نے انہیں معاف نہیں کیا۔ عدالت نے اپنا فیصلہ سناتے ہوئے کہا قرار دیا کہ یو ٹیوبر نے صرف ویوز اور پیسہ کمانے کے لیے جان بوجھ کر عوامی جذبات کو مجروح کیا اور سوشل میڈیا پر جنوبی کوریا کے قوانین اور سماجی اقدار کا مذاق اڑایا۔ یہ بھی پڑھیں ان کے خلاف مزید الزامات میں عوامی مقامات پر ہنگامہ آرائی، کھانے کی میزوں پر نوڈلز الٹنا، بسوں اور سب ویز میں مسافروں کو ہراساں کرنا، غیر اخلاقی اور جعلی ویڈیوز پھیلانا شامل ہیں۔ استغاثہ نے ملزم کے لیے 3 سال قید کی استدعا کی تھی، تاہم عدالت نے تمام شواہد اور ان کے رویے کو دیکھتے ہوئے 6 ماہ قید اور فوری حراست کا حکم جاری کیا اور ملک سے فرار ہونے کے خدشے کے پیشِ نظر انہیں کمرہ عدالت سے ہی فوری طور پر حراست میں لے کر جیل منتقل کر دیا گیا۔ سماعت کے دوران یوٹیوبر نے صحافیوں سے بات کرتے ہوئے اپنے اقدامات پر افسوس کا اظہار کیا اور جنوبی کوریا کے عوام سے معافی بھی مانگی۔ یہ کیس سوشل میڈیا پر شہرت حاصل کرنے کے لیے کیے جانے والے غیر ذمہ دارانہ اقدامات پر ایک اہم مثال کے طور پر دیکھا جا رہا ہے۔,N/A,24_news,10:32:AM
سندھ حکومت کا بڑا فیصلہ ،نقل کرنیوالے طالب علم کبھی بھی بورڈ میں امتحان نہیں دے سکیں گے,"Apr 17, 2026",https://www.24urdu.com/17-Apr-2026/168931,سندھ حکومت کا نقل میں ملوث طلبہ اور عملے کے خلاف بڑا فیصلہ ،نقل کرنے والا طالب علم کبھی بھی بورڈ کے امتحانات نہیں دے سکے گا ،اور ملوث عملے کو نوکری سے فارغ کیا جائے گا۔ وزیر جامعات اسماعیل راہو اور وزیر تعلیم سندھ سردار شاہ نے مشترکہ بیان کے مطابق نقل میں ملوث طلبہ اور عملے کے خلاف سخت کارروائی کی جائے گی۔ بورڈ امتحانات میں نقل پر زیرو ٹالرنس پالیسی نافذ کردی گئی ہے۔ امتحانی عمل کے دوران انویجیلیٹر، انٹرنل، ایکسٹرنل یا کوئی بھی انتظامی افسر کے ملوث ہونے کی صورت میں محکمہ جاتی کارروائی ہوگی۔ عملے کے ملوث ہونے کی صورت میں نوکری سے فارغ کیا جائے گا۔ صوبائی وزرا کاکہناہےکہ موبائل یا نقل کرنے کا مواد رکھنے والے طالب علم کو فوری طور پر امتحانی عمل سے خارج کیا جائے گا۔ نقل میں ملوث طالب علم کے تمام پرچے منسوخ کر دیے جائیں گے۔ ایسے طلباء کو جاری امتحانات اور آئندہ آنے والے بورڈ کے کسی بھی امتحان میں بیٹھنے نہیں دیا جائیگا۔ امتحانی مراکز پر نگرانی کا نظام سخت کیا جائے گا، کسی بھی مداخلت کی صورت میں سخت ایکشن ہوگا۔,N/A,24_news,15:15:PM
دبئی میں خطر ناک جرائم پیشہ گروہ بے نقاب,"Apr 10, 2026",https://www.24urdu.com/10-Apr-2026/168205,گروہ کے خلاف کارروائی کرتے ہوئے مختلف ممالک سے 14 افراد کو گرفتار کیا گیا ہے اور 20 زیرِ تفتیش ہیں۔ پولیس نے بتایا کہ آپریشن اماراتی وزارتِ داخلہ کے تعاون سے کیا گیا، یہ نیٹ ورک  یورپ، مشرقِ وسطیٰ اور ایشیا میں سرگرم تھا جب کہ یورپ، برطانوی اور امریکی ادارے آپریشن میں شریک ہوئے۔ دبئی پولیس کے مطابق عالمی تعاون سے نیٹ ورک کا ڈھانچہ توڑا گیا اور اثاثے ضبط کیے جب کہ انٹرپول ریڈ نوٹس پر دبئی ایئرپورٹ پر ایک ملزم گرفتار کرلیا گیا۔,N/A,24_news,11:34:AM
لیاری کا انتہائی مطلوب بھتہ خور گرفتار،اسلحہ برآمد,"Apr 16, 2026",https://www.24urdu.com/16-Apr-2026/168803,ترجمان سندھ رینجرز کے مطابق گرفتار ملزم کا تعلق لیاری گینگ وار کے شاہنواز عرف گولڈن اور بالاچ بلوچ گروہ سے ہے، ملزم کے قبضے سے اسلحہ اور ایمونیشن بھی برآمد کر لیا گیا ہے،ملزم نعیم عرف بوس بغدادی اور کلری کے علاقوں میں بھتہ وصولی اور اسلحے کی ترسیل میں ملوث رہا ہے۔ ترجمان نے بتایا کہ ملزم بلڈرز اور کاروباری شخصیات کی معلومات بھتہ مافیا کے سرغنہ کو فراہم کرتا تھا اور بھتہ نہ ملنے پر فائرنگ اور ٹارگٹ کلنگ جیسی وارداتوں میں بھی ملوث ہے،ملزم ایک عادی مجرم ہے جس کے خلاف پہلے ہی بغدادی تھانے میں ایف آئی آر درج ہے۔ رینجرز ترجمان کا کہنا ہے کہ ملزم کے دیگر ساتھیوں کی گرفتاری کے لیے چھاپے مارے جا رہے ہیں جبکہ گرفتار ملزم کو مزید قانونی کارروائی کے لیے ایس آئی یو پولیس کے حوالے کر دیا گیا ہے۔,N/A,24_news,11:15:AM
ٹک ٹاکر ثناء یوسف کیس؛ملزم کی درخواست پرسماعت مکمل، فیصلہ محفوظ,"Apr 15, 2026",https://www.24urdu.com/15-Apr-2026/168702,اسلام آباد ہائیکورٹ کے چیف جسٹس سرفراز ڈوگر نے دلائل سننے کے بعد فیصلہ محفوظ کر لیا۔ چیف جسٹس کے استفسار پر وکیل نے جواب دیاکہ عدالت میں رپورٹ جمع کروا دی ہے،چیف جسٹس نے کہاکہ رپورٹ کیا کہتی ہے؟ماڈل کورٹ کے پاس کیس ہے وہ تو جلدی ہی کرے گی۔ وکیل ملزم عمر حیات نے کہا کورٹ کا ہمارے ساتھ کنڈکٹ ٹھیک نہیں، ہم نے کبھی التواء نہیں مانگا پھر بھی سرکاری وکیل مقرر کر کے جرح کر لی گئی،ٹرائل کورٹ کا کنڈکٹ ہمارے ساتھ درست نہیں،ایسے الفاظ بھی استعمال کیے گئے جو عدالت میں وکیل سے متعلق نہیں کہے جا سکتے۔ ملزم کے وکیل نے استدعاکی کہ پہلے ہونے والی جرح کو ختم کر کے ہمیں دوبارہ جرح کا موقع دیا جائے، ہمیں اُس عدالت پر اعتماد نہیں، کیس کسی بھی دوسری کورٹ میں منتقل کیا جائے۔ وکیل مدعی کے مطابق دس ماہ ہو چکے، بیان قلمبند ہونے کے بعد چھ ماہ میں صرف دو گواہوں پر جرح کی گئی، ٹرائل کورٹ ماڈل کورٹ ہے اور اس نے اِنہیں بہت سہولت دی۔ چیف جسٹس نے ملزم کے وکیل سے مکالمہ کیاکہ آپ کا ٹرائل کورٹ کے ساتھ جو رویہ ہے ایسے کورٹ آپ کے ساتھ کیسے چلے گی؟ ،جرح کرنے کا بیان دے کر نہیں کریں گے پھر کہیں گے وقت دیا جائے تو کیا ہو گا؟وکیل ملزم نے کہاہم ٹرائل کورٹ کے رویے اور ہماری عدم موجودگی میں کارروائی بڑھانے کے خلاف آئے ہیں، ہم نے ٹرائل کورٹ کو بھی درخواست دی تھی جو مسترد کر دی گئی،ٹرائل کورٹ نے موقع پر سٹیٹ کونسل مقرر کر کے کہا ایک گھنٹہ میں جرح کریں، وکیل بیمار تھے ایک موقع تو دیا جانا چاہیے تھا۔ یہ بھی پڑھیں: وکیل مدعی مقدمہ نے کہاانہیں بہت مواقع ملے لیکن کئی مرتبہ التواء مانگا گیا، ٹرائل جج پر بھی اعتراض کیا گیا۔ عدالت نے وکیل ملزم سے مکالمہ کیاکہ آپ اِدھر آجاتے ہیں اور اُدھر نہیں جاتے، ہائیکورٹ آئیں تو ٹرائل کورٹ کو بتا کر آنا چاہیے،ٹرائل کورٹ کا دوسری پارٹی سے رابطہ یا تعلق بھی نہیں ہے، وہ ماڈل کورٹ ہے اور سپریم کورٹ کا فیصلہ بھی ہے۔ عدالت نے وکلاء کے دلائل سننے کے بعد فیصلہ محفوظ کر لیا۔,N/A,24_news,11:56:AM
ہنگو میں پولیو سیکیورٹی ٹیم پر فائرنگ، ایک اہلکار شہید ،4 زخمی,"Apr 13, 2026",https://www.24urdu.com/13-Apr-2026/168513,پولیس ترجمان کے مطابق یہ واقعہ ٹل پولیس سٹیشن کی حدود میں چھپری وزیران کے قریب پیش آیا، جہاں پولیو ٹیموں کی سکیورٹی پر تعینات اہلکاروں کو نشانہ بنایا گیا، فائرنگ کے نتیجے میں ایک اہلکار شہید جبکہ چار اہلکار زخمی ہوئے۔ ترجمان نے بتایا کہ شہید ہونے والے اہلکار کی شناخت اسرار الحق کے نام سے ہوئی ہے جو ضلع شانگلہ کا رہائشی تھا اور پی ٹی سی میں انٹرمیڈیٹ کورس کر رہا تھا۔ زخمی اہلکاروں کو فوری طور پر قریبی ہسپتال منتقل کر دیا گیا ہے جہاں انہیں طبی امداد فراہم کی جا رہی ہے۔ یہ بھی پڑھیں واقعے کے بعد پولیس اور سکیورٹی فورسز نے علاقے میں سرچ آپریشن شروع کر دیا ہے جبکہ حملہ آوروں کی تلاش جاری ہے۔,N/A,24_news,10:49:AM
لودھراں، بیوٹی پارلر تیار ہونے آئی دلہن قتل،مقدمہ درج,"Apr 17, 2026",https://www.24urdu.com/17-Apr-2026/168895,تفصیلات کے مطابق لودھراں کےسیلون میں تیار ہوتی دلہن کو  قتل  کرنے پر سٹی پولیس نے حملہ آور شخص اسکے والد اور دو نامعلوم افراد کے خلاف مقدمہ درج کرلیا  گیا۔ قاتل مقتولہ کا کزن ہے اور مقتولہ سے پسند کی شادی کرنا چاہتا تھا لیکن والدین نے سدرہ بی بی کی شادی کہیں اور طے کردی تھی اس رنج پر قاتل نے رخصتی کےلیے تیار ہوتی دلہن کو قتل کردیا ۔ قاتل نے خود کو بھی چھریوں کے وار سے مضروب کیا۔,N/A,24_news,09:56:AM
ڈاکوؤں نے امام مسجد کو بھی نہ بخشا، نئی موٹر سائیکل چھین کر فرار,"Apr 15, 2026",https://www.24urdu.com/15-Apr-2026/168735,پولیس نے واقعہ کا مقدمہ درج کر لیا، مدعی مقدمہ سعید حسن کے مطابق وہ گلشن حدید کے رہائشی ہیں اور مقامی مسجد میں امام ہیں۔ مدعی مقدمہ نے بتایا کہ 14 اپریل کو مغرب کی نماز پڑھا کر گھر جا رہے تھے کہ اس دوران دو نامعلوم ملزمان پیدل آئے اور اسلحہ کے زور پر نئی موٹر سائیکل، موبائل فون اور نقدی لے کر فرار ہوگئے۔ ایس ایچ او اسٹیل ٹاون گلزار علی تنیو نے بتایا کہ پولیس نے واقعے کا مقدمہ درج کرکے تفتیش شروع کر دی ہے۔,N/A,24_news,16:05:PM
قلعہ گجر سنگھ کے علاقے سےلیڈی پولیس کانسٹیبل مبینہ طور پر اغوا، تلاش جاری,"Apr 13, 2026",https://www.24urdu.com/13-Apr-2026/168539,"پولیس کے مطابق لیڈی کانسٹیبل عائشہ اپنے گھر سے ڈیوٹی کے لیے روانہ ہوئی تھیں تاہم وہ اپنے مقررہ ڈیوٹی پوائنٹ پر نہ پہنچ سکیں,ایف آئی آر کے مطابق عائشہ پولیس لائنز قلعہ گجر سنگھ میں تعینات تھیں اور ان کی ڈیوٹی رات 11 بجے سے صبح 7 بجے تک تھی۔ پولیس حکام کا کہنا ہے کہ کانسٹیبل کے اغوا کا مقدمہ ان کے والد کی مدعیت میں درج کر لیا گیا ہے جبکہ واقعے کی مختلف پہلوؤں سے تحقیقات جاری ہیں۔ ذرائع کے مطابق مبینہ طور پر اغوا کی گئی لیڈی کانسٹیبل کی تلاش کے لیے سی سی ٹی وی کیمروں کی مدد سے شواہد اکٹھے کیے جا رہے ہیں اور مختلف مقامات پر چھاپے بھی مارے جا رہے ہیں۔ پولیس کا کہنا ہے کہ جلد واقعے کی حقیقت سامنے لانے اور مغوی اہلکار کو بازیاب کرانے کے لیے ہر ممکن اقدامات کیے جا رہے ہیں۔",N/A,24_news,16:01:PM
ٹیکسلا میں ذاتی دشمنی پر ایک ہی خاندان کے 3 افراد قتل,"Apr 16, 2026",https://www.24urdu.com/16-Apr-2026/168805,پولیس کے مطابق جاں بحق افراد میں 2خواتین اور ایک نوجوان شامل ہیں،تینوں افراد کو تیز دھار آلے سے گلا کاٹ کر قتل کیا گیا ،مفرور ملزما ن کی گرفتاری کیلئے تفتیش جاری ہے۔ پولیس ذرائع کے مطابق واقعہ محلہ مشرق آباد گلی نمبر 5 میں پیش آیا، جاں بحق ہونے والوں میں 40 سالہ خاتون، 26 سالہ نوجوان اور 23 سالہ لڑکی شامل ہے جن کو تیز دھار آلے سے گلہ کاٹ کر قتل کیا گیا۔ یہ بھی پڑھیں: پولیس کی بھاری نفری جائے وقوعہ پر پہنچ گئی اورشواہد اکٹھے کرنے میں مصروف ہے،ابتدائی تحقیقات کے مطابق واقعہ ذاتی دشمنی یا گھریلو تنازع کا شاخسانہ لگتا ہے۔,N/A,24_news,11:33:AM
سعودی عرب میں منشیات کے 7 سمگلروں کو سزائے موت دے دی گئی,"Apr 12, 2026",https://www.24urdu.com/12-Apr-2026/168470,(ویب ڈیسک) سعودی عرب میں منشیات کی سمگلنگ کے جرم میں 7 افراد کو سزائے موت دے دی گئی۔ سعودی پریس ایجنسی کے مطابق 5 سعودی شہریوں اور 2 اردنی شہریوں کو منشیات کی سمگلنگ کا  جرم ثابت ہونے پر موت کی سزا سنائی گئی تھی۔ سرکاری اعداد و شمار کے مطابق سعودی عرب میں  2026 کے آغاز سے اب تک منشیات سے متعلق کیسز میں 38 افراد کو سزائے موت دی جا چکی ہے۔ یہ بھی پڑھیں:,N/A,24_news,23:23:PM
قتل کے مقدمے میں 2 سال سے مفرور اشتہاری ملزم لاہور  میں گھرفتار,"Apr 15, 2026",https://www.24urdu.com/15-Apr-2026/168743,(24نیوز) قتل کے مقدمے میں 2 سال سے مفرور اشتہاری ملزم کو لاہور کی جوہر ٹاؤن پولیس نے گرفتار کر لیا۔ پلاہور ولیس کے مطابق یہ شخص کراچی مین قتل کے مقدمہ مین مطلوب تھا اور بھاگ کر لاہور آیا ہوا تھا۔  تھانہ گلشن اقبال کراچی کو مطلوب ملزم شاہ نواز کو انٹیلیجنس بیسڈ آپریشن کے دوران حراست میں لیا گیا۔ ملزم کے سر کی گرفتاری پر مدعی مقدمہ کی جانب سے 10 لاکھ روپے انعام مقرر تھا۔ ایس پی صدر رانا حسین طاہر کے مطابق ملزم دفعہ 302 کے تحت قتل کے مقدمے میں مفرور تھا اور کافی عرصے سے قانون نافذ کرنے والے اداروں کو مطلوب تھا۔ایس پی صدر نے ایس ایچ او جوہر ٹاؤن اور پولیس ٹیم کو کامیاب کارروائی پر شاباش دیتے ہوئے کہا کہ جرائم پیشہ عناصر کے خلاف زیرو ٹالرنس پالیسی پر عمل جاری رکھا جائے گا۔ یہ بھی پڑھیں:,N/A,24_news,18:05:PM
جج نے اینکر کی قید سے اس کی بیوی کو رہائی دلوا دی، خاتون عدالت سے والدین کے ساتھ چلی گئیں,"Apr 16, 2026",https://www.24urdu.com/16-Apr-2026/168869,(24نیوز)  اسلام آباد کی ڈسٹرکٹ اینڈ سیشن کورٹ  میں  اینکر جمیل فاروقی کے اپنی بیوی کو حبس بے جا میں رکھنے اور ان پر تشدد  کرنے کا الزام سامنے آگیا ۔ عدالت نے پولیس کو بھیج کر اینکر جمیل فاروقی کی بیوی کو حبس بے جا سے بازیاب کروا لیا۔ معلوم ہوا ہے کہ  جیمل فاروقی کی بیوی کو  اسلام آباد کے  تھانہ گولڑہ کی حدود سے  ایڈیشنل سیشن جج عرفان اکرم نے احکامات کی تعمیل کرتے ہوئے بازیاب کروایا گیا ہے۔ خاتون کے والدین کی درخواست پر عدالت نے گزشتہ روز  خاتون کو حبس بے جا سے بازیابی کروانے کا حکم دیا تھا ۔ آج بدھ کے روز عدالت کے مقرر کردہ بیلف اور اسلام آباد  پولیس نے خاتون کو بازیاب کرا کے عدالت میں پیش کر دیا  ۔ اینکر جمیل فاروقی کی بیوی عائشہ مسرت  نے عدالت کو بتایا کہ میں دو ماہ سے  جمیل فاروقی کے ساتھ رہی ہوں۔ عائشہ مسرت نے بتایا کہ جمیل فاروقی ان کو ان کے والدین سے ملنے کی اجازت نہیں دیتا تھا۔ انہوں نے عدالت میں بتایا کہ جمیل فاروقی مجھ پر مستقل وحشیانہ طریقے سے ٹارچر کر رہا تھا ۔ شوہر کے تشدد کا شکار خاتون عائشہ مسرت  نے کہا، میں عاقل اور بالغ ہوں، میں  اپنے فیصلے کرنے میں آزاد ہوں ۔ میں جمیل فاروقی کے ساتھ نہیں رہنا چاہتی، میں اپنے والدین کے ساتھ جانا چاہتی ہوں۔ عائشہ مسرت نے بیان پر عدالت نے قرار دیا کہ  خاتون عاقل بالغ ہ یں۔ وہ  اپنے فیصلے میں آزاد ہ یں۔ وہ اپنے والدین کے ساتھ جا سکتی ہیں۔ عدالت نے حبس بے جا میں رکھنے کی درخواست اس فیسلے کے ساتھ  نمٹا دی۔ یہ بھی پڑھیں:,N/A,24_news,21:23:PM
9 مئی مقدمات: فواد چوہدری کی عبوری ضمانت میں توسیع,"Apr 16, 2026",https://www.24urdu.com/16-Apr-2026/168793,انسداد دہشت گردی عدالت لاہور میں 9 مئی جلاؤ گھیراؤ کے پانچ مقدمات میں سابق وفاقی وزیر فواد چوہدری کی عبوری ضمانت کی درخواستوں پر سماعت ہوئی۔ سماعت کے دوران عدالت نے فواد چوہدری کی ایک روزہ حاضری معافی کی درخواست منظور کرلی۔ یہ بھی پڑھیں: عدالت نے عبوری ضمانت کی درخواستوں میں 7 مئی تک توسیع کرتے ہوئے آئندہ سماعت پر وکلاء سے دلائل طلب کرلیے،انسداد دہشت گردی عدالت کے جج منظر علی گل نے عبوری ضمانت پر سماعت کی۔ .......,N/A,24_news,10:14:AM
ڈاکوؤں نے بیوپاری سے 5 لاکھ روپےچھین لئے ، مزاحمت پر گولی مارنے کی ویڈیو منظر عام پر آگئی,"Apr 17, 2026",https://www.24urdu.com/17-Apr-2026/168905,گزشتہ روز بھینس کالونی نمبر 5 پر ڈاکوؤں نے دن دیہاڑے بیوپاری کو لوٹ لیا۔ ملزمان نے متاثرہ بیوپاری عبدالرسول سے 5 لاکھ روپے لوٹے اور مزاحمت پر گولی بھی ماردی جس پر  بیوپاری زخمی ہوگیا۔ واقعہ کی سی سی ٹی وی بھی سوشل میڈیا پر وائرل ہوگئی جس میں دیکھا جاسکتا ہے کہ بیوپاری موٹر سائیکل سوار تھا جسے 3 موٹر سائیکل سوار ڈاکوؤں نے گھیرلیا۔ ویڈیو میں دیکھا جاسکتا ہے کہ ملزمان بیوپاری کو اسلحہ کے زور پر لوٹنے کی کوشش کرتے ہیں جس پر بیوپاری نے مزاحمت کی تو ڈاکو ؤں نے فائرنگ کرکے بیوپاری کو زخمی کردیا۔ سکھن پولیس نے روایتی دعویٰ کرتے ہوئے کہا کہ ملزمان کی سی سی ٹی وی ویڈیو کی مدد سے جلد گرفتار کرلیا جائے گا۔,N/A,24_news,11:01:AM
لندن: غلط چٹنی دینے پر بیرے کو جعلی پستول سے دھمکانے والے نوجوان کو 3 سال قید,"Apr 09, 2026",https://www.24urdu.com/09-Apr-2026/168079,رپورٹس  کے مطابق مروان قادر کو جعلی پستول سے قتل کی دھمکی پر 3 سال قید کی سزا سنائی گئی ہے۔ مروان نے لہسن کی چٹنی مانگی، بیرے نے غلط چٹنی بیگ میں ڈال دی جس پر نوجوان مشتعل ہو گیا، 18 سالہ مروان نے عدالت میں جرم کا اعتراف کر لیا۔ پولیس کی طرف سے جاری کی گئی سی سی ٹی وی ویڈیو سوشل میڈیا پر وائرل ہو چکی ہے۔ مروان نے جعلی پستول نکال کر ریسٹورنٹ کے ملازم کو کہا میں تمہیں قتل کر دوں گا۔ پولیس کو ملزم کے گھر سے جعلی پستول اور دیگر جعلی اسلحہ بھی ملا، افغان نژاد مروان نامی شہری کو وولیچ کراؤن کورٹ میں سزا سنائی گئی۔,N/A,24_news,08:53:AM
بھارتی ریاست آندھرا پردیش میں رن آؤٹ تنازع پر امپائر قتل,"Apr 08, 2026",https://www.24urdu.com/08-Apr-2026/167997,بھارتی میڈیا رپورٹس کے مطابق ایک مقامی کرکٹ میچ کے دوران رن آؤٹ تنازع پر امپائر ڈولا اجیت بابو کو قتل کردیا گیا جبکہ قاتل موقع سے فرار ہوگیا۔ یہ افسوسناک واقعہ بھارتی ریاست آندھرا پردیش کے شہر وشاکھاپٹنم میں پیش آیا۔ پولیس کے مطابق اتوار کی شام تین ٹیموں کے درمیان جاری میچ میں رن آؤٹ کے فیصلے پر جھگڑا ہوا جسے امپائر اجیت بابو اور ان کے ساتھی بڈوموری چیرنجیوی نے وقتی طور پر ختم کرا دیا۔ تاہم ایک تماشائی کانتا کشور اس معاملے پر مشتعل ہوگیا اور بدتمیزی کرنے لگا۔ یہ بھی پڑھیں بعد ازاں اس نے امپائروں کو معاملہ سلجھانے کے بہانے بلایا، میچ ختم ہونے کے بعد جب وہ موقع پر پہنچے تو دوبارہ تلخ کلامی ہوئی اور ملزم نے اچانک چاقو نکال کر حملہ کر دیا۔ اجیت بابو شدید زخمی ہوکر دم توڑ گئے جبکہ دیگر افراد بھی زخمی ہوئے۔ اہل خانہ کے مطابق ملزم نشے میں تھا اور پہلے سے حملے کا منصوبہ بنا چکا تھا۔,N/A,24_news,11:11:AM
فیول کی ذخیرہ اندوزی؛ قبرستان میں چار سو ایل پی جی سلنڈر چھپانے والے گروہ کو پولیس نے پکڑ لیا,"Apr 02, 2026",https://www.24urdu.com/02-Apr-2026/167431,"بھارت کی ریاست  تلنگانہ کے کیپیٹل سٹی حیدرآباد میں پولیس نے ایک قبرستان میں  قبروں میں چھپائے گئے سینکڑوں ایل پی جی سلینڈر بر آمد کرلیے۔ یہ گیس سلنڈر چھپانے والوں اور شہر کے دوسرے علاقوں میں ایل پی جی کی ذخیرہ اندوزی اور بلیک میں فروخت کرنے والے دس افراد کو پولیس نے پکڑ کر حوالات میں بند کر دیا ہے۔ بھارتی خمیڈیا کی رپورٹس کے مطابق ایران میں جاری جنگ کے اثرات کی وجہ سے بھارت میں ایل پی جی کی  شدید قلت چل رہی ہے۔ طالع آزما لوگ ایل پی جی کو   بلیک مارکیٹ میں زیادہ قیمت پر فروخت کر رہے ہیں۔ ایران میں کشیدگی کے سبب شپنگ متاثر ہوئی ہے جس کے نتیجے میں گیس کی سپلائی کم ہوئی اور ذخیرہ اندوزی کے خلاف کارروائیاں تیز کر دی گئی ہیں۔ بھارت کی وزارتِ پیٹرولیم و قدرتی گیس کی ایک سینئر عہدیدار سجاتا شرما کے مطابق صرف گزشتہ روز ملک بھر میں تقریباً 2,600 چھاپے مارے گئے اور تقریباً 700 ایل پی جی سلنڈر ضبط کیے گئے۔ یہ بھی پڑھیں: سجاتا شرما نے مزید بتایا کہ حیدرآباد میں ایک قبرستان کے اندر سے تقریباً 400 سلنڈر ایک ہی مقام سے برآمد ہوئے اور پولیس نے اس واقعے میں دس افراد کو حراست میں لے لیا۔ حیدر آباد پولیس کے حکام نے بتایا کہ قبرستان کو ایل پی جی کا ڈمپ یارڈ بنا ڈالنے والے لوگ  کمرشل اور گھریلو سلنڈرز کو تین گنا زیادہ قیمت پر فروخت کر رہے تھے۔ ایک کمرشل سلنڈر جس کی اصل قیمت تقریباً 2,100 بھارتی روپے ہے اسے چھ ہزار روپے تک میں  بیچا جا رہا تھا۔ ضبط کیے گئے سلنڈرز اور استعمال شدہ گاڑیوں کی مجموعی مالیت تقریباً 22 لاکھ بھارتی روپے بنتی ہے۔ بھارت دنیا میں ایل پی جی کا دوسرا سب سے بڑا درآمد کنندہ ہے اور اپنی تقریباً 60 فیصد ضرورت درآمد شدہ ایل پی جی سے پوری کرتا ہے جو زیادہ تر مشرقِ وسطیٰ سے آتی ہے۔",N/A,24_news,19:05:PM
ایران: فوجی تنصیب پر مبینہ حملے کے الزام میں ایک اور شخص کو پھانسی,"Apr 06, 2026",https://www.24urdu.com/06-Apr-2026/167806,یہ اقدام ایسے وقت میں سامنے آیا ہے جب ایک روز قبل اسی واقعے سے تعلق رکھنے والے دو دیگر افراد کو بھی سزائے موت دی گئی تھی۔ ایرانی خبر رساں ادارے اسلامک اسٹوڈنٹس نیوز ایجنسی کے مطابق عدلیہ کا حوالہ دیتے ہوئے بتایا گیا ہے کہ علی فہیم نامی شخص کو اس وقت پھانسی دی گئی جب سپریم کورٹ نے اس کی سزائے موت کو برقرار رکھا۔ دوسری جانب انسانی حقوق کی تنظیموں بشمول ایمنسٹی انٹرنیشنل نے ان پھانسیوں کی شدید مذمت کرتے ہوئے انہیں غیر انسانی قرار دیا ہے۔ تنظیموں کا کہنا ہے کہ کئی ملزمان کے اعترافی بیانات مبینہ طور پر تشدد کے ذریعے حاصل کیے گئے۔ خیال رہے کہ ایران نے ہفتے کے روز دو افراد کو پھانسی دی تھی ۔ بتایا گیا تھا کہ وہ حزبِ اختلاف کے گروپ پیپلز مجاہدین آرگنائزیشن آف ایران (پی ایم او آئی) سے روابط اور مسلح حملے کرنے کے مرتکب تھے۔ گروپ کا کہنا تھا کہ ہفتے کے روز پھانسی پانے والے دونوں افراد جنوری 2024 میں گرفتار ہوئے تھے اور دسمبر 2025 میں ان کی سزائے موت برقرار رکھی گئی تھی۔ واضح رہے کہ جنوری میں شروع ہونے والی بدامنی ابتدا میں معاشی مشکلات کے خلاف احتجاج کے طور پر سامنے آئی تھی۔ تاہم بعد ازاں یہ ایک ملک گیر تحریک میں تبدیل ہو گئی جس میں حکومت کے خاتمے کے مطالبات بھی شامل تھے۔ حکام کی جانب سے ان مظاہروں کے خلاف سخت کارروائی کی گئی تھی۔ جس کے نتیجے میں 1979 کے انقلاب کے بعد ملک میں سب سے زیادہ پرتشدد جھڑپیں دیکھنے میں آئیں اور ہزاروں افراد ہلاک ہوئے تھے۔,N/A,24_news,12:22:PM
پسند کی شادی کرنے پر باپ نے بیٹی کو مار ڈالا,"Apr 06, 2026",https://www.24urdu.com/06-Apr-2026/167811,چوڈیشوری نامی خاتون ایک مرد کے ساتھ تعلقات میں تھی ، جس کی اس کے گھر والوں نے مخالفت کی، 4 مارچ کو اس نے گھر چھوڑ کر اپنے والدین کی مرضی کے خلاف اپنے عاشق سے شادی کرلی، کچھ دنوں بعد اس کے گھر والوں نے شکایت درج کروائی جس کے بعد خاتون کو تلاش کرنے کی کوشش کی گئی۔ مچھرلا ٹاؤن سرکل انسپکٹر (سی آئی) نے 15 مارچ کو جوڑے کا سراغ لگایا اور مبینہ طور پر خاتون کو اپنے والدین کے گھر واپس جانے پر مجبور کیا۔ تفتیش کاروں کے مطابق افسر نے خاتون کو دھمکی دی اور اسے اس کے اہل خانہ کے حوالے کردیا، 3 دن بعد چوڈیشوری اپنے والدین کے گھر پر مردہ پائی گئی۔ ابتدائی طور پر اس کے اہل خانہ نے دعویٰ کیا کہ اس کی موت خودکشی سے ہوئی ہے۔ تاہم پوسٹ مارٹم رپورٹ میں اس بات کی تصدیق ہوئی ہے کہ اس کی موت خود کشی نہیں بلکہ قتل تھی۔ ڈاکٹروں نے انکشاف کیا کہ اس کا سوتے وقت تکیے سے دم گھٹ گیا تھا۔ اس کے بعد، عورت کے والد، چندرسرینو، اور ایک اور رشتہ دار کو گرفتار کر لیا گیا کیونکہ تفتیش کاروں کا خیال تھا کہ انہوں نے یہ جرم اس کی مرضی کے خلاف شادی کرنے پر غصے میں کیا تھا۔ مزید تفتیش سے پتا چلا کہ سرکل آفیسر نے چوڈیشوری کے والدین سے رشوت لے کر انہیں تحفظ دینے کی کوشش کی ہو گی۔ پولیس بینک کے ریکارڈ اور خاندان کی طرف سے کی گئی بڑی رقم نکالنے کی جانچ کر رہی ہے۔,N/A,24_news,13:15:PM
پنجاب یونیورسٹی ٹاؤن تھری کرپشن؛ وائس چانسلر کی کمیٹی نے بھی اربوں روپے کرپشن کےمجرموں کی نشاندہی کر دی,"Apr 01, 2026",https://www.24urdu.com/01-Apr-2026/167343,"(عمران یونس)  پنجاب یونی ورسٹی کے  ٹیچرز اور ملازمین کیلئے بنائے گئے ٹاؤن تھری کے  ڈویلپر کی بدعنوانیاں تحقیقاتی رپورٹ میں سامنے آ گئیں۔  اکیڈمک سٹاف کمیٹی کے ڈاکٹر اظہر نعیم نے اپنے بھائی کو ٹاؤن تھری کی ڈیویلپمنٹ کا کام دلوانے کے لئے اس سے ڈویلپر کمپنی بنوائی جو ڈویلپمنٹ کا کام خود کرنے کے قابل نہین تھی، بعد میں اس ڈویلپر کمپنی کو زمین خریدنے کے لئے بھی اربوں روپے کی ادائیگیاں کر دیں۔  تحقیقاتی رپورٹ میں  اساتذہ کو مزید نقصٓن سے بچانے کے لئے سکینڈل کی تح۲قیقات اور قانونی کارروائی متعلقہ سرکاری اداروں کے سپرد کرنے کی سفارش کر دی گئی۔ پنجاب یونی ورسٹی کے وائس چانسلر ڈاکٹر محمد علی کے حکم پر بننے والی انکوائری کمیٹی نے مکمل کر کے جمع کرا دی ہے۔ اس رپورٹ میں تحقیقاتی کمیتی نے اربوں روپے کی  گھپلوں کی نشاندہی تو کر دی ہے لیکن بے ٓختیار ہونے کے سبب کمیٹی گھپلوں کے ذمہداروں سے دستاویزات حاصل نہین کر سکی۔ کمیٹی نے سفارش کی ہے کہ ڈویلپر کمپنی کے اکاؤنٹس کا آڈت، اربوں روپے کی زمین کی ڈویلپر کے ذریعہ خریداری اور دیگر سنگین بد عنوانیوں کی تحقیقات  متعلقہ سراری اداروں کے سپرد کی جائے۔ وائس چانسلر  کی انکوائری کمیٹی نے اربوں روپے کے مبینہ گھپلوں پر یونیورسٹی انتظامیہ کو حکومتی اداروں سے مدد لینے کی سفارش کر تے ہوئے کہا کہ  سرکاری تحقیقاتی ایجنسیاں ڈویلپر کمپنی کی جانب سے  مینیجمنٹ کمیٹی کے ارکان کو پیسے دیئے جانے کی بھی تحقیقات کریں۔ کمیٹی نے سفارش کی کہ  پنجاب یونیورسٹی کی انتظامیہ  یقینی بنائے کہ آئندہ ایسا پراجیکٹ متعلقہ باڈیز کی منظوری کے بغیر شروع نہ ہو۔  پلاٹوں کے حتمی قبضے تک مینجمنٹ کمیٹی مکمل طور پر ذمہ دار رہے ۔ یونیورسٹی انتظامیہ ٹاون تھری منصوبے کی نگرانی کرے۔ ٹاون تھری کی ڈیویلپمنٹ کا کام کسی اشتہار کے بغیر ایسی  ڈویلپر کمپنی  کو دیا گیا جس میں ڈاکٹر اظہر نعیم کے سگے بھائی ڈاکٹر وقار نعیم شامل ہیں۔ اس ڈویلپر کمپنی کو بظاہر ٹاؤن تھری کا کنٹریکٹ حاصل کرنے کے لئے ہی بنایا گیا۔ کمپنی نے بعد میں اپنا کام دوسری کمپنیوں کو سب لیٹ کر دیا  جس سے ظاہر ہوتا ہے کہ  ڈاکٹر اطہر کے بھائی ڈاکٹر وقار نعیم کی کمپنی میں ڈیولپمنٹ کا کام خود کرنے کی صلاحیت نہیں تھی۔ ڈویلپر کمپنی میں ڈاکٹر اظہر نعیم کے بھائی کا شامل ہونا مفادات کا ٹکراو ہے۔ ڈویلپرز نے زمین کی خرید و فروخت کے جس طرح معاہدے کئے وہ ذاتی مفادات کی نشاندہی کرتا ہے۔ ٹاون تھری کے ممبرز کا نقصان کر کے اربوں روپےکی کمرشل زمین ڈویلپر کمپنی کو دے دی گئی۔  ٹاون تھری کا پراجیکٹ چار سالوں میں مکمل ہونا تھا،پہلے چار سال میں ترقیاتی کاموں کا آغاز تک نہ ہو سکا۔ پہلے 4 سال کسی بھی قسم کا عدالتی کیس بھی نہیں تھا نہ ہی کسی قسم کا کوئی عدالتی سٹے ہوا تھا۔ ڈویلپرز نے اساتذہ کے رہائشی منصوبے کی زمین کو جگہ جگہ بیچ کر رولنگ سٹون بنادیا۔ کمیٹی کی رپورٹ میں بتایا گیا کہ عدالت میں مقدمات کے باوجود ڈویلپرز کو کروڑوں روپے کی ادائیگی  مسلسل کی جاتی رہی۔ آغاز میں زمین کی خریداری کے لئے سرکاری اکاونٹ سے براہ راست مالکان کو ادائیگی ہوئی۔  بعد ازاں سرکاری اکاونٹ سے کروڑوں روپے زمین مالکان کو ادا کرنے کی بجائے ڈویلپر کے اکاونٹ میں بھیجے گئے۔ ڈویلپر نے اربوں روپے مالیت ظاہر کی گئی زمین کس قیمت پر خریدی، اس کا  تحقیقاتی کمیٹی کی رپورٹ کہتی ہے کہ کچھ معلوم نہیں ہو رہا۔ ٹاون تھری کی اکاونٹ سٹیٹمنٹ یا کوئی بھی فنانشنل دستاویز کبھی بھی شیئر نہیں کی گئی۔ تحقیقاتی کمیٹی نے ٹاون تھری کے اکاونٹ کے تھرڈ پارٹی آڈٹ کروانے کی سفارش کر دی۔کمیٹی نے کسی سرکاری تحقیقاتی ادارے سے ڈویلپر کے اکاونٹ کی بھی جانچ پڑتال کی سفارش کر دی۔ کمیٹی نے اپنی رپورٹ میں یہ بھی کہا کہ ایجنسیاں ڈویلپر کی جانب سے مینجمنٹ کمیٹی کے چند ارکان کو پیسے دیئے جانے پر تحقیقات کرسکتی ہیں۔ اساتذہ اور  ملازمین کے مفاد  کو مزید نقصٓن سے بچانے کے لئے  یونیورسٹی انتظامیہ  متعلقہ سرکاری اداروں سے قانونی کارروائی کرنے  کی درخواست کرے۔ ڈویلپر کے پارٹنرز نے منافع شیئر کرنے پر تو اتفاق کیا لیکن  ڈویلپر کا کونسا پارٹنر کتنے پیسے لگائے گا، یہ طے نہ ہوا جو کہ عجیب معاملہ لگتا ہے، ب ٹاون تھری کی پہلی ڈویلپر کمپنی کے دونوں پارٹنرز نے پارٹنرشپ قانون کے مطابق ختم نہ کیا جس کی وجہ سے عدالتی کیسز ہوئے، یونیورسٹی انتظامیہ کی جانب سے سرپرستی کے باعث لوگوں نے پلاٹوں کے لئے رجسٹریشن کرائی، بعد ازاں یونیورسٹی کی جانب سے پراجیکٹ سے علیحدہ ہونا کسی صورت جائز نہیں تھا، یہ بھی پڑھیئے: یہ بھی پڑھیں: یہ بھی پڑھیں: مینجمنٹ کمیٹی نے ٹاون تھری کی زمین آسا کے نام لگانے کی بجائے انفرادی طور پر ذاتی ناموں پر زمین کی رجسٹری کرائی، پہلے ڈویلپر کے پارٹنرز نے ایک دوسرے کے خلاف عدالتی کیسز کے باوجود 2022 میں دوبارہ معاہدہ کر لیا جو کہ حیران کن تھا، یہ عجیب و غریب معاہدے قانونی اداروں کی جانب سے تحقیقات کا مطالبہ کرتے ہیں، مینجمنٹ کمیٹی نے یونیورسٹی سے باہر لوگوں کے نام زمین کی ٹرانسفر شروع کی جس کی وجہ سے ایک عام آدمی کی جانب سے عدالتی کیس دائر ہوا، اینٹی کرپشن ڈیپارٹمنٹ نے بھی  اپنی تحقیقاتی میں اربوں روپے کی کرپشن کی نشاندہی کی، نجی ہاوسنگ سکیم کی طرف سے جو ایل ڈی اے کی منظوری کے لیٹر ممبرز کو دیئے گئے، نجی ہاوسنگ سکیم کے پاس اس موضع میں ایل ڈی اے کی ٹیکنیکل منظوری ہی نہیں تھی۔ اساتذہ کے منتخب نمائندوں کی تنظیم اکیڈیمک سٹاف ایسوسی ایشن کے پاس ہاوسنگ پراجیکٹ شروع کرنے کا مینڈیٹ نہیں تھا، ڈاکٹر اظہر نعیم پنجاب یونی ورسٹی کا ایک سینئیر ٹیچر ہے  وہ پنجاب یونیورسٹی اکیڈمک سٹاف ایسوسی ایشن (PUASA) کا صدر اور ٹاؤن تھری مینجمنٹ کمیٹی کا سیکرٹری رہا ہے۔ اس نے کسی مینڈیٹ کے بغیر ٹاؤن تھری کا پروجیکٹ بنایا اور اس پروجیکٹ میں برے پیمانے پر گھپلے کرنے کے لئے اپنی بھائی کو ڈیویلپر بنا دیا۔ بھائی کا کردار (ڈاکٹر وقار نعیم ڈاکٹر اظہر نعیم   کا سگا  بھائی ڈاکٹر وقار نعیم  اس ڈویلپر کمپنی کا بڑے حصہ دار (Major Shareholder) ہے جسے ٹاؤن تھری کا ڈیویلپمنٹ کا ٹھیکہ دیا گیا تھا۔ اینٹی کرپشن اسٹیبلشمنٹ (ACE) کی تحقیقات کے مطابق، ڈاکٹر اظہر نعیم  نے اپنے عہدے کا فائدہ اٹھاتے ہوئے ٹاؤن تھری کا 2.7 ارب روپے کا پروجیکٹ بغیر کسی اشتہار (Advertisement) کے اپنے بھائی کی کمپنی کو دیا۔ گرفتاری: اینٹی کرپشن نے جون 2023 میں ڈاکٹر وقار نعیم  اور دیگر ڈویلپرز کو گرفتار کیا تھا، جبکہ ڈاکٹر اظہر نعیم  اور دیگر پروفیسرز کے خلاف ایف آئی آر (FIR) درج کی گئی تھی۔ اس اسکینڈل میں اربوں روپے کی مالی بے ضابطگیوں، ایل ڈی اے (LDA) سے این او سی نہ لینے اور ممبران کو پلاٹس فراہم نہ کرنے جیسے سنگین الزامات شامل ہیں۔ جولائی 2023 میں ایف آئی اے کے مقامی اہلکار بھی ٹاؤن تھری پروجیکٹ میں ""منی لانڈرنگ کی تحقیقات"" کر چکے ہیں۔  اس تحقیقات کا نتیجہ کسی کو نہیں معلوم۔ نیب (NAB) کی انکوائری بھی یونی ورسٹی کے ٹیچرز کے اس پروجیکٹ میں کرپشن کے ذمہ داروں کا کچھ نہیں بگاڑ سکی۔  نیب بھی اس پروجیکٹ میں انتظامی بے ضابطگیوں اور پلاٹوں کی عدم فراہمی پر متوازی تحقیقات کرتا رہا ہے۔ لیکن تحقیقات کا  ٹاؤن تھری  پروجیکٹ میں کرپشن کرنے والوں کا کچھ نہیں بگڑا اور اپنا پیسہ پھنسا دینے والے ٹیچرز کا کوئی فائدہ نہیں ہوا۔  نیب نے تحقیقات عجیب جواز گھڑ کر  2023 میں ہی بند کر دی تھیں۔ اب وائس  چانسلر کی تحقیقاتی کمیٹی نے بھی سنگین بدعنوانیوں کی نشاندہی کر دی ہے۔ مظلوم ٹیچرز کو نہ پلاٹ ملے ہیں نہ اس رہائشی منسوبہ کو لاہور ڈیویلپمنٹ اتھارٹی کا اجازت نامہ ہی ملا ہے۔",N/A,24_news,22:48:PM
غیر قانونی سگریٹ بنانے والی فیکٹریوں کیخلاف بڑا کریک ڈاون شروع,"Apr 06, 2026",https://www.24urdu.com/06-Apr-2026/167869,ڈائریکٹوریٹ آف انٹیلی جنس اینڈ انویسٹی گیشن لاہور نے  کارروائی کر کے چونیاں سے لاہور ہونے والی بڑی سپلائی کو ناکام بنا دیا،موقع پر کارروائی کرتے ہوئے غیر قانونی طریقہ سے سگریٹس تیار کرنے والے یونٹس پر بھی چھاپہ مارا۔ اسسٹنٹ کمشنر غلام مصطفیٰ کی سربراہی میں مشترکہ کارروائی کے دوران سگریٹس کی بڑی کھیپ کو برآمد کیا گیا،ذرائع کے مطابق رجسٹریشن اور ٹیکس ادائیگی کے بغیر سگریٹ کی بڑی کھیپ تیار کی جا رہی تھی،سگریٹس کی بڑی کھیپ کو لاہور سمیت مختلف شہروں میں سپلائی  کیلئے تیار کیا گیا تھا،غیر قانونی پیداوار روکنے کیلئے فیکٹری سیل، مشینری بھی قبضے کے لی گئی۔ ایف بی آر نے فیڈرل ایکسائز ایکٹ 2005 کے تحت مقدمہ بھی درج کر لیا گیا،چھاپے کے فوری بعد دو مرکزی ملزمان گرفتار، مزید تفتیش کا دائرہ کار بھی وسیع کر دیا گیا۔ خیال رہے کہ ایف بی آرنے ٹیکس چوروں اور غیر قانونی فیکٹریوں کے خلاف زیرو ٹالرنس کے تحت کارروائیاں تیز کرنے کی ہدایات کی ہے۔ ترجمان  ایف بی آر کا کہنا ہے کہ غیر قانونی سگریٹ انڈسٹری کے خاتمے کیلئے تمام وسائل بروئے کار لائے جائےگئے۔,N/A,24_news,23:24:PM
9 مئی احتجاج کیس میں مزیددوگواہان کے بیانات ریکارڈ,"Apr 02, 2026",https://www.24urdu.com/02-Apr-2026/167396,"(حاشر وڑائچ)پی ٹی آئی کارکنان کیخلاف 9 مئی احتجاج کیس میں مزیددوگواہان کے بیانات ریکارڈکرلئے گئے۔ انسداددہشت گردی عدالت اسلام آباد میں پی ٹی آئی کارکنان کیخلاف 9 مئی احتجاج کیس کی سماعت ہوئی،پراسیکیوشن کی جانب سے مزید 2 گواہان کے بیانات ریکارڈ کر لئے گئے اورعدالت نے اگلی سماعت میں استغاثہ کے مزید گواہان کو طلب کرلیا۔ انسداددہشت گردی عدالت کے جج طاہر عباس سپرا نے کیس پر سماعت کی،عدالت نے وکلاء کو اگلی سماعت میں گواہان پر جرح کی ہدایت کرتے ہوئے کیس کی مزید سماعت 8 اپریل تک ملتوی کردی۔ پی ٹی آئی کارکنان کیخلاف دہشت گردی کی دفعات کے تحت تھانہ شمس کالونی میں مقدمہ درج ہے,کیس میں مجموعی طور پر 18 گواہان کے بیانات ریکارڈ کر لئے گئے ہیں۔",N/A,24_news,13:17:PM
راولپنڈی: زیادتی کی شکار 15 سالہ طالبہ کے ہاں بیٹی کی پیدائش، ملزم گرفتار,"Apr 06, 2026",https://www.24urdu.com/06-Apr-2026/167849,راولپنڈی کے تھانہ وارث خان کی حدود میں 15 سالہ لڑکی سے زیادتی کا واقعہ پیش آیا اور میٹرک کی طالبہ حاملہ ہوگئی،پولیس کے مطابق لڑکی نے  7 ماہ تک معاملے کو خاندان کی بدنامی کے ڈر سے چھپائے رکھا تاہم طعبیت خراب ہونے پر اُسے  ہسپتال منتقل کیا گیا جہاں اُس کے ہاں بیٹی کی پیدائش ہوئی ہے۔ تھانہ وارث شاہ نے والدہ کی درخواست پر ملزم بلال کے خلاف مقدمہ درج کرلیا، ایف آئی آر میں کہا گیا ہے کہ متاثرہ لڑکی کے والد سعودی عرب میں ملازمت کرتے ہیں اور اُسے بلال نامی شخص نے متعدد بار زیادتی کا نشانہ بنایا۔ پولیس نے مقدمہ اندراج کے بعد ملزم بلال سجاد کو گرفتار کر کے تفتیش شروع کردی،پولیس کے مطابق زیادتی کے نتیجے میں پیدا ہونی والی بچی حالت انتہائی تشویشناک ہے۔,N/A,24_news,21:02:PM
رشتے سے انکار، حملہ آور کی لیڈی ڈاکٹر کو قتل کرنے کے بعد خود کشی کی کوشش,"Apr 04, 2026",https://www.24urdu.com/04-Apr-2026/167622,تفصیلات کے مطابق ہری پور میں ایک جنونی شخص نے رشتے سے انکار پر 25 سالہ لیڈی ڈاکٹر کو فائرنگ کر کے قتل کر دیا اور بعد ازاں خود کو بھی گولی مار کر شدید زخمی کر لیا۔ پولیس ذرائع نے بتایا کہ مقتولہ کی شناخت لیڈی ڈاکٹر انیلہ کے نام سے ہوئی ہے جن کی عمر 25 سال تھی۔ ابتدائی تحقیقات میں معلوم ہوا ہے کہ ملزم شہزاد ڈاکٹر انیلہ سے شادی کرنا چاہتا تھا، تاہم رشتے سے انکار پر اس نے انتہائی قدم اٹھایا۔ ملزم نے ہزارہ موٹر وے پر ڈاکٹر انیلہ کو نشانہ بنایا اور ان پر فائرنگ کر دی جس کے نتیجے میں وہ موقع پر ہی جاں بحق ہو گئیں۔ ڈاکٹر انیلہ کو قتل کرنے کے بعد ملزم شہزاد نے اسی اسلحے سے خود کو بھی گولی مار لی جس سے وہ شدید زخمی ہو گیا۔ پولیس نے موقع پر پہنچ کر زخمی ملزم کو حراست میں لیا اور تشویشناک حالت کے پیشِ نظر اسے فوری طور پر ایبٹ آباد منتقل کر دیا گیا ہے جہاں اس کی حالت نازک بتائی جا رہی ہے۔ پولیس نے مقتولہ کی لاش کو پوسٹ مارٹم کے لیے ہسپتال منتقل کیا اور واقعے کی ایف آئی آر درج کر لی ہے۔ مقتولہ کی والدہ کی مدعیت میں ملزم شہزاد کے خلاف قتل کا مقدمہ درج کیا گیا ہے۔ پولیس کا کہنا ہے کہ جائے وقوعہ سے شواہد اکٹھے کر لیے گئے ہیں اور مزید تفتیش جاری ہے۔,N/A,24_news,15:01:PM
ایف آئی اے گوجرانوالہ سرکل کا غیر قانونی ویزہ کنسلٹنسی آفس پر چھاپہ،ملزم گرفتار,"Apr 09, 2026",https://www.24urdu.com/09-Apr-2026/168133,ایف ائی اے گوجرانوالہ زون کے مطابق  ملزم نے جاپان ویزہ کے نام پرشہریوں سے فی کس 53 لاکھ روپے وصول کئے تھے،ویزہ کنسلٹنسی پرچھاپے کے دوران امریکہ، برطانیہ، کینیڈا سمیت مختلف ممالک بھجوانے کی دستاویزات کا نیٹ ورک بھی سامنے آ یا۔ حکام کے مطابق ملزم کیخلاف مقدمہ درج کر کے مزید تفتیش کا آغاز کر دیا گیا ہے،عوام بیرون ممالک جا نے کیلئے غیر قانونی ایجنٹس سے ہوشیار رہیں۔,N/A,24_news,17:34:PM
معروف سوشل میڈیا انفلوئنسر اسد اسحاق کے گھر چوروں کا دھاوا، لاکھوں کا سامان لے اڑے,"Apr 05, 2026",https://www.24urdu.com/05-Apr-2026/167673,پولیس کے مطابق ملزم گھر سے نقدی، زیورات اور دیگر قیمتی اشیاء چوری کر کے فرار ہو گیا، واقعے کی اطلاع ملتے ہی پنجاب پولیس فوری طور پر موقع پر پہنچ گئی اور جائے وقوعہ سے شواہد اکٹھے کر لیے۔ پولیس حکام کا کہنا ہے کہ فرانزک ٹیم نے بھی شواہد جمع کر لیے ہیں جبکہ ملزم کو سی سی ٹی وی کیمروں اور دیگر ذرائع کی مدد سے ٹریس کرنے کی کوششیں جاری ہیں، متاثرہ انفلوئنسر کی اہلیہ کی مدعیت میں نامعلوم ملزم کے خلاف مقدمہ درج کر لیا گیا ہے۔ ایس پی کینٹ اختر نواز نے ایس ڈی پی او برکی آصف عطا کو فوری طور پر ملزم کو ٹریس کر کے گرفتار کرنے کی ہدایت جاری کر دی، ان کا کہنا ہے کہ جدید ٹیکنالوجی کی مدد سے ملزم کو جلد گرفتار کر لیا جائے گا۔ یہ بھی پڑھیں,N/A,24_news,08:59:AM
منشیات سمگلنگ کیخلاف کریک ڈاؤن، 8 گرفتار,"Apr 06, 2026",https://www.24urdu.com/06-Apr-2026/167784,ترجمان اے این ایف کے مطابق کارروائیوں کے دوران مجموعی طور پر 8 کروڑ 29 لاکھ روپے سے زائد مالیت کی 220.98 کلوگرام منشیات برآمد کی گئی۔ سی پیک روڈ پنجگور کے قریب ایک گاڑی سے 138 کلوگرام آئس، 29 کلوگرام ہیروئن اور 9 کلوگرام چرس برآمد کر کے ملزم کو گرفتار کیا گیا۔ اسلام آباد میں کھنہ پل کے قریب گاڑی سے 8.4 کلوگرام چرس برآمد ہوئی، جہاں ملزم کو موقع پر ہی حراست میں لے لیا گیا۔ لاہور کے بند روڈ پر موٹر سائیکل سوار 2 ملزمان کے قبضے سے 5 کلوگرام ہیروئن برآمد کی گئی، جبکہ اشرف شہید پوسٹ کے قریب مزید 2 ملزمان سے 520 گرام ہیروئن برآمد کر کے گرفتار کر لیا گیا۔ پشاور میں یونیورسٹی کے قریب ایک ملزم سے 1 کلوگرام چرس برآمد ہوئی۔ راولپنڈی میں ایئرپورٹ روڈ کے قریب موٹر سائیکل سوار ملزم سے 50 گرام آئس اور 10 گرام کوکین برآمد کی گئی۔ چاغی کے علاقے کلی رسول بخش کے قریب جھاڑیوں سے 30 کلوگرام افیون بھی برآمد کی گئی۔ اے این ایف حکام کے مطابق تمام کارروائیوں کے خلاف انسداد منشیات ایکٹ 1997 کے تحت مقدمات درج کر کے مزید تحقیقات کا آغاز کر دیا گیا ہے۔,N/A,24_news,09:30:AM
ڈکیتی کیلئے کرائے پر اسلحہ دینے والا شخص گرفتار,"Apr 10, 2026",https://www.24urdu.com/10-Apr-2026/168181,پولیس حکام کے مطابق کارروائی کے دوران ڈکیت گروہ کی سہولت کاری میں ملوث ملزم کو گرفتار کیا گیا، گرفتار ملزم ڈکیت گروپوں کو کرائے پر اسلحہ فراہم کرتا تھا۔ پولیس حکام کا کہنا ہے کہ گرفتار ملزم کے قبضے سے رائفل، پستول اور غیر ملکی کرنسی بھی برآمد ہوئی ہے۔ گرفتار ملزم کے خلاف تھانہ ایس آئی یو میں مقدمہ درج کرلیا گیا ہے اور مزید تفتیش جاری ہے۔,N/A,24_news,08:59:AM
لاہور : گھر سے ایک شخص کی گردن کٹی لاش برآمد,"Apr 10, 2026",https://www.24urdu.com/10-Apr-2026/168196,رپورٹس کے مطابق پولیس کاکہنا ہے کہ مقتول کی گردن لکڑی کاٹنے والی آری سے کاٹی گئی، جو موقع سے ملی ہے۔ پولیس نے مقتول کی جیب سے ہاتھ سے لکھا خودکشی کا نوٹ بھی برآمد کر لیا ہے۔ وقوعہ کو مشکوک قرار دیتے ہوئے پولیس نے تفتیش شروع کر دی ہے اور فرانزک ٹیموں کی مدد سے تمام اہم شواہد اکٹھے کر لیے ہیں۔ مقتول کا پوسٹ مارٹم کروانے کے لیے لاش کو ضابطے کی کارروائی کے بعد قریبی مردہ خانے منتقل کر دیا گیا ہے۔ پولیس ذرائع کا کہنا ہے کہ تاحال قتل یا خودکشی کے اصل محرکات کا تعین کرنے کے لیے تحقیقات جاری ہیں۔,N/A,24_news,10:42:AM
جعلی شناخت پر اٹلی جانے کی کوشش کرنیوالا گرفتار,"Mar 31, 2026",https://www.24urdu.com/31-Mar-2026/167187,ترجمان فیڈرل انویسٹی گیشن ایجنسی (ایف آئی اے) کے مطابق ملزم نے پرواز ایف زیڈ 360 کے ذریعے اٹلی روانہ ہونے کی کوشش کی۔ ابتدائی تحقیقات میں انکشاف ہوا کہ ملزم نے خود کو محمد رحمان طارق ظاہر کیا، تاہم جانچ پڑتال کے دوران اس کا اصل نام محمد احسان طارق سامنے آ گیا۔ ترجمان نے بتایا کہ ملزم اپنے بھائی محمد رحمان طارق کے سفری دستاویزات استعمال کرتے ہوئے بیرونِ ملک جانے کی کوشش کر رہا تھا۔ مزید یہ کہ اس کے بھائی نے اٹلی سے یہ دستاویزات بذریعہ ڈاک پاکستان بھجوائی تھیں۔ ایف آئی اے کے مطابق ملزم 2016 سے 2018 تک اٹلی میں مقیم رہ چکا ہے اور اسے اطالوی زبان پر بھی عبور حاصل ہے، جس کی بنیاد پر وہ حکام کو دھوکہ دینے کی کوشش کر رہا تھا۔ حکام نے ملزم کو مزید تفتیش اور قانونی کارروائی کے لیے انسداد انسانی اسمگلنگ سرکل منتقل کر دیا ہے، جہاں اس سے مزید پوچھ گچھ جاری ہے۔,N/A,24_news,13:04:PM
شادی کی تقریب میں فائرنگ کرنے والی دلہن کی ضمانت منظور,"Mar 27, 2026",https://www.24urdu.com/27-Mar-2026/166794,تفصیلات کے مطابق راولپنڈی کے علاقے گوہڑہ میں شادی کی تقریب میں فائرنگ کرنے والی دلہن کی گرفتاری کے معاملے پر اہم پیش رفت ہوئی،مجسٹریٹ آفتاب احمد نے گرفتار دلہن کی ضمانت منظور کرلی، 50 ہزار روپے کے مچلکوں کے عوض رہائی کا حکم دیا گیا۔ گرفتاری کے بعد ملزمہ کو گزشتہ روز عدالت میں پیش کیا گیا تھا جہاں اسے 14 روزہ جوڈیشل ریمانڈ پر جیل بھیج دیا گیا تھا،پولیس کا کہنا ہے کہ گرفتار لڑکی کی ایک ماہ قبل شہریار علی کے ساتھ شادی ہوئی ہے اور شادی کے بعد فائرنگ کی وڈیو سامنے آنے پر پولیس نےکارورائی کی۔ حکام نے کہا کہ پولیس ملزمان کی گرفتاری کیلئے پہنچی تو لڑکی کا شوہر موقع سے فرار ہوگیا، پولیس نے پنجاب آرمزترمیمی آرڈیننس 2015 کے تحت مقدمہ درج کیا ہے۔ پولیس کا کہنا تھا کہ مفرور شوہر کی گرفتاری کے لیے چھاپے مارے جا رہے ہیں۔,N/A,24_news,18:09:PM
اسلام آباد میں ڈاکوؤں کی فائرنگ سے معروف تاجر عامر قتل,"Mar 30, 2026",https://www.24urdu.com/30-Mar-2026/167102,نامعلوم ملزمان واردات کے بعد فرار ہوگئے، پولیس نے تحقیقات کا دائرہ وسیع کر دیا،پولیس اور فرانزک ٹیموں نے شواہد اکٹھے کر لیے۔ دوسری جانب واقعے کی سی سی ٹی وی فوٹیج سامنے آ گئی ہے،سی سی ٹی وی فٹج میں ملسح ملزمان کو فارم ہاؤس میں دیکھا جس سکتا ہے،نقاب پوش ڈکیتوں کے ہاتھوں میں کلاشنکوف بھی دیکھی جا سکتی ہیں۔ ملزمان کی تلاش کے لیے سرچ آپریشن شروع کرکےواقعے کے مختلف پہلوؤں پر تفتیش جاری ہے۔,N/A,24_news,19:36:PM
جوا ایپ پروموشن کیس؛ رجب بٹ اورزرق کی عبوری ضمانت میں7 اپریل تک توسیع,"Mar 26, 2026",https://www.24urdu.com/26-Mar-2026/166628,ایڈیشنل سیشن جج منصور احمدقریشی کی عدالت میں یو ٹیوبر رجب بٹ  اورزرق کے خلاف جواایپ پروموشن کیس کی سماعت ہوئی،تاہم ایف آئی اے کے تفتیشی آفیسر کے پیش نہ ہونے کی وجہ سے کارروائی نہ ہو سکی۔ عدالت میں بتایا گیا کہ رجب بٹ اور زرق ہمیں مطلوب نہیں  اس پر عدالت نے کہا تفتیشی آ کر یہ بیان دے،عدالت نے رجب اور زرق کی عبوری ضمانت میں سات اپریل تک توسیع کرتے ہوے تفتیشی کو آئندہ ہر حال میں پیش ہونے کا حکم  دیتے ہوئے سماعت ملتوی کردی۔ یہ بھی پڑھیں: عدالت میں رجب بٹ اور زرق کی طرف سے رانا معروف ایڈووکیٹ پیش ہوے،کیس میں ندیم نانی والے کی حاضری معافی کی درخواست پیش کی گئی جو عدالت نے منظور کر لی۔,N/A,24_news,09:57:AM
لاہور: بیوی کو تشدد کا نشانہ بنانے والا ملزم گرفتار,"Mar 30, 2026",https://www.24urdu.com/30-Mar-2026/167137,(24نیوز ) لاہور کے علاقے شادباغ میں بیوی کو تشدد کا نشانہ بنانے والا ملزم ساحل گرفتار کرلیا گیا۔ پولیس کے مطابق ملزم نے گھریلو جھگڑے پر اپنی بیوی کو بدترین تشدد کا نشانہ بنایا تھا۔ میاں بیوی کے جھگڑے کا تھانہ شادباغ میں مقدمہ درج کیا گیا۔ ڈی آئی جی انویسٹی گیشن کا کہنا ہے کہ خواتین پر تشدد کرنے والے کسی رعایت کے مستحق نہیں ۔,N/A,24_news,23:54:PM
لاہور:وقت پر کھانا نہ ملنے پر سفاک شوہر نے بیوی اور 3 کمسن بیٹیوں کو آگ لگا دی,"Mar 28, 2026",https://www.24urdu.com/28-Mar-2026/166867,چیئرپرسن پنجاب ویمن پروٹیکشن اتھارٹی حنا پرویز بٹ نے میو ہسپتال کا دورہ کیا اور جھلسنے والی ماں اور تینوں بچیوں کی عیادت کی، انہوں نے اہل خانہ سے ملاقات کر کے متاثرہ خاندان کو مکمل تعاون فراہم کرنے کی یقین دہانی کرائی۔ پولیس نے بروقت کارروائی کرتے ہوئے ملزم شوہر کو گرفتار کر لیا ہے اور مزید تفتیش جاری ہے، حنا پرویز بٹ نے کہا کہ متاثرہ خاندان کو قانونی، طبی اور نفسیاتی معاونت فراہم کی جائے گی۔ انہوں نے زور دے کر کہا کہ جو شخص اپنی بیوی اور معصوم بچیوں پر پٹرول چھڑک کر آگ لگا سکتا ہے، وہ کسی رعایت کا مستحق نہیں،عورت اور بچوں کو زندہ جلانے کی کوشش انسانیت کے خلاف سنگین اور ناقابل معافی جرم ہے،ایسے سفاک ملزمان کو عبرت کا نشان بنایا جائے گا اور قانون اپنی پوری طاقت سے حرکت میں آئے گا۔ یہ بھی پڑھیں حنا پرویز بٹ نے مزید کہا کہ پنجاب میں خواتین اور بچوں پر تشدد کرنے والوں کے لیے کوئی جگہ نہیں اور یہ صرف ایک خاندان پر حملہ نہیں بلکہ انسانیت، ماں کے تقدس اور بچپن کی معصومیت پر حملہ ہے، حکومت پنجاب کی اولین ترجیح ملزم کو سخت ترین سزا دلوانا ہے، اور پنجاب ویمن پروٹیکشن اتھارٹی اس کیس کی مکمل نگرانی کرے گی تاکہ متاثرہ خاندان کو تنہا نہ چھوڑا جائے۔ ڈاکٹروں کو بھی زخمی ماں اور تینوں بچیوں کے علاج کے حوالے سے ضروری ہدایات جاری کی گئی ہیں۔,N/A,24_news,10:08:AM
شاپنگ پر آئی خواتین سے چھڑ چھاڑ اور ہراساں کرنے کی ویڈیو وائرل، ملزم گرفتار,"Mar 29, 2026",https://www.24urdu.com/29-Mar-2026/166969,ایس پی صدر رانا حسین طاہرکے مطابق ستوکتلہ پولیس نے کریم پارک سے ملزم کو ٹریس کیا،خواتین پی آئی اے روڈ مارکیٹ میں شاپنگ کیلئے آئی تھیں کہ ملزم نے چھڑ خانی اور ہراساں کیا۔ ایس پی صدرکے مطابق وائرل ویڈیو میں ملزم کو ہراساں کرکے فرار ہوتے دیکھا جا سکتا ہے،ملزم علی وقار  کے خلاف مقدمہ درج کرکے اسے حوالات میں بندکردیاہے۔ یہ بھی پڑھیں: ایس پی صدر رانا حسین طاہرکے مطابق خواتین کا استحصال کرنے والے کسی رعایت کے مستحق نہیں۔,N/A,24_news,11:36:AM
تھانہ مندرہ میں دلہن کے ہوائی فائرنگ کرنے کی وائرل ویڈیو کا معاملہ،لڑکی گرفتار،دلہا فرار,"Mar 26, 2026",https://www.24urdu.com/26-Mar-2026/166705,تفصیلات کے مطابق تھانہ مندرہ کے علاقہ گوڑھا میں دلہن کی ہوائی فائرنگ کرتے ویڈیو وائرل ہوگئی تھی جس پر پولیس نے ایکشن لیا ،پولیس نے واقعہ کا مقدمہ درج کرکے لڑکی کو گرفتار کرلیا ،مقدمہ پولیس اے ایس آئی وسیم اختر کی مدعیت میں درج کیا گیا۔ ایف آئی آر کے متن کے مطابق لڑکی کے فائرنگ کرنے کی اطلاع پر گوڑھا پہنچا،لڑکا لڑکی بھاگ نکلے،چند قدم کے فاصلے پر لڑکی کو گرفتار کرلیا جبکہ پستول اوراس سے  4زندہ گولیاں بھی برآمد کرلیں۔ متن میں مزید لکھا گیا ہے کہ لڑکا موقع سے بھاگ جانے میں کامیاب ہو گیا،موقع سے فرار لڑکے کا نام شہریار علی معلوم ہوا ہے ۔,N/A,24_news,22:24:PM
حمزہ علی عباسی کی بہن کے خلاف  ایک اور مقدمہ درج ،تحقیقات شروع,"Mar 29, 2026",https://www.24urdu.com/29-Mar-2026/167002,ایف آئی اے نے ڈاکٹر فضیلہ کے کلینک پر چھاپہ مار کر کارروائی کا آغاز کردیا ،ایف آئی اے نے ڈاکٹر فضیلہ کے بیوٹی کلینک کے خلاف قواعد کی خلاف ورزی اور غیر قانونی سرگرمیوں کے خلاف کارروائی شروع کی،کارروائی ایف آئی اے کارپوریٹ کرائم سرکل کی جانب سے کی گئی،ڈاکٹر فضیلہ کے خلاف منی لانڈرنگ کے الزامات پر بھی مقدمہ درج کیا گیاہے۔ ایف آئی آرکے متن کے مطابق ڈاکٹر فضیلہ نے فارن ایکسچینج قوانین کی خلاف ورزیاں کیں،انہوں نے بغیر لائسنس میڈیکل پریکٹس ایف 8 کے رہائشی علاقے میں شروع کی،دوران کارروائی ڈاکٹر فضیلہ کے کلینک سے غیر رجسٹرڈ اور غیر معیاری ادویات بھی برآمد کی گئیں،کلینک پر ہیلتھ کیئر قوانین اور سی ڈی اے ضوابط کی خلاف ورزی بھی کی گئی ۔ایف آئی اے کے چھاپے سے قبل کلینک پر شواہد ضائع کرنے کی کوشش بھی کی گئی،کلینک سے 22 بینک اکاؤنٹس میں 2 ارب 50 کروڑ روپے سے زائد کی مشکوک ٹرانزیکشنز بھی کی گئیں۔ ایف آئی آرکے متن کے مطابق ڈاکٹر فضیلہ نے اربوں روپے کی ٹرانزیکشنز پر اپنی آمدن صرف چار سے چھ لاکھ روپے ظاہر کی،ظاہر شدہ آمدن اور اصل مالی سرگرمیوں میں واضح تضاد پر مزید تحقیقات کی گئیں،ڈاکٹر فضیلہ کے اپنے اور جوائنٹ اکاؤنٹ دبئی اسلامی بینک ، ایم سی بی ، یو بی ایل اور جے ایس بینک میں موجود تھے،انہوں نےڈالر اور درہم میں بڑے پیمانے پر مشکوک لین دین کیے،تمام بینک اکاوئنٹس میں غیر قانونی رقوم کی ترسیلُ کی گئی ،حوالہ اور ہنڈی کے بھی شواہد پائے گئے ۔ یہ بھی پڑھیں: ایف آئی اے ذرائع کے مطابق نیٹ ورک میں ڈاکٹر فضیلہ کے علاوہ دیگر لوگ بھی ملوث ہیں،مزید گرفتاریاں بھی ہوں گی ۔,N/A,24_news,16:34:PM
موبائل مکینک نے نرس کو اغوا کر کے زیادتی کا نشانہ بنا ڈالا,"Mar 26, 2026",https://www.24urdu.com/26-Mar-2026/166639,پولیس کے مطابق ملزم عثمان نے چونگی اسٹاپ سے خاتون کو اغوا کیا اور شامی پارک میں واقع فلیٹ میں لے جا کر تشدد کیا اور زیادتی کا نشانہ بناتا رہا،ملزم نے 2 ہفتے قبل موبائل مرمت کروانے والی نرس کی ریکی کی تھی۔ ملزم فلیٹ میں محبوس خاتون کو جان سے مارنے کی دھمکیاں بھی دیتا رہا۔ کوٹ لکھپت پولیس نے درخواست موصول ہوتے ہی فوری کارروائی کرتے ہوئے ملزم کو گرفتار کر لیا۔ ایس پی ماڈل ٹاؤن جہانداد اکرم نے بتایا کہ ملزم کے خلاف مقدمہ درج کر کے مزید تفتیش کیلئے جینڈر سیل کے حوالے کر دیا گیا ہے۔,N/A,24_news,10:42:AM
لاہور میں موٹر سائیکل سوار کے گلے پر ڈور پھِر گئی,"Mar 28, 2026",https://www.24urdu.com/28-Mar-2026/166929,(اسرار خان) لاہور کے علاقہ ساندہ، تاج پارک میں موٹر سائیکل سوار شہری کے گلے پر ڈور پھر گئی۔ عماد  موٹر سائیکل پر گھر جاتے ہوئے ڈور کی زد میں آیا۔ متاثرہ شہری کو  طبی امداد کیلئے ہسپتال منتقل کیا گیا جہاں ان کی حالت خطرے سے باہر ہے۔ واقعہ کے بعد پولیس موقع پر پہنچی اور  جائے وقوعہ سے شواہد اکٹھے کر لئے، پتنگ بازوں کی تلاش شروع کر دی۔ یہ بھی پڑھیں:,N/A,24_news,19:58:PM
کراچی: شاہراہِ نور جہاں میں پڑوسی کی 5 سالہ بچی کیساتھ زیادتی،ملزم گرفتار,"Mar 27, 2026",https://www.24urdu.com/27-Mar-2026/166808,پولیس حکام کے مطابق بچی گھر روتے ہوئے آئی اور والدین کو آگاہ کیا جس کے بعد بچی کے گھر والے محلے داروں کو لیکر ملزم سلمان کے گھر پہنچے،متاثرہ بچی نے ملزم کو شناخت کیا۔ حکام کے مطابق پولیس کو اطلاع دی گئی جس پر  بروقت کارروائی کرتے ہوئے زیادتی میں ملوث ملزم سلمان کو پولیس نے گرفتار کرلیا۔ پولیس کا کہنا ہے کہ واقعہ کا مقدمہ متاثرہ بچی کے والد کی مدعیت میں زیادتی کی دفعہ کے تحت شاہراہِ نور جہاں تھانے میں درج کرلیا گیا۔ دوسری جانب بچی کے والد نے پولیس کی تفتیش پر تحفظات کا اظہار کیا ہے، متاثرہ بچی کےوالد کا کہنا ہے کہ ہمارے ساتھ ظلم ہوا ہے انصاف فراہم نہیں کیا جارہا،ملزم بااثر ہے،ہماری کوئی شنوائی نہیں ہورہی ہے۔ انہوں نے مطالبہ کیاہے کہہمیں انصاف فراہم کیا جائے، ملزم کو سخت سزا دی جائے۔,N/A,24_news,19:35:PM
راولپنڈی میں چلتی گاڑی میں خاتون سے اجتماعی زیادتی کا مقدمہ درج,"Mar 30, 2026",https://www.24urdu.com/30-Mar-2026/167113,اس حوالے سے پولیس کا کہنا ہے کہ تھانہ روات میں متاثرہ خاتون کی والدہ کی مدعیت میں مقدمہ درج کیا گیا،ایف آئی آر کے متن کے مطابق متاثرہ خاتون کی والدہ نے کہا ہے کہ میری بیٹی گاؤں سے روات بازار جانے کیلئے وین میں سوار ہوئی تھی، وین کنڈکٹر نے دروازہ بند کر کے گاڑی کا رخ چک بیلی روڈ کی طرف موڑ دیا۔ متن کے مطابق 4 ملزمان نے بیٹی کو چلتی گاڑی میں اجتماعی زیادتی کا نشانہ بنایا، ملزمان بیٹی سے زیادتی کی ویڈیوز بھی بناتے رہے۔ ایف آئی آر کے مطابق والدہ نے کہا کہ میری بیٹی کے ساتھ اجتماعی زیادتی کی سازش میں اس کی ساس اور نند بھی شامل ہیں، ملزمان نے میری بیٹی کو زبان کھولنے پر ویڈیوز وائرل اور قتل کی دھمکیاں دیں۔ ایف آئی آر کے مطابق گاؤں کے جرگے نے بھی ملزمان کے خلاف قانونی کارروائی سے منع کیا۔,N/A,24_news,22:56:PM
زمین کاتنازع ، 2 گروپوں میں فائرنگ، 5 افراد جاں بحق,"Mar 30, 2026",https://www.24urdu.com/30-Mar-2026/167074,پولیس کے مطابق فائرنگ کا واقعہ خیبر کے علاقے فرنٹیئر روڈ پر پیش آیا،فائرنگ سے زخمی ہونے والے دونوں افراد کو ہسپتال منتقل کر دیا گیا ہے، فائرنگ کے بعد ملزمان جائے وقوع سے فرار ہو گئے۔ پولیس نے واقعے کا مقدمہ درج کر لیا۔,N/A,24_news,13:02:PM
ڈاکٹر فضیلہ عباسی کی منی لانڈرنگ مقدمے میں عبوری ضمانت بحال,"Mar 31, 2026",https://www.24urdu.com/31-Mar-2026/167157,جسٹس اعظم خان نے ایک لاکھ روپے کے مچلکے جمع کرانے کا حکم دیتے ہوئے  ڈاکٹر فضیلہ عباسی کو گرفتار کرنے سے بھی روک دیاہے۔ یہ بھی پڑھیں: اسلام آباد ہائیکورٹ نے فضیلہ عباسی کو ٹرائل کورٹ سے رجوع کرنے کی ہدایت بھی کردی ہے۔,N/A,24_news,10:15:AM
پی ٹی آئی رہنماؤں کو 21 مئی تک گرفتار نہ کرنے کا حکم,"Mar 26, 2026",https://www.24urdu.com/26-Mar-2026/166631,انسدادِ دہشت گردی عدالت  میں پی ٹی آئی رہنماؤں کے خلاف 26 نومبر، سنگجانی جلسہ اور سپریم کورٹ کے باہر احتجاج سمیت دیگر مقدمات کی سماعت ہوئی جہاں جج ابوالحسنات محمد ذوالقرنین نے کیس پر باقاعدہ عدالتی کارروائی مکمل کی۔ عدالت نے پی ٹی آئی رہنماؤں کی 230 سے زائد ضمانت کی درخواستوں میں توسیع کرتے ہوئے انہیں 21 مئی تک گرفتار نہ کرنے کا حکم دیا۔ عدالت کی جانب سے مذکورہ کیسز میں فریقین کو اگلی سماعت پر حتمی دلائل دینے کی ہدایت جاری کی گئی،سماعت کے دوران پی ٹی آئی رہنما عمیر نیازی، رؤف حسن اور اعظم سواتی سمیت دیگر عدالت میں پیش ہوئے۔ یہ بھی پڑھیں: واضح رہے کہ ان رہنماؤں کے خلاف تھانہ ترنول، رمنا، آبپارہ، سیکرٹریٹ اور دیگر میں متعدد مقدمات درج ہیں۔,N/A,24_news,10:13:AM
حکیم شہزاد پر خاتون کو ہراساں کرنے کا الزام، مقدمہ درج,"Mar 19, 2026",https://www.24urdu.com/19-Mar-2026/166063,ملتان کےتھانہ راجارام میں متاثرہ خاتون کی مدعیت میں درج ہونےوالی ایف آئی آر کےمتن میں کہا گیا ہے کہ میں بے اولاد ہوں،حکیم شہزاد نے دوائی کے نام پرمجھ سے 3 لاکھ 70 ہزار روپے بٹور لئے۔ ایف آئی آر کےمطابق حکم شہزاد جعلی ویڈیو بنا کر بلیک میل کررہا تھا۔ پولیس کا کہنا ہے کہ ملزم کی گرفتاری کے لیے کارروائیاں جاری ہیں اوروہ جلد قانون کی گرفت میں ہوگا۔ سوشل میڈیاانفلوئنسرحکیم شہزاد نے چندروزقبل ہی نویں جماعت کی طالبہ سے پانچویں شادی کی ہے،وہ اس سے قبل بھی اپنی شادیوں کی وجہ سے خبروں میں رہ چکے ہیں، چند سال قبل انہوں نے ڈاکٹرعامرلیاقت حسین کی بیوہ دانیہ شاہ سے شادی کی تھی جن سے ان کا ایک بیٹا بھی ہے۔ یہ بھی پڑھیں: ذرائع کے مطابق حکیم شہزاد کی پہلی اہلیہ انتقال کرچکی ہیں جبکہ اس وقت وہ چار بیویوں کے شوہر ہیں۔ حالیہ شادی کے بعد ایک مرتبہ پھر ان کا نام سوشل میڈیا اور مختلف حلقوں میں زیر بحث آ گیا، متعدد افراد نے اس شادی کو تنقید کا نشانہ بنایا ہے ۔,N/A,24_news,14:32:PM
ثنا یوسف قتل کیس؛ مقتولہ کے والد کا بیان سامنے آگیا,"Mar 18, 2026",https://www.24urdu.com/18-Mar-2026/165948,مقتولہ کے والد یوسف حسن نے اپنے عدالتی بیان میں بتایا کہ وہ اپنی اہلیہ، بیٹے اور بیٹی ثنا یوسف کے ساتھ سیکٹر جی-13 میں رہائش پذیر تھے، ثنا یوسف ایک سوشل میڈیا انفلوئنسر تھیں۔ مقتولہ کے والد یوسف حسن کے مطابق وقوعہ والے دن میں کام کے سلسلے میں گھر سے باہر گیاتھا،شام کو مجھے میری اہلیہ نے کال کرکے بتایاکہ نامعلوم شخص نے بیٹی کو گولی مار دی ہے،بیٹی کو کے آر ایل ہسپتال لےکر جایاگیاجہاں طبی عملے نے معائنہ کرکے بیٹی کو ایکسپائر قرار دیا اورپولیس سے رابطہ کرنےکاکہا۔ یہ بھی پڑھیں: مقتولہ کے والد یوسف حسن نے اپنے بیان میں کہاکہ بیٹی کی ڈیڈ باڈی پمز منتقل کی گئی جس کے بعد پولیس کو بیان ریکارڈ کروایا،میں نے بیٹی کے موبائل فون پولیس کے حوالے کیے،پولیس نے جائے وقوعہ کی بھی رپورٹ بنائی۔,N/A,24_news,12:38:PM
چوروں کی عید؛ اچھرہ میں چور فیملی نے بند دوکان سے لاکھوں روپے چرا لئے,"Mar 22, 2026",https://www.24urdu.com/22-Mar-2026/166338,لاہور کے علاقے اچھرہ میں عید کے روز چوری کی انوکھی واردات پیش آئی۔ عید کی سبب تمام دوکانیں بند تھیں، بازار میں آمد و رفت برائے نام تھی۔ دلیر چور ایک خاتون اور بچوں کے ساتھ آیا۔ بظاہر ایک فیملی کی طرح یہ لوگ بازار میں نظر آئے تو کسی نے ان پر خاص توجہ نہیں دی۔ یہ دلیر چور اپنی پوری فیملی کے ساتھ واردات ہی کرنے کے لئے آیا تھا۔ اس نے  فیملی کے ہمراہ موبائل شاپ میں داخل ہو کر رقم ل نکالی اور اطمنان سے واردات کر کے بظاہر نارمل فیملی کی طرح بازار میں  نکل گئے۔ دلیر چور  شلوار قمیض میں ملبوس تھا اور اس نے سر پر ٹوپی اوڑھ رکھی تھی۔ وہ موٹر سائیکل پر سوار تھا۔ چور کے ساتھ ایک خاتون اور دو بچے بھی موٹر سائیکل پر سوار تھے۔ چور پوری فیملی کے ساتھ موبائل فون کی ایک مشہور دکان پر پہنچا۔ خاتون اور بچے موٹر سائیکل کے قریب کھڑے رہے، مرد نے بے خوفی سے دوکان کے تالے توڑ ڈالے اور تالے توڑ کر اندر داخل ہوا۔ خاتون اور دو کمسن بچے موٹرسائیکل پر دوکان کے باہر  نارمل لوگوں کی طرح کھڑے  انتظار کرتے رہے۔ چور نے اندر جی بھر کر چوری کی، دوکان مین رکھے گئے 1 لاکھ  32 ہزار روپے بھی اڑا لئے۔ چور دوکان سے باہر نکلا،  شٹر نیچے گرایا، موٹر سائیکل پر اپنے ساتھ آنے والی خاتون اور بچوں کو بٹھایا  اور اسے آگے بڑھ گیا جیسے کچھ ہوا ہی نہ ہو۔ یہ بھی پڑھیں: واردات کی کلوز سرکٹ فوٹیج کو دیکھ کر دوکان کے مالک بے بسی کے ساتھ  سر کھجاتے رہے۔ سی سی ٹی وی کی  فوٹیج سے تصدیق ہوئی کہ چور ہر خوف سے ٓزاد تھا اور اطمنان کے ساتھ  بند دوکان کو کھول کر اندر گیا، اطمنان کے ساتھ سارا کام کیا اور اسی اطمنان کے ساتھ باہر نکل کر موٹر سائیکل پر فرار ہو گیا۔ اس نے دکان کے لاکر سے 2 لاکھ 30 ہزار روپے نکالے۔ موبائل فون  شاپ کے مالک ضیا نے اس واقعے کے بعد تھانہ اچھرہ میں مقدمے کے اندراج کے لیے درخواست دی ہے۔ پولیس نے سی سی ٹی وی فوٹیج کی مدد سے ملزم کی تلاش شروع کر دی۔ یہ بھی پڑھیئے:,N/A,24_news,18:27:PM
سابق ڈائریکٹر این سی سی آئی سرفراز چودھری کی ضمانت منظور,"Mar 16, 2026",https://www.24urdu.com/16-Mar-2026/165753,عدالت نے سابق ڈائریکٹر این سی سی آئی سرفراز چوہدری کو رہا کرنے کا حکم دے دیا۔ جسٹس عہبر گل خان نے سابق ایڈیشنل ڈائریکٹر سائبر کرائم سرفراز چودھری کی درخواست ضمانت پر سماعت کی۔ وکیل صفائی نے بتایاکہ اس مقدمہ کی تفتیش مکمل ہوچکی ہے،اس مقدمہ کے دو ملزمان سابق ڈپٹی ڈائریکٹرز کی ماتحت عدالت ضمانت منظور کر چکی ہے، سابق ڈائریکٹر زوار احمد اور محمد عثمان کی ضمانت منظور ہو چکی ہے۔ وکیل صفائی نے عدالت کوبتایاکہ ملزم سرفراز چوہدری سے ریکوری ہوچکی ہے۔ یہ بھی پڑھیں: سرکاری وکیل نے درخواست ضمانت کی مخالفت کی لیکن عدالت کو مطمئن نہ کرسکا،عدالت نے فریقین کے وکلاء کے دلائل سننے کے بعد ملزم سرفراز چوہدری کی درخواست ضمانت منظور کرلی۔,N/A,24_news,15:36:PM
پنجاب فورنزک لیب نے تین بہنوں کے اندھے قتل کے مجرموں کو ہتھکڑیاں لگوا دیں,"Mar 17, 2026",https://www.24urdu.com/17-Mar-2026/165882,قاتل شوہر نے اپنی بیوی اور سالیوں کو قتل کرنے کے بعد تینوں کو  جرمنی لے جانے کا ڈرامہ رچیا۔ ارد گرد کے لوگوں کو تین بہنوں کے غائب ہو جانے کا کچھ پتہ نہیں چلا لیکن تین نامعلوم لاشوں کے فورنزک تجزیہ نے  تہرے قتل کا انکشاف کر دیا۔ مسیھی فیملی سے تعلق رکھنے والی شادی شدہ خٓتون اور ان کی دو غیر شادی شدہ بہنوں کو خاتون کے شوہر نے منصوبہ بنا کر قتل کیا تھا۔قاتل نے اپنے بھتیجوں کی مدد سے اپنی بیوی اور دو غیر شادی شدہ سالیوں کو  قتل کردیا اور مشہور کر دیا کہ وہ تینوں جرمنی چلی گئی ہیں۔ انہوں نےقتل کرنے کے بعد  مقتولہ نازیہ کی لاش کو علی پور چھٹہ اور دوسری دو بہنوں کی لاشوں کو حافظ آباد نہر میں پھینک دیا تھا۔ تنیوں لاشیں مسخ حالت میں ملیں، ناقابل شناخت ہونے کی وجہ سے پولیس نے  امانتاً ان کو دفن کر دیا لیکن ان لاشوں کے اجزا ڈی این اے اور فورنزک کے لئے پنجاب فورنزک لیب کو بھیج دیئے گئے۔  دو الگ علاقوں سے آنے والے تین لاشوں کے ڈی این اے آپس میں ملتے ہوئے نکلے، کیونکہ یہ تینوں سگی بہنیں تھیں۔ اس تین بہنوں والے نکتے کو لے کر پولیس نے نئے سرے سے تفتیش کی اور خون کا نشان مجرموں کے گھروں تک پہنچ گیا۔ یہ بھی پڑھیئے: تینوں بہنوں کی لاشیں شناخت نہ ہونے پر لاوارث حالت میں دفن کردی گئی تھیں۔معاملہ کی پیروی کرنے والا کوئی نہیں تھا لیکن تب بھی پولیس نے ان لاوارث عورتوں کے قتل کا سراغ لگانے کے لئے کوشش کی اور  مجرموں تک پہنچ گئی۔ مجرم سامنے آنے کے بعد پولیس نے فوراً کسی پر ہاتھ نہیں ڈالا بلکہ خاموشی سے اپنے مقامی ذرائع کی مدد سے تمام تحقیقات مکمل کیں۔ ایس ایس پی گوجرانوالہ نے بتایا کہ فرانزک لیبارٹری کے رزلٹ ک ملنے کے بعد نئے سرے سے تحقیقات ہوئیں تو پہلے تین بہنوں کی شناخت ہوئی، پھر  تہرے اندھے قتل کا معمہ حل ہوا۔ گوجرانوالہ پولیس نے ثبوت مکمل ہونے پر تینوں ملزم گرفتار کرللئے۔ایس ایس پی آپریشنز نے بتایا کہ اب ملزموں سے تفتیش کی جا رہی ہے۔  ابتدائی تفتیش سے پتہ چلا ہے کہ قتل منصوبہ بندی سے ہوا اور ملزم  اپنی بیوی پر شک کرتا تھا۔ یہ بھی پڑھیئے:,N/A,24_news,20:40:PM
مریم نواز اور نواز شریف کیخلاف شوگر ملز انکوائری بند کرنے کی درخواست پر فیصلہ محفوظ,"Mar 16, 2026",https://www.24urdu.com/16-Mar-2026/165750,احتساب عدالت کے جج رانا محمد عارف نے نیب کی درخواست پر سماعت کی،مریم نواز اور نواز شریف کے وکیل جاوید ارشد بھٹی نے عدالت میں دلائل مکمل کرلیے۔ نیب پراسکیوٹر نے کہا کہ مریم نواز اور نواز شریف کیخلاف چودھری شوگر ملز تفتیش بند ہو چکی ہے۔ یہ بھی پڑھیں: نیب نے استدعا کی کہ احتساب عدالت انکوائری بند کرنے کی حتمی منظوری دے جس پر احتساب عدالت نے فیصلہ محفوظ کرلیا۔,N/A,24_news,14:58:PM
کراچی میں معمولی جھگڑے پر 18 سال کا نوجوان قتل,"Mar 21, 2026",https://www.24urdu.com/21-Mar-2026/166273,پولیس ذرائع نے بتایا ہے کہ کراچی کے تھانہ  شاہ لطیف ٹاؤن میں جھگڑے کے دوران ایک نوجوان سر پر ڈنڈے لگنے سے قتل ہو گیا۔ پولیس کی ابتدائی رپورٹ میں بتایا گیا ہے کہ شاہ لطیف ٹاؤن کے سیکٹر 17 بی،  ذکریا چوک کے قریب  ایک نوجوان لڑائی جھگڑے کے دوران سر پر ڈنڈے لگنے سے مر گیا۔ مقتول کی لاش کو  پوسٹ مارٹم کے لیے جناح اسپتال لایا گیا۔  مقتول کا نام اویس ہے اور  اس کی عمر صرف  18 سال تھی۔ اس قتل میں ملوث کوئی شخص گرفتار نہیں ہوا۔ ی ہبھی پڑھیں؛,N/A,24_news,21:28:PM
دوست کے قتل میں ملوث اشتہاری 3 سال بعد گرفتار,"Mar 19, 2026",https://www.24urdu.com/19-Mar-2026/166053,پولیس کے مطابق گرفتار اشتہاری ملزم ہنجروال پولیس کو گزشتہ 2 سال سے مطلوب تھا۔ ملزم کا تعلق بہاولنگر سے ہے اور وہ گرفتاری سے بچنے کے لیے لاہور میں روپوش ہو کر رہ رہا تھا۔ تحقیقات کے مطابق ملزم سعید نے اپنے ایک ساتھی کے ہمراہ اپنے ہی دوست مجاہد کو قتل کیا تھا۔ قتل کے بعد ملزمان نے لاش کو دریا راوی کے کنارے لے جا کر ریت میں دفن کر دیا تھا تاکہ جرم کو چھپایا جا سکے۔ پولیس نے ملزم کو گرفتار کر کے مزید تفتیش کے لیے ہنجروال پولیس کے حوالے کر دیا ہے، جہاں اس سے اہم انکشافات کی توقع کی جا رہی ہے۔ ایس پی ماڈل ٹاؤن جہانداد اکرم نے کامیاب کارروائی پر ایس ایچ او فیصل ٹاؤن اور ان کی ٹیم کو شاباش دی۔ ان کا کہنا تھا کہ اشتہاری ملزمان کے خلاف خصوصی کریک ڈاؤن جاری ہے اور ایسے عناصر کو قانون کے کٹہرے میں لایا جاتا رہے گا۔,N/A,24_news,13:49:PM
گجر خان میں عید کے روز جھگڑے میں ایک قتل، دو زخمی,"Mar 21, 2026",https://www.24urdu.com/21-Mar-2026/166272,تھانہ گوجرخان کے علاقے سکیم دو میں جھگڑے کے دوران فائرنگ ہو گئی۔ اس فائرنگ سے ایک شخص جاں بحق ہو گیا جب کہ مقتول کا بھائی اور بیٹا زخمی ہوگئے۔ سکیم نمبر دو مین مقیم محمد علی نے پولیس ایمرجنسی پر  کال کر کے بتایا کہ ان کے بھتیجے سبطین کا اذان نامی شخص  اور اس کے ساتھیوں کے ساتھ جھگڑا ہوا ہ۔  اذان وغیرہ کے ساتھ 7 افراد آئے اور انہوں نے آتے ہی سیدھی گولیاں چلانا شروع کر دیں۔  گولیاں لگنےسے 44 سالہ مرزا گلتاسب  شدید زخمی ہوئے اور موقع پر دم توڑ گئے۔  مرزا گلتاسب کا بھائی ممریز اور بیٹا مرزا بلال شدید زخمی ہوئے۔ پولیس نے اس قتل کا مقدمہ درج کر لیا ہے اور جائے وقوعہ سے شواہد جمع کر لئے ہیں۔ مقتول کا پوسٹ مارٹم ہو گیا ہے۔ یہ بھی پڑھیئے:,N/A,24_news,21:17:PM
سرگودھا: بیوی اور بچوں کو قتل کرنےوالے ملزم کیخلاف مقدمہ درج,"Mar 16, 2026",https://www.24urdu.com/16-Mar-2026/165724,پولیس کے مطابق 5 بچوں اور بیوی کو قتل کرنیوالے ملزم کیخلاف مقدمہ درج کر لیا گیا ہے، مقدمہ ملزم کی بیوی کے بھائی کی مدعیت میں تھانہ بھاگٹاں والا میں درج کیا گیا۔ ترجمان پولیس نے بتایا گزشتہ رات گاؤں 25 جنوبی میں ملزم یاسین نے کلہاڑی کے وار کر کے بیوی ، 4 بیٹوں اور ایک بیٹی کو قتل کر کے خود کو زخمی کر لیا تھا جبکہ مقتولہ خاتون کی عمر 34 سال، بچوں کی عمریں 1 سال سے 16 سال تک ہیں۔ ان کا کہنا تھا کہ 43 ملزم یاسین ہسپتال میں زیر علاج ہے، حالت بہتر ہونے پر تفتیش کو آگے بڑھایا جائے گا، جبکہ ملزم کو اپنی بیوی اور بیٹی کے کردار پر شک تھا جس کی وجہ سے ملزم نے قتل کا قدم أٹھایا۔,N/A,24_news,11:01:AM
سکھر میں اندوہناک واقعہ : گھر میں گھس کر فائرنگ، 4 سگے بھائی قتل، ایک زخمی,"Mar 21, 2026",https://www.24urdu.com/21-Mar-2026/166223,ملزم نے گھر میں گھس کر فائرنگ کرکے چار بھائیوں کو قتل کیا، واقعہ کندھرا شہر کے انور پور محلے میں پیش آیا، ملزم اور مقتولین آپس میں قریبی رشتہ دار ہیں، واقعے کے بعد ملزم فرار ہوگئے۔ واقعہ کی اطلاع پر پولیس کی بھاری نفری موقع پر پہنچ گئی، امدادی ٹیموں کی مدد سے جاں بحق ہونے والے بھائیوں کی لاشوں کو فوری طور پر ہسپتال منتقل کر دیا گیا، زخمی بھائی کی حالت بھی تشویشناک بتائی گئی ہے۔ پولیس حکام نے بتایا کہ فرار ہونے والے ملزموں کی تلاش شروع کر دی گئی ہے جلد حراست میں لے لیا جائے گا۔ یہ بھی پڑھیں آئی جی سندھ جاوید عالم اوڈھو نے ڈی آئی جی سکھر سے واقعے کی تفصیلی رپورٹ طلب کر لی، واقعے میں ملوث ملزمان کی فوری گرفتاری کے لئے خصوصی ٹیمیں تشکیل دینے کا بھی حکم دے دیا۔ آئی جی سندھ نے ملزموں کی گرفتاری کے لئے شہر کے داخلی وخارجی راستوں پرناکہ بندی کرکے تحقیقات کا دائرہ کار وسیع کرنے کی ہدایت کر دی، انہوں نے حکم دیا کہ واقعۃ کی ہر پہلو سے جامع اور شفاف تحقیقات کو یقینی بنایا جائے۔ جاوید عالم اوڈھو  نے مزید حکم دیا کہ متاثرہ خاندان کو ہر ممکن قانونی اور سکیورٹی تعاون فراہم کیا جائے، عید کے موقع پر امن و امان کی صورتحال کے پیش نظر علاقے میں گشت اور انٹیلیجنس اقدامات کو مزید مؤثر بنایا جائے۔,N/A,24_news,10:14:AM
راولپنڈی میں پانچ منشیات فروش گرفتار، چرس کی بھاری مقدار پکڑی گئی,"Mar 17, 2026",https://www.24urdu.com/17-Mar-2026/165865,صادق آباد پولیس نے آج منشیات فروش کو  حراست میں لے کر 10 کلو 800 گرام چرس برآمد کی۔ پولیس کے مطابق  اس منشیات فروش نے کالجوں یونیورسٹیوں سمیت شہر کے مختلف علاقوں میں منشیات سپلائی کرنے کا انکشاف کیا۔ زیر حراست شخص اس سے پہلے بھی  منشیات کے مقدمات میں ملوث  رہا ہے۔ دھمیال پولیس نے ا ک ملزم سے  2 کلو 40 گرام چرس برآمد کی، وارث خان پولیس نے ایک ملزم سے   1کلو400 گرام چرس برآمد کی، نصیر آباد پولیس نے ایک  ملزم سے 1کلو260 گرام چرس برآمد کی، سول لائنز پولیس نے  ملزم سے 1 کلو 100گرام چرس برآمد کی۔ یہ بھی پڑھیں :,N/A,24_news,17:02:PM
مطلوب ڈاکو منیر نے پولیس کو گرفتاری دیدی,"Mar 24, 2026",https://www.24urdu.com/24-Mar-2026/166461,(ویب ڈیسک) رحیم یار خان میں کچے کے علاقے میں کارروائی کے دوران مطلوب ڈاکو منیر نے گرفتاری دے دی۔ ڈسٹرکٹ پولیس آفیسر (ڈی پی او) کے مطابق پنجاب حکومت نے ڈاکو کے سر کی قیمت 50 لاکھ روپے مقرر کی تھی۔ کچے میں آپریشن کے دوران اب تک 65 ڈاکو ہلاک کیے جا چکے ہیں، 99 ڈاکوؤں کو زخمی حالت میں گرفتار کیا گیا اور 283 ڈاکو ہتھیار ڈال چکے ہیں۔ ڈی پی او کا کہنا تھا کہ آخری ڈاکو کی گرفتاری تک بلا تعطل آپریشن جاری رہے گا۔,N/A,24_news,18:16:PM
گوجرانوالہ میں عید کے روز بیٹے کی فائرنگ سے ماں کا قتل,"Mar 21, 2026",https://www.24urdu.com/21-Mar-2026/166281,معلوم ہوا ہے کہ گوجرانوالہ کے علاقے افتخار کالونی میں ایک خاتون اپنے ہی  گھر  کے اندر اپنے ہی بیٹے کی  فائرنگ سے جاں بحق ہوگئیں۔ پولیس کا کہنا ہے کہ خاتون کے بیٹے نے پہلے بیان دیا کہ ڈکیتی کے دوران مزاحمت پر ماں کو گولی لگی، لیکن تحقیقات کے دوران نوجوان نے بتایا کہ وہ خود پستون صاف کر رہا تھا کہ اس دوران اس سے  پستول صاف کرتے ہوئے گولی چل گئی تھی۔ پولیس کا مزید کہنا ہے کہ حادثے کے بعد نوجوان نے وقوعہ کو ڈکیتی کا رنگ دینے کی کوشش کی، نوجوان کو حراست میں لے لیا گیا، مزید تفتیش جاری ہے۔,N/A,24_news,23:59:PM
ڈانٹنے پر ملازمہ نے مالک کا 2 سالہ بیٹا قتل کر دیا,"Mar 17, 2026",https://www.24urdu.com/17-Mar-2026/165824,تفصیلات کے مطابق ایس پی کینٹ کی ہدایت پر ایس ایچ او ہربنس پورہ وقاص اشرف نے 15 کی کال پر فوری ریسپانس دیا اور سفاک ملزمہ انیلہ گرفتار کرلی گئی۔ مالک کے ڈانٹنے پر ظالم گھریلو ملازمہ انیلہ نے 02 سالہ نھنے زید کے منہ پر کپڑا رکھ کر قتل کر دیا۔ مقتول کے والد محمد عمر کی مدعیت میں نامزد ملزمہ انیلہ کے خلاف فوری مقدمہ درج کرلیا گیا ہے۔ گرفتار ملزمہ مزید تفتیش کے لیے انوسٹی گیشنز کے حوالے کردی گئی ہے۔ ایس پی کینٹ اختر نواز نے کہا کہ قانون ہاتھ میں لینے والے درندوں کو عدالت سے سخت سزا دلوا کر کیفر کردار تک پہنچایا جائیگا۔,N/A,24_news,10:59:AM
6 پولیس اہلکاروں کا قتل؛ سپریم کورٹ سے تمام افراد کی سزائےموت ختم کرکےبری کر دیا,"Mar 17, 2026",https://www.24urdu.com/17-Mar-2026/165873,سپریم کورٹ کے جسٹس اشتیاق ابراہیم نے پنڈی گھیب قتل اور دہشت گردی کیس کا تحریری فیصلہ جاری کر دیا۔ انہوں نے قتل اور دہشت گردی کے مقدمے میں  زیریں عدالت سے موت کی سزا پانے والے تمام افراد کو  بری کردیا۔ سپریم کورٹ کے جسٹس اشتیاق ابراہیم نے پنڈی گھیب قتل اور دہشت گردی کیس کا تحریری فیصلہ جاری کرتے ہوئے ٹرائل کورٹ اور ہائیکورٹ کی جانب سے ملزمان کو دی گئی سزائے موت کے فیصلے کالعدم قرار دے دیئے۔ سپریم کورٹ نے دو عدالتوں سے سزا یافتہ مجرموں کو شک کا فائدہ دیتے ہوئے بری کرنے کا حکم دیا اور قرار دیا کہ کہ یہ لوگ  ایف آئی آر میں نامزد نہیں تھا۔ تفتیش کے دوران شناخت کا عمل مشکوک ہے۔ سپریم کورٹ کے جج نے اس مقدمہ کے گواہوں کو بھی مشکوک قرار دیا۔ تحریری فیصلہ مین لکھا کہ گواہوں کا موقعہ پر موجود ہونا اور اتنے بڑے حملے میں کسی خراش کا نہ آنا غیر فطری ہے، لہٰذا شناخت پریڈ قانونی طور پر ناقابل قبول اور غیر محفوظ ہے۔ یہ بھی پڑھیں: یکم مئی 2011 کو پنڈی گھیب میں پولیس اہلکاروں پر فائرنگ سے سب انسپکٹر محمد رمضان سمیت 6 اہلکار جاں بحق ہوئے تھے۔ ملزموں پر آئل ٹینکرز کو آگ لگانے اور سرکاری اسلحہ چھیننے کا سنگین الزام بھی تھا۔ عدالت نے فیصلے میں قرار دیا کہ کہ شناخت پریڈ سے پہلے ہی ملزمان کی شناخت پولیس پر ظاہر ہو چکی تھی، پولیس کے مطابق ملزمان نے ایک کیس میں پنڈی گھیب واقعے کا اعتراف کیا۔ جس کیس میں اعتراف ہوا اس میں ملزم بری ہو چکے ہیں۔ سپریم کورٹ نے فیصلے میں قرار دیا کہ کہ پہلے کیس میں بریت کے بعد مجرم قرار دیئے گئے افراد  کا  اعتراف قانونی حیثیت کھو چکا ہے۔ عدالت نے قرار دیا کہ استغاثہ ٹھوس اور آزادانہ شہادتیں پیش کرنے میں مکمل طور پر ناکام رہا ہے، اس لیے ملزمان کو بری کیا جاتا ہے۔ ٹرائل کورٹ نے  سپریم کورٹ سے بری ہونے والوں کو 6،6 بار سزائے موت اور عمر قید کی سزائیں سنائی تھیں۔  ہائی کورٹ نے ٹرائل کورٹ کی سزاؤں کو برقرار رکھا تھا۔ یہ بھی پڑھیئے:,N/A,24_news,18:02:PM
حیدرآباد:قاسم آباد کے فلیٹ سے گولی لگی لاش برآمد,"Mar 13, 2026",https://www.24urdu.com/13-Mar-2026/165474,(24 نیوز )حیدرآباد کے علاقے تھانہ قاسم آباد کی حدود میں فلیٹ سے گولی لگی لاش برآمد کر لی گئی، لاش کی شناخت پی پی شہید بھٹو کے مقامی رہنما کاشف باغی کے طور پر ہوئی ہے۔ پولیس کے مطابق لاش کاشف کے دوست کے فلیٹ سے ملی ہے جس میں باہر سے تالا لگا ہوا تھا، بظاہر معاملہ ذاتی دشمنی کا لگتا ہے، مزید تحقیقات کی جارہی ہیں۔,N/A,24_news,21:50:PM
عدالت جانیوالے 2 بھائی فائرنگ سے جاں بحق,"Mar 12, 2026",https://www.24urdu.com/12-Mar-2026/165305,پولیس کے مطابق دونوں بھائی پیشی پر عدالت جا رہے تھے کہ راستے میں فائرنگ کا نشانہ بن گئے،پولیس کا کہنا ہے کہ یہ واقعہ بظاہر کسی پرانی دشمنی کا شاخسانہ معلوم ہوتا ہے۔,N/A,24_news,12:44:PM
بیٹے کو زہر دینے کےمقدمے میں والد بری,"Mar 09, 2026",https://www.24urdu.com/09-Mar-2026/164956,عدالتِ عظمیٰ نے ملزم کو فوری طور پر رہا کرنے کا حکم جاری کر دیا، اس حوالے سے جسٹس اشتیاق ابراہیم نے تحریری فیصلہ جاری کر دیا ہے۔ تحریری فیصلے میں کہا گیا ہے کہ ایک باپ کا اپنے ہی کمسن بیٹے کو زہر دینا انسانی فطرت اور رویے کے خلاف ہے، جبکہ استغاثہ یہ ثابت کرنے میں ناکام رہا کہ باپ اپنے بیٹے کو قتل کیوں کرنا چاہتا تھا۔ عدالت نے قرار دیا کہ گھر میں کپاس کی فصل کے لیے کیڑے مار ادویات موجود تھیں اور امکان ہے کہ بچہ خود بھی وہ چیز پی سکتا تھا۔ میڈیکل رپورٹ کے مطابق چار سالہ بچہ زہریلی اور پینے والی چیز میں فرق نہیں کر سکتا۔ فیصلے میں مزید کہا گیا کہ چشم دید گواہوں کے بیانات تضادات اور غیر فطری نکات سے بھرپور ہیں۔ گواہوں نے موقع پر موجود ہونے کی کوئی ٹھوس وجہ بیان نہیں کی اور انہیں اتفاقیہ گواہ قرار دیا گیا۔ عدالت نے یہ بھی نشاندہی کی کہ بچے کے لباس کے رنگ سے متعلق ڈاکٹر اور گواہوں کے بیانات میں سنگین تضاد پایا گیا۔ گواہوں کا کمرے کی تلاشی نہ لینا یا برتن چیک نہ کرنا ان کی موجودگی کو مشکوک بناتا ہے۔ سپریم کورٹ کے مطابق ایف آئی آر کے اندراج میں غیر واضح تاخیر بھی کیس کی صداقت پر سوالات اٹھاتی ہے۔ عدالت نے کہا کہ فوجداری قانون کے مطابق شک کا ایک پہلو بھی ملزم کو بریت کا حق دیتا ہے۔ واضح رہے کہ اگست 2019 میں سکھر میں چار سالہ مدثر عرف میٹھو کی مبینہ زہر خورانی سے موت واقع ہوئی تھی۔ بچے کے والد سلطان عرف ببو جتوئی پر الزام تھا کہ اس نے گواہوں کی موجودگی میں بیٹے کو گلاس میں زہریلی چیز پلائی۔ اس واقعے کے بعد بچے کے ماموں نے مدعی بن کر تھانہ سنگی میں مقدمہ درج کرایا تھا۔ بعد ازاں ٹرائل کورٹ نے سلطان جتوئی کو سزائے موت سنائی تھی، جس کی توثیق ہائیکورٹ نے بھی کر دی تھی۔,N/A,24_news,12:20:PM
ڈاکٹرکی موت؛ سندھ حکومت نے سول ہسپتال مٹھی کے چار ملازمین کو معطل کردیا,"Mar 15, 2026",https://www.24urdu.com/15-Mar-2026/165671,(ویب ڈیسک) سندھ حکومت نے سول ہسپتال مٹھی کے چار ملازمین کو معطل کردیا ۔ معطل ہونے والوں میں سٹاف نرس منٹھار بھیل سردار بھیل سٹور کیپر برکت علی ہنگورجو اور وارڈ بوائے رجب شامل  ہیں۔  ان چاروں ملازمین کو محکمہ صحت میں رپورٹ کرنے کا حکم دیا گیا ہے۔ سندھ  حکومت نے مٹھی ہسپتال کے  ڈاکٹر عبدالکریم شیخ ک کی سرکاری کوارٹر میں موت کی تحقیقات کا فیصلہ کرلیا ہے اور  ڈائریکٹر جنرل صحت سندھ کی سربراہی میں تین رکنی تحقیقاتی کمیٹی قائم کر دی  ہے۔ کمیٹی میں ایڈیشنل سیکریٹری ٹیکنیکل اور ڈپٹی کمشنر آفس تھرپارکر کا نمائندہ شامل  ہیں۔ کمیٹی کو تین روز کے اندر تحقیقاتی رپورٹ دینے کا حکم  دیا گیا ہے۔ ڈاکٹر عبدالکریم گزشتہ روز مٹھی ہسپتال سے ملحق اپنے سرکاری کرواٹر میں مردہ پائے گئے تھے۔,N/A,24_news,18:03:PM
کراچی: ڈاکو 15 لاکھ مالیت کا سامان لوٹ کر فرار,"Mar 13, 2026",https://www.24urdu.com/13-Mar-2026/165420,تفصیلات کے مطابق نیوکراچی سیکیٹر فائیو جی بشیر چوک فاروقیہ مسجد والی گلی میں واقعے گھر سے تین مسلح ڈاکو 15 لاکھ روپے مالیت سے زائد کا سونا ، کیش رقم اور موبائل فون لوٹ کر لے گئے۔ ڈکیتی کی واردات کا مقدمہ نیوکراچی انڈسٹریل ایریا پولیس نے نامعلوم ملزمان کے خلاف درج کر لیا گیا ہے۔ نیوکراچی انڈسٹریل ایریا کے علاقے مکان نمبر 142/13 سیکٹر 5/G بشیر چوک فاروقیہ مسجد والی گلی میں جمعرات کی دوپہر تقریباً ڈیڑھ بجے 3 مسلحہ ملزمان داخل ہوئے ۔ اہلخانہ کو یر غمال بنا کر 15 لاکھ روپے مالیت سے زائد کا سونا ، تقریباً ایک لاکھ روپے نقد اور چار قیمتی موبائل فون لوٹ کر فرار ہوگئے۔ واقعے کی مددگار 15 کے ذریعے اطلاع ملنے پر ایس ایچ او نیوکراچی انڈسٹریل ایریا رضوان قریشی پولیس پارٹی کے ہمراہ موقع پر پہنچ گئے اور واقعے کی تفصیل معلوم کرنے کے بعد فارنزک ٹیم کو موقع پر طلب کر لیا۔ علاقہ مکینوں نے بتایا کہ مذکورہ مکان میں محمد سلیم اپنی فیملی کے ہمراہ تقریباً ڈیڑھ ماہ قبل کرائے پر شفٹ ہوئے تھے۔ واقعے کے وقت محمد سلیم گھریلو کام کے سلسلے میں جیسے ہی گھر سے نکلا کچھ ہی یر بعد ان کی اہلیہ دروازہ بند کرنے کے لیے سیڑھیوں سے نیچے آرہی تھیں کہ اچانک تین افراد  گھر میں داخل ہوگئے۔ خاتون خانہ نے گھبراتے ہوئے پوچھا کہ تم کون ہو جس پر انہوں نے کہا کہ ہم فریج صحیح کرنے والے ہیں اور وہ سیڑھیاں چڑھتے ہوئے اوپر چلے گئے اور اوپر جا کر کہا کہ ہم پولیس والے ہیں۔ تینوں افراد کے ہاتھوں میں پستول تھا بعدازاں انہوں نے گھر کی الماریوں کی تلاشی لینی شروع کر دی تاہم انہیں وہاں کچھ نہیں ملا جس کے بعد ڈاکوؤں نے کہا کہ مال کہاں رکھا ہے۔ بعدازاں انہوں نے بڑی پیٹی ( ٹرنک ) پر ڈلی چادر ہٹائی تو وہاں تقریباً ایک لاکھ روپے رکھے ہوئے تھے۔ ملزمان نے وہ اپنی جیب میں رکھنے کے بعد پیٹی کو کھول کر اس کا سامان نکالنا شروع کر دیا ۔ پیٹی میں نیچے کی طرف ایک پوٹلی میں ڈیڑھ پاؤ وزنی چاندی کا پیر میں پہننے والا کڑا ، دو طلائی چوڑیاں ، دو لاکٹ ، ایک نت ، دو خالص سونے کے بسکٹ اور ایک طلائی کوئن تھا ۔ چارجنگ پر لگے چار قیمتی موبائل فون بھی تھے جو ملزمان اپنے ہمراہ لے گئے۔ ڈاکو جاتے ہوئے گھر کے تمام افراد جن میں تین جوان لڑکیاں ، ایک لڑکا اور خاتون خانہ کو ایک کمرے میں بند کر گئے ۔ واقعے کا مقدمہ 392 ، 397 ، 34 کے تحق محمد سلیم کی مدعیت میں درج کرے تفتیش خواجہ اجمیر نگری تھانے کے انویسٹی گیشن افسر کے سپرد کر دی گئی ہے۔,N/A,24_news,12:27:PM
ثناء یوسف کیس؛ عدالت نے وکلاء صفائی کوآخری موقع دیدیا,"Mar 11, 2026",https://www.24urdu.com/11-Mar-2026/165209,ڈسٹرکٹ اینڈ سیشن کورٹس اسلام آبادمیں میں ٹک ٹاکر ثناء یوسف قتل کیس کی سماعت ہوئی،ایڈیشنل ڈسٹرکٹ اینڈ سیشن جج محمد افضل مجوکہ نے کیس پر سماعت کی ۔ سرکاری وکیل راجہ نوید حسین کیانی عدالت میں پیش ہوئے،عدالت نے وکلاء صفائی کو جرح کیلئے آخری موقع دے دیا۔ جج افضل مجوکہ نے کہاکہ اگر کل گواہان پر جرح نہیں ہوتی تو اسٹیٹ کونسل مقرر کردیا جائے گا،پراسیکیوشن کی جانب سے مجموعی طور پر 22 گواہان کے بیانات قلمبند ہوچکے ہیں۔ سرکاری وکیل راجہ نوید حسین کیانی نے کہاکہ تفتیشی کا بیان جرح کے بعد ریکارڈ کروائیں گے ساتھ ہی جرح ہو جائے گی ، عدالت وکلاء صفائی کو ہدایت کرے کہ وہ گواہان پر جرح کریں۔ یہ بھی پڑھیں: عدالت نے کیس کی مزید سماعت کل 12 مارچ تک ملتوی کر دی۔ ,N/A,24_news,15:09:PM
رمضان کے روزے کے دوران فائرنگ سے ایک شخص زخمی ہو کر ہسپتال پہنچ گیا,"Mar 14, 2026",https://www.24urdu.com/14-Mar-2026/165558,(ارشاد قریشی)راولپنڈی میں رمضان کے روزے کے دوران فائرنگ سے ایک شخص زخمی ہو کر ہسپتال پہنچ گیا۔ فائرنگ  کا واقعہ راولپنڈی کے علاقے پیرودھائی میں ہوا۔ پیر ودھائی کے میلاد پارک میں نامعلوم شخص کی فائرنگ سے ایک شخص زخمی ہو گیا۔  گولی اس کی ٹانگ پر لگی۔ زخمی دانیال ارشد کو  ہولی فیملی اسپتال  لایا گیا جہاں ڈاکٹروں نے اسے طبی امداد دی۔ فائرنگ کرنے کے بعد بعد ملزم موقع سے فرار ہو گیا۔ ملزم کے فرار ہونے کے بعد پولیس کو بلایا گیا۔ یہ بھی پڑھیئے:,N/A,24_news,17:21:PM
بانی پی ٹی آئی اور بشریٰ بی بی کیخلاف 190 ملین پاؤنڈ کیس میں اہم پیشرفت,"Mar 11, 2026",https://www.24urdu.com/11-Mar-2026/165204,نیب نے بانی پی ٹی آئی اور بشریٰ بی بی کی سزا معطلی درخواستیں ناقابلِ سماعت قرار دینے کی متفرق درخواست دائر کردی۔ یہ بھی پڑھیں: درخواست میں کہا گیا ہے کہ کیس میں سزا کیخلاف مرکزی اپیل سماعت کے لیے مقرر ہی نہیں ہوئی، سزا کیخلاف اپیل پر باضابطہ نوٹس جاری نہیں ہوا، سزا معطلی کی درخواستیں ناقابل سماعت ہیں۔,N/A,24_news,14:12:PM
بھائی نے بہن کو قتل کر دیا,"Mar 14, 2026",https://www.24urdu.com/14-Mar-2026/165572,بھائی نے بہن کو قتل کر دیا۔ راولپنڈی کے جی ٹی روڈ پر واقع قصبہ مندرہ میں شوہر سے ناراض ہو کر والد کے گھر مقیم  لڑکی کو  اس کے شقع القلب بھائی نے فائرنگ کر کے قتل کردیا۔ اولپنڈی کے جی ٹی روڈ پر واقعہ قصبہ مندرہ کے  نواحی علاقے ڈھوک مقدم میں بھائی نے فائرنگ کرکے بہن کو قتل کر دیا۔ قاتل جرم کرنے کے بعد گھر سے فرار ہو گیا۔ پولیس حکام نے قانونی کارروائی مکمل کر کے لاش کو ورثا کے حوالے کردیا۔ اس قتل کا مقدمہ مقتول لڑکی کے والد ملازم حسین کی مدعیت میں درج کیا گیا۔ ایف آئی آر میں ملازم حسین نے لکھوایا کہ ان کی بیٹی فرحت کی شادی  4 ماہ پہلے محمد عثمان کے ساتھ ہوئی۔ 9 مارچ کو بیٹی کسی وجہ سے گھر سے چلی گئی جس کے بعد اغواء کا مقدمہ درج کرایا اور پھر 11مارچ کو بیٹی بازیاب ہوئی۔ قاتل کے والد نے ایف آئی آر میں لکھوایا کہ اس کی  بیٹی خاوند سے ناچاقی کی وجہ سے والدین کے گھر ہی رہائش پذیر تھی، صبح بیٹا ارسلان گھر آیا، بیٹی فرحت شاہین سے گھر سے چلے جانے پر تلخ کلامی کی۔ ارسلان نے پستول سے فرحت شاہین کے چہرے اور ٹانگ پر گولیاں مار دیں جس کے نتیجے میں فرحت شاہین موقع پر ہی جاں بحق ہو گئی جبکہ قاتل موقع سے فرار ہو گیا۔ مدعی نے بتایا کہ قتل کے اس واقعہ کو  اس کی بیوی ریحانہ بی بی، بیٹے فیضان احمد اور بیٹی زیبا شاہین جبکہ مسرت شاہین نے بھی دیکھا۔,N/A,24_news,20:31:PM
کرائم کنٹرول ڈیپارٹمنٹ کو  توسیع دےکر پنجاب کی پریمیئر انویسٹی گیشن ایجنسی بنانےکا فیصلہ,"Mar 10, 2026",https://www.24urdu.com/10-Mar-2026/165138,( ویب ڈیسک)چیف منسٹر مریم نواز شریف نے  کرائم کنٹرول ڈیپارٹمنٹ کا دائرہ کار بڑھا کر اسے پنجاب کی پریمیئر انویسٹی گیشن ایجنسی بنانےکا فیصلہ کر لیا۔ چیف منسٹر نے کرائم کنٹرول ڈیپارٹمنٹ (سی سی ڈی) کو پریمیئر انویسٹی گیشن ایجنسی بنانےکا فیصلہ اس ادارہ کی پنجاب میں جرائم کو کنٹرول کرنے میں نمایاں کامیابیوں کا گہرائی سے تجزیہ کرنے کے بعد کیا ہے۔ پنجاب حکومت کے آج جاری کئے گئے اعلامیہ کے مطابق  فورنزک آلات و  ڈیٹیکشن کی مہارتوں، تفتیشی مہارتوں، مشینری  اور آلات سکی مدد سے کرائم کنترول ڈیپارٹمنٹ سی سی ڈی کوپاکستان کے جدید ترین ادارے میں ٹرانسفارم کیا جائےگا۔ اسے مجرموں کا سراغ  لگانے اور ان کی مانیٹرنگ کے لیے جدید آلات فراہم کیے جائیں گے۔ جرائم کےخاتمے میں کرائم کنٹرول ڈیپارٹمنٹ کی اہم کایمیابیوں اور عوام کی جانب سے سی سی ڈی کی پزیرائی کے باعث چیف منسٹر نے ادارہ کی کارکردگی کا گہرا تجزیہ کیا اور یہ فیصلہ کیا کہ سی سی ڈی کادائرہ کار بڑھایا جائےگا اور اسے دنیاکے پانچ بہترین کرائم کنٹرول اداروں کے نمونے پر استوارکیا جائے۔ توسیع کے ساتھ سی سی ڈی میں تحقیقی مرکز بھی قائم کیا جائےگا۔ چیف منسٹر نے سی سی ڈی کا جدیدترین  آلات سے آراستہ ہیڈکوارٹر بنانےکی منظوری بھی دے دی ہے۔ہرڈویژن، ضلعے اورتحصیل میں سی سی ڈی آفس،تھانے بنائے جائیں گے اور دن رات ڈیوٹی کے لئے دستیاب رہنے والے اہلکاروں کے لئے اقامت گاہیں بھی بنائی جائیں گی۔ اعلامیے میں کہا گیا ہےکہ سی سی ڈی کےاقدامات سےقتل، ڈکیتی جیسے سنگین جرائم میں کمی ہوئی ہے اور پنجاب میں خواتین کےخلاف جرائم میں نمایاں کمی ہوئی ہے۔ سب سے زیادہ کمی ڈکیتیوں میں نوٹ کی گئی۔  ڈکیتیوں میں 77فیصد کمی آئی ہے۔ وزیراعلیٰ نے خواتین پر تیزاب  پھینکنے والے ذہنی مریضوں سے نمٹنےکا ٹاسک بھی سی سی ڈی کو دے دیا ہے۔ سی سی ڈی کی مدد سے  پنجاب کو غیر قانونی اسلحے سے پاک کرنے پر بھی کام کیا جائے گا۔ اس ضمن میں غیرقانونی اسلحے کی روک تھام کے لیے نیا قانون بھی بنایا جائےگا۔,N/A,24_news,22:50:PM
لاہور میں اہلخانہ کو یرغمال بنا کر ڈاکو 19 کروڑ کا سامان لوٹ کر فرار,"Mar 15, 2026",https://www.24urdu.com/15-Mar-2026/165590,پولیس نے ایف آئی آر درج کر لی جس کے متن کے مطابق شہری اہل خانہ کے ہمراہ سحری کیلئے باہر گیا تھا۔ اس دوران ڈاکو گھر میں داخل ہوگئے، اہل خانہ سحری کرکے واپس پہنچے تو ڈاکو گھر میں موجود تھے اور انہوں نے اسلحے کے زور پر انہیں یرغمال بنالیا۔ ایف آئی آر کے مطابق ڈاکو 19 کروڑ مالیت کے زیورات، گھڑیاں، فون اور دیگر سامان لوٹ کر فرار ہوگئے۔ پولیس کا کہنا ہے کہ واقعے کی تحقیقات کی جا رہی ہیں اور مجرموں کو پکڑنے کیلئے مختلف پہلوؤں سے تفتیش ہو رہی ہے۔,N/A,24_news,08:40:AM
بیرون ملک بھیجنے کیلئے 83 لاکھ روپے لینے والا ہیومن سمگلر گرفتار,"Mar 08, 2026",https://www.24urdu.com/08-Mar-2026/164891,حیدرآباد میں ایف آئی اے کرائم سرکل  نے  سپر ہائی وے پر کاروائی کر کے ایک ہیومن سمگلر کو گرفتار کر لیا۔ ایف آئی اے کرائم سرکل کے سب انسپیکٹر وقار احمد کی ٹیم نے  ایک شہری سے  83 لاکھ روپے بیرون ملک بھیجنے کے عوض وصول کرنے والے ہیومن سمگلی کو سپر ہائی وے پر گرفتار کر لیا۔ اس ہیومن سمگلر نے  ایک شہری کو بیرون ملک بھجوانے کے لئے ایک کروڑ تیس لاکھ  روپے طلب کیے تھے۔ بیرون ملک جانے کے خواہشمند شخص نے اس ہیومن سمگلر کو   83 لاکھ  روپے ادا کئے۔ ایف آئی اے کرائم سرکل نے مقدمہ درج کر کے آج ملزم کو گرفتار کر لیا۔ اب  ایف آئی اے نے  مزید تحقیقات شروع کردی ہے۔,N/A,24_news,18:50:PM
جوا ایپ کیس ؛رجب بٹ، ندیم نانی والا اور زرق کی عبوری ضمانتوں میں توسیع,"Mar 12, 2026",https://www.24urdu.com/12-Mar-2026/165287,لاہورکی عدالت میں رجب بٹ، ندیم نانی والا اور زرق یو ٹیوبرکے خلاف جواایپ کیس کی سماعت ہوئی،عدالت میں رجب بٹ کی درخواست ضمانت پررانا معروف ایڈووکیٹ نے اپنے جزوی دلائل مکمل کیے۔ وکیل صفائی رانا معروف نے کہا جوا ایپ کیس میں رجب بٹ پر کوئی الزام نہیں ہے صرف کہانی بناِئی گئی ہے،رجب بٹ اور دیگر یو ٹیوبر شامل تفتیش ہوئے، اپنے موبائل فون پیش کردیے،تاہم کوئی چیز ان سے برآمدہوئی اور نہ انہوں نے گورنمنٹ کو کوئی نقصان پہنچایا۔ وکیل صفائی نے کہاکہ عدالت سے استدعا ہے کہ رجب بٹ اور دیگر کی ضمانت کنفرم کی جائے۔ یہ بھی پڑھیں: عدالت میں پراسیکیوٹر نے بتایا ندیم نانی والا ایف آئی آر میں نامزد ہے اور نہ ہم نے اسے نوٹس دیا اس نے خود ہی درخواست ضمانت دائر کر رکھی ہے،رجب بٹ کا موبائل فرانزک کے لیے بھجوا رکھا ہے ابھی اس رپورٹ کا انتظار ہے۔,N/A,24_news,11:06:AM
خاتون کو اغوا کر کے زیادتی کرنے،زیورات ہتھیانے والے 3 ملزم گرفتار,"Mar 12, 2026",https://www.24urdu.com/12-Mar-2026/165307,پولیس کے مطابق ملزموں سے مغویہ سے ہتھیائے گئے 9 تولے طلائی زیورات اور زیورات کی فروخت سے حاصل ہونے والی 3 لاکھ روپے کی رقم بھی برآمد کر لی گئی ،زیر حراست ملزم مغویہ کے گھر کے سامنے والے گھر میں ڈرائیور تھا جس نے اپنے ساتھیوں کے ساتھ  مل کر خاتون کو بلیک میل کرکے اغوا کیا ۔ مقدمے میں مغویہ نے مؤقف اختیار کیا کہ زیر حراست افراد اغوا کے بعد اس سے زیادتی کرتے رہے۔ پولیس کے مطابق واقعے کا مقدمہ گزشتہ ماہ درج کیا گیا تھا، ویسٹریج پولیس نے ٹیکنیکل اور ہیومن انٹیلیجنس ذرائع بروئے کار لاتے ہوئے تینوں ملزموں کو گرفتار کیا،متاثرہ خاتون کا میڈیکل پراسس کروایا گیا ہے جبکہ زیر حراست افراد کو ٹھوس شواہد کے ساتھ چالان عدالت کیا جائے گا۔,N/A,24_news,12:02:PM
سول ہسپتال مٹھی کے سینئیر ڈاکٹر اپنی رہائش گاہ پر مردہ پائے گئے,"Mar 14, 2026",https://www.24urdu.com/14-Mar-2026/165557,(جو آر جونیجو) سول ہسپتال مٹھی کے سینئیر ڈاکٹر اپنی رہائش گاہ پر مردہ پائے گئے۔ تھرپارکر کے سول ہسپتال مٹھی کے ایک سینئیر ڈاکٹر  کی لاش ان کے گھر سے ملی ہے۔ ڈاکٹر عبدالکریم شیخ ڈاکٹروں کے لئے بنائے گئے کوارٹروں میں سے ایک میں رہ رہے تھے۔ آج ان کے کوارٹر سے ان کی لاش ملی ہے۔ ہسپتال کی انتظامیہ نے پولیس کو اطلاع دی۔  پولیس اہلکاروں نے لاش کا معائنہ کیا ور سارے کوارٹر کا مکمل جائزہ لیا۔   پولیس نے لاش کو ہسپتال پہنچایا اور اس معاملہ کی تحقیقات شروع کر دی ہیں۔,N/A,24_news,17:10:PM
سات سو روپے کا جھگڑا، دو افراد لڑ لڑ کر زخمی ہوئے، ایک ہی ہسپتال پہنچ گئے,"Mar 14, 2026",https://www.24urdu.com/14-Mar-2026/165587,جیکب آباد: 700 روپے کی لین دین پر ہوٹل مالک اور دکاندار میں جھگڑا بڑھ گیا۔  لڑائی کے دونوں فریق زخمی ہو کر ایک ہی ہسپتال پہنچ گئے۔ جیکب آباد میں  ہوٹل کا  مالک شاہزیب لاشاری اور علی خان پٹھان آمنے سامنے آ گئے۔ جھگڑے کے دوران لاتوں، مکوں اور سریوں کا آزادانہ استعمال ہوا اور دونوں زخمی ہو کر ہسپتال پہنچ گئے۔ معلوم ہوا ہے کہ سریئے لگنے سے شاہزیب لاشاری اور احمد علی لاشاری دونوں  زخمی ہوئے۔ اس واقعے کے بعد علاقے میں لوگ بڑی تعداد میں  تماشا دیکھنے کے لئے  جمع ہو گئے۔ ایک دوسرے کو زخمی کر دینے والے دونوں  زخمیوں کو طبی امداد کے لیے ایک ہی ہسپتال لے جایا گیا۔ معلوم ہوا ہے کہ چائے کی پتی کے 700 روپے کے معاملے پر تنازع ہوا۔  چھپر  ریسٹورنٹ کے مالک شاہزیب نے  علی خان سے پتی خریدی ہوئی تھی اور پیسے دینا باقی تھے۔ ی بھی پڑھیئے:,N/A,24_news,23:16:PM
ایمان مزاری اور ہادی علی چٹھہ کی 2 مقدمات میں ضمانتیں منظور,"Feb 27, 2026",https://www.24urdu.com/27-Feb-2026/163886,عدالت نے 5، 5 ہزار روپے کے مچلکوں کے عوض ضمانتیں منظور کرتے ہوئےدونوں کو متعلقہ مقدمات میں رہا کرنے کا حکم دے دیا۔ انسداددہشت گردی عدالت کے جج ابوالحسنات محمد ذوالقرنین نے ضمانت کی درخواستوں پر سماعت کی،ایمان مزاری اور ہادی علی چٹھہ کیجانب سے ایمل خان مندوخیل ایڈووکیٹ عدالت میں پیش ہوئے۔ اسلام آباد ہائیکورٹ کے باہر احتجاج کیس میں مدعی مقدمہ کے بیان پر ضمانت کی درخواست منظور کی گئی،اس موقع پرایمل خان مندوخیل نے کہاکہ دونوں ملزمان کی جانب سے کوئی لڑائی جھگڑا نہیں کیا گیا تھا، ہائیکورٹ کے باہر جج جہانگیری کیلئے آواز بلند کررہے تھے، پریس کلب احتجاج کے حوالے سے بے بنیاد ایف آئی آر درج کی گئی، ہم مظلوموں کا ساتھ دے رہے تھے لاپتہ افراد کے کیسز لڑتے ہیں،لاپتہ افراد کے کیسز لڑنے کیوجہ سے بے بنیاد مقدمہ بنایا گیا۔ پراسکیوشن کیجانب سے ایمان مزاری اور ہادی علی کی ضمانت کی مخالفت کی گئی،عدالت نے فریقین کے دلائل مکمل ہونے پر ضمانت کی درخواستوں پر فیصلہ سنایا۔ یہ بھی پڑھیں: واضح رہے کہ ایمان مزاری اور ہادی علی کیخلاف تھانہ سیکرٹریٹ اور کوہسار میں مقدمات درج ہیں۔,N/A,24_news,10:27:AM
ایک ملین روپے کے کاسمیٹکس، کپڑے، جوتے چرانے والا چور پکڑا گیا,"Mar 07, 2026",https://www.24urdu.com/07-Mar-2026/164797,(ویب ڈیسک) عید سے  پہلے چوری کی وارداتوں میں اضافہ دیکھنے میں آیا ہے ۔ اپر سوات میں پولیس نے  9 لاکھ مالیت کے کاسمیٹکس، جوتے اور ریڈی میڈ سوٹ  چوری کرنے والے ملزم  کو گرفتار کر لیا۔ اپر سوات پولیس نے  اس چور سے لاکھوں روپے کا مال مسروقہ برآمد کر لیا۔,N/A,24_news,20:38:PM
ثنا یوسف قتل کیس میں ملزم عمر حیات کی درخواست خارج,"Feb 28, 2026",https://www.24urdu.com/28-Feb-2026/164007,اسلام آباد ہائیکورٹ کے جسٹس خادم حسین سومرو نے تحریری فیصلہ جاری کر دیاجس کے مطابق ٹرائل کورٹ کی کارروائی میں کوئی قانونی سقم، بے قاعدگی یا دائرہ اختیار کی غلطی نہیں پائی گئی،ملزم ویڈیو لنک کے ذریعے موجود تھا جو قانونی طور پر درست حاضری تصور ہوتی ہے۔ تحریری فیصلے میں کہاگیاہے کہ ٹرائل کورٹ کی عدالتی آرڈر شیٹس کو درست اور مستند تسلیم کیا جاتا ہے، ٹرائل کورٹ پر مقدمات کے جلد فیصلے کے لیے روزانہ کی بنیاد پر سماعت کی قانونی ذمہ داری ہے،آرٹیکل 10 اے کے تحت جلد ٹرائل کا حق انصاف کے وسیع تر عوامی مفاد کے لیے ضروری ہے، وکیل کی ذمہ داری ہے وہ ذاتی سہولت کے بجائے مقدمے کی پیش رفت کے لیے عدالت میں دستیاب رہے۔ تحریری فیصلے کے مطابق محض خدشات کی بنیاد پر کسی عدالتی افسر کے طرزِ عمل پر الزامات عائد کرنا درست نہیں، جج کی کارروائی کے ساتھ غیر جانبداری کا تصور جڑا ہوتا ہے۔ یہ بھی پڑھیں: عدالت نے ہدایت کی کہ مزید تاخیر کی صورت میں ملزم کو سرکاری خرچ پر وکیل فراہم کیا جائے، وکیل مستقبل میں ٹرائل کورٹ کے خلاف غیرمصدقہ الزامات لگانے سے گریز کریں۔ درخواست گزار نے استدعا کی تھی کہ ملزم اور وکیل کی عدم موجودگی میں گواہ کے بیان ریکارڈ کیے گئے,N/A,24_news,13:58:PM
لاہور:خاتون کو ہراساں کرنیوالاشاپ منیجر گرفتار,"Feb 28, 2026",https://www.24urdu.com/28-Feb-2026/164010,خاتون نے 15 ایمرجنسی ہیلپ لائن پر کال کرکے ورچوئل ویمن پولیس اسٹیشن میں شکایت درج کرائی تھی۔ پنجاب سیف سٹیز اتھارٹی میں قائم ورچوئل ویمن پولیس اسٹیشن نے بروقت کارروائی کرتے ہوئے ملزم کو گرفتار کرلیا۔ خاتون کے مطابق منیجر  نے نامناسب انداز میں پکڑا اور  پہلے بھی نازیبا پیغامات بھیجتا رہا۔ سیف سٹی کی خاتون افسر نے ویڈیو کال پر متاثرہ خاتون سے رابطہ کیا اور مکمل تحفظ کی یقین دہانی کروائی۔ ترجمان سیف سٹی کا کہنا ہے کہ خواتین کو ہراساں کرنے والوں کے خلاف زیرو ٹالرنس پالیسی پر عمل جاری ہے۔ خواتین کسی بھی ہراسانی یا ناخوشگوار صورتحال میں فوری 15 پر کال کریں۔,N/A,24_news,14:32:PM
پہلے ہی دن بڑا ہاتھ، گھریلو ملازمہ کام پر آتے ہی 80 لاکھ کے زیورات لیکر رفو چکر,"Mar 04, 2026",https://www.24urdu.com/04-Mar-2026/164401,پولیس کے مطابق ملازمہ اور اس کی بہن پہلے دن کام پر آئی تھی، دونوں نے مل کر 11 تولے زیورات اور 5 قیمتی گھڑیاں چوری کیں اور فرار ہو گئیں، ملازمہ کو گھر کے مالی نے کام پر رکھوایا تھا، مالی کو حراست میں لے لیا گیا ہے۔ پولیس کے مطابق چوری کی واردات27 فروری کو ہوئی جس کا مقدمہ درج کرکے ملزمان کی تلاش شروع کردی گئی ہے۔ یہ بھی پڑھیں,N/A,24_news,11:52:AM
ٹک ٹاکر جاوید مہانڈری قتل کیس؛ ملزم کوجوڈیشل ریمانڈ پر جیل بھیج دیاگیا,"Mar 05, 2026",https://www.24urdu.com/05-Mar-2026/164539,عدالت نے ملزم شاہد کو جوڈیشل ریمانڈ پر جیل بھیج دیا،ملزم نے مقتول کو گولی مار کر قتل کرنے کا اقرار جرم کر لیا۔ ملزم نے تفتیشی افسر کو بیان دیتے ہوئے کہاہے کہ مقتول سے کوئی دیرینہ دشمنی نہیں تھی ،افطار سے قبل ٹک ٹاک بناتے ہوئے مذاق کے دوران اچانک گولی چلنے سے مقتول کی موت ہوگئی۔ یہ بھی پڑھیں: تفتیشی آفیسر کے مطابق ملزم شاہد سے آلہ قتل پسٹل بھی برآمد کر لیا گیاہے جوذاتی مگربغیر لائسنس کے تھا ،ڈی پی او مانسہرہ نے نامزد ملزم شاہد کو معطل کر دیاہے اورشاہد کے خلاف محکمانہ انکوائری بھی شروع کر دی گئی ہے۔,N/A,24_news,15:32:PM
کراچی میں شہری نے ڈاکو مار دیا، ایک زخمی حالت میں گرفتار,"Feb 25, 2026",https://www.24urdu.com/25-Feb-2026/163736,پولیس حکام نے بتایا کہ زخمی ڈاکو کو حراست مین لے لیا ہے۔ پولیس نے بتایا کہ دو  مبینہ ڈاکو ایک  شہری کو لوٹ کر فرار ہو رہے تھے۔ فائرنگ سے موقع پر ہی مرنے والے  ڈاکو کی شناخت فدا حسین کے نام سے ہوئی۔ زخمی کا نام عبد الخالق کہے۔ پولیس حکام نے بتایا کہ  شہری کی بروقت مزاحمت سے واردات ناکام ہو گئی۔ واقعے کی مزید تفتیش کے لئے پولیس نے شواہد اکٹھے کر لیے۔ مرنے والے ڈاکو کی لاش اور زخمی ملزم کو ہسپتال منتقل کر دیا گیا۔ یہ بھی پڑھیئے:,N/A,24_news,21:45:PM
پشاور: ٹیکسی ڈرائیور کو قتل کرنے کے بعد لاش جلانیوالے خواجہ سرا کیخلاف مقدمہ درج,"Mar 06, 2026",https://www.24urdu.com/06-Mar-2026/164619,پولیس کے مطابق  مقتول ٹیکسی ڈرائیور کے بیٹے نے ملزمان پر قتل اور لاش جلانے کا الزام لگایا ہے۔ پولیس کا کہنا ہے کہ قتل کی وجہ معلوم نہیں ہوسکی ہے، دونوں مفرور ملزمان کو تلاش کیا جارہا ہے۔ اس حوالے سے درج کی گئی ایف آئی آر کے مطابق خواجہ سرا نےصوابی سے ٹیکسی لی اور ارمڑ پہنچ کر ٹیکسی ڈرائیور کو قتل کردیا۔,N/A,24_news,11:25:AM
"""ڈاکٹر صاحب"" شراب فروش نکلے,معاون مال سمیت پکڑاگیا، ""ڈاکٹرصاحب""فرار","Feb 26, 2026",https://www.24urdu.com/26-Feb-2026/163754,"کراچی کے علاقہ جمعہ گوٹھ میں پولیس نے پکی مخبری ہونے پر کارروائی کی اور  طبی کلینک کی آڑ میں شراب فروشی  میں مصروف ""ڈاکٹر صاحب"" کو رنگے ہاتھوں پکڑ لیا۔ ابراہیم حیدری تھانے کی پولیس ٹیم نے جمعہ گوٹھ کے علاقے میں  پکی مخبری پر کارروائی کرتے ہوئے مال سمیت  ایک ملزم کو گرفتار کرلیا۔ کارروائی کے دوران گرفتار ملزم سے ابتدائی تفتیش میں انکشاف  ہوا کہ  گلشن عرف ڈاکٹر گل نامی شخص خود کو ڈاکٹر ظاہر کر کے ایک طبی کلینک کی آڑ میں غیر قانونی طور پر شراب فروشی کا دھندہ چلا رہا ہے۔ گرفتار ملزم نے دوران تفتیش بتایا کہ مذکورہ شخص درحقیقت ڈاکٹر نہیں بلکہ خود کو ڈاکٹر (میڈیکل فزیشن) ظاہر کر کے شہریوں کو دھوکہ دے رہا تھا ۔ اسی ""ڈاکٹر صاحب"" کے  نیٹ ورک کے ذریعے شراب فروخت کی جاتی تھی۔ ابراہیم حیدری تھانے کی پولیس نے گرفتار ملزم  بھگوان داس کے قبضے سے 300 سے زائد شراب کی بوتلیں برآمد کرلی ہیں۔ ڈاکٹر گلشن عرف ڈاکٹر گل اور اس کے معاون سنی   کی گرفتاری کیلئے چھاپے مارے جارہے ہیں۔ تمام ملزموں کا  کرمنل ریکارڈ چیک کیا جا رہا ہے۔",N/A,24_news,00:28:AM
اے این ایف کی کارروائی، اٹک اور کوئٹہ سے 201 کلو منشیات برآمد، 4 ملزمان گرفتار,"Mar 05, 2026",https://www.24urdu.com/05-Mar-2026/164513,ترجمان اے این ایف کے مطابق کارروائیاں اٹک اور کوئٹہ میں کی گئی۔ حکام کے مطابق کارروائیوں کے دوران 201.2 کلو گرام منشیات برآمد کر کے 4 ملزمان کو گرفتار کر لیا گیا۔ پکڑی گئی منشیات میں 174 کلو گرام ہیروئن، 25.2 کلو گرام چرس اور 2 کلو گرام آئس شامل ہے۔ ترجمان کے مطابق ملزمان کے خلاف انسداد منشیات ایکٹ 1997 کے تحت مقدمات درج کر لئے گئے ہیں۔,N/A,24_news,11:03:AM
کراچی : کچی شراب پینے سے 3 افراد ہلاک,"Mar 02, 2026",https://www.24urdu.com/02-Mar-2026/164204,پولیس کے مطابق واقعہ ناظم آباد ایک نمبر میں پیش آیا جہاں کچی شراب پینے سے 3 افراد ہلاک ہوئے جب کہ واقعہ کے بعد ایک ملزم کو   گرفتار کرلیا گیا۔ آئی جی سندھ جاوید عالم اوڈھو نے واقعے کا نوٹس لیتے ہوئے ایس پی سینٹرل سے رپورٹ طلب کرلی۔,N/A,24_news,12:33:PM
سکیورٹی گارڈ کی ڈاکوؤں پر فائرنگ، شہری لٹنے سے بچ گیا,"Feb 28, 2026",https://www.24urdu.com/28-Feb-2026/163986,پولیس حکام کے مطابق شہری بینک سے 5 لاکھ روپے کی رقم لے کر نکلا تھا کہ راستے میں دو موٹر سائیکلوں پر سوار چار مسلح ڈاکوؤں نے اسے روک لیا۔ شہری نے قریب واقع ایک بنگلے کا دروازہ کھلا دیکھا تو فوری طور پر اندر داخل ہوگیا، تاہم ملزمان بھی موٹر سائیکلیں چھوڑ کر بنگلے کے اندر گھس آئے اور لوٹ مار کی کوشش کی۔ واقعے کی سامنے آنے والی ویڈیو میں دیکھا جا سکتا ہے کہ بنگلے کے سکیورٹی گارڈ نے پہلے ہوائی فائرنگ کی اور پھر فرار ہونے والے ڈاکوؤں پر بھی فائر کیے۔ جس کے بعد ملزمان شہری سے رقم لوٹے بغیر ہی موقع سے فرار ہو گئے۔ پولیس کے مطابق 24 فروری کو پیش آنے والے اس واقعے میں ڈاکو فرار ہوتے وقت شناخت چھپانے کے لیے موٹر سائیکل سے اتر کر ایک گاڑی میں بھی سوار ہوئے۔ واقعے کی مختلف ویڈیوز کی مدد سے ملزمان کی شناخت اور گرفتاری کے لیے مزید تفتیش جاری ہے۔,N/A,24_news,10:40:AM
ٹیپو ٹرکاں والاکیس، مرکزی مجرم کی سزائے موت عمر قید میں تبدیل کرنے کا فیصلہ برقرار,"Feb 28, 2026",https://www.24urdu.com/28-Feb-2026/164016,سپریم کورٹ نے مجرم خرم اعجاز پرسے دہشت گردی کی تمام دفعات ختم کرتے ہوئے شریک ملزم سید احسن شاہ کی بریت کے خلاف اپیل بھی مسترد کر دی۔ جسٹس اشتیاق ابراہیم نے 9 صفحات پر مشتمل تفصیلی فیصلہ جاری کر دیا،فیصلے کے مطابق احسن شاہ کا نام ایف آئی آر میں نہیں تھا، شک کا فائدہ دے کر بریت کا فیصلہ درست ہے، ٹیپو ٹرکاں والا قتل کیس دہشت گردی نہیں بلکہ ذاتی دشمنی کا شاخسانہ ہے ،محض عوامی جگہ پر قتل ہونا دہشت گردی کے زمرے میں نہیں آتا۔ سپریم کورٹ نے فیصلے میں کہا کہ استغاثہ ٹیپو ٹرکاں والا کے قتل کا ٹھوس محرک ثابت کرنے میں ناکام رہا، قانون کے مطابق اگر قتل کی وجہ ثابت نہ ہو تو سزائے موت نہیں دی جا سکتی ۔ واضح رہے 20 جنوری 2010 کی شام لاہور ایئرپورٹ کے پارکنگ ایریا میں عارف امیر عرف ٹیپو ٹرکاں والا پر اندھا دھند فائرنگ ہوئی تھی بعد ازاں مرکزی ملزم خرم اعجاز کو موقع پر موجود مقتول کے ساتھیوں نے پکڑ کر پولیس کے حوالے کیا تھا۔ یہ بھی پڑھیں: ملزم خرم اعجاز کے مطابق ٹیپو ٹرکاں والا اس کے بھائی کے قاتلوں کی پشت پناہی کر رہا تھا ،تاہم مئی 2011 میں انسدادِ دہشت گردی عدالت نے خرم اعجاز کو 2 بار سزائے موت سنائی تھی بعد ازاں اکتوبر 2019 میں لاہور ہائی کورٹ نے سزائے موت کو عمر قید میں تبدیل جبکہ ملزم احسن شاہ کو بری کر دیا تھا۔,N/A,24_news,15:16:PM
نام نہاد محبت کے اسیر ذہنی مریض نے دلہن  بنی لڑکی کو شادی کے وقت گولی مار دی,"Feb 25, 2026",https://www.24urdu.com/25-Feb-2026/163748,پڑوسی ملک بھارت میں ریاست بہار میں شادی کے دوران دلہن کو ایک ذہنی مریض نے گولی مار دی۔ گولی مار کر ملزم بھرے منڈپ سے فرار ہونے میں کامیاب ہو گیا۔ فائرنگ کے واقعہ کی ویڈیو وائرل ہو گئی۔ بھارت کی رہاست بہار کے ضلع بکسار  میں ایک شادی کے دوران دلہن پر فائرنگ کا  دل خراش واقعہ پیش آیا، جس نے منڈپ میں موجود مہمانوں کے بعد سوشل پلیٹ فارم پر واقعہ کی ویڈیو دیکھنے والوں کو بھی خوفزدہ اور اداس  کر دیا۔ دلہن کی عمر صرف  18 سال ہے اور وہ اس وقت ہسپتال میں نازک حالت میں زیر علاج ہے۔ دلہن عارتی کمار شادی کی مذہبی رسوم ہونے کے بعد کے سٹیج پر اپنے دولہا کے ساتھ کھڑی مہمانوں سے مل رہی تھی۔اچانک ان کا پڑوسی دینبندھو مجمع سے نکل کر ان کے قریب اایا اور پسٹل سے گولی چلا دی۔ جلدی میں چلائی گئی گولی دلہن کے پیٹ میں لگی اور وہ سٹیج پر گر گئیں۔ پسٹل پر سائلنسر لگا ہونے کے باعث قریب موجود لوگوں میں سے کم کو پتہ چلا کہ کیا ہو گیا تاہم ایک ویڈیو بن رہی تھی، اس میں حملہ آور کو تیزی سے آگے آتے اور پسٹل سے گولی چلاتے اور مڑ کر بھاگتے دیکھا گیا، گولی ویڈیو کیمرے کے بالکل ۲قریب چلی اس لئے سائلنسر لگا ہونے کے باوجود شوٹنگ کی آواز کیمرے نے ریکارڈ کر لی۔ ????????بھارت میں شادی کی تقریب کے دوران سابقہ عاشق 18 سالہ دلہن کو اسٹیج پر گولی مار کر فرار، واقعہ دلہے اور دونوں خاندانوں کے سینکڑوں مہمانوں کے سامنے پیش آیا۔ پولیس نے معاملے کی تحقیقات شروع کر دیں۔ خوش قسمتی سے گولی 18 سالہ دلہن کے  گولی پیٹ میں لگی اور فوری طور پر اہل خانہ  نے انہیں صدر ہسپتال بکسار پہنچا دیا۔ڈاکٹروں   نے زخمی دلہن کو فوری طبی امداد دی اور انہیں فوراً وارانسی کے  زیادہ بہتر ہسپتال ک بھیج دیا۔ وارنسی کے ہسپتال میں  دلہن کی جان بچانے کی کوشش کی جا رہی ہے۔ یہ بھی پڑھیں: ابتدائی تحقیقات سے  معلوم ہوا کہ  ملزم نام نہاد محبت کے وہم میں مبتلا حاسد عاشق ذہنی مرض ہے جسے اپنے پڑوس میں رہنے والی لڑکی نے کبھی منہ نہیں لگایا تھا۔   نام نہاد محبت کے جنون میں مبتلا شخص نے دلہن کو شادی کے بعد بھرے منڈپ میں گولی مار ڈالی اور خود بھاگ گیا۔   دلہن کے اہل خانہ  نے پولیس کو بتایا کہ یہ شخص پہلے ان کی بیٹی  کی شادی پر اعتراض کر چکا تھا۔ پولیس نے نام نہاد عاشق کے خلاف اقدامِ قتل کا مقدمہ درج کر لیا ہے اور اس کی گرفتاری کے لئے چھاپے مار رہی ہے۔ پولیس امید ظاہر کر رہی ہے کہ اسے جلد گرفتار کر کے قانون کے کٹہرے میں لے آئیں گے۔ سوشل میڈیا پر اس واقعہ پر افسوس کا اظہار کیا جا رہا ہے اور زخمی دلہن کے ساتھ ہمدردی کا اظہار کیا جا رہا ہے۔,N/A,24_news,23:23:PM
لاہور: سسرالیوں کے مبینہ تشدد سے خاتون ہلاک,"Feb 27, 2026",https://www.24urdu.com/27-Feb-2026/163896,متوفیہ کی شناخت روبینہ کے نام سے ہوئی ہے، اہل خانہ نے واقعے کے خلاف کارروائی کے لیے پولیس کو درخواست دے دی ہے۔ درخواست گزار اور متوفیہ کے بھائی محمد شہباز کے مطابق روبینہ کی شادی ایک سال قبل طلال نامی شخص سے ہوئی تھی۔ انہوں نے الزام عائد کیا کہ گزشتہ روز سسرالیوں نے ان کی بہن کو مبینہ طور پر تشدد کا نشانہ بنا کر قتل کیا اور بعد ازاں دل کا دورہ پڑنے کا ڈرامہ رچایا۔ ان کا کہنا تھا کہ ملزمان نے خاموشی کے ساتھ روبینہ کی تدفین بھی کر دی۔ محمد شہباز نے مزید بتایا کہ ان کی بہن کے چہرے پر تشدد کے واضح نشانات موجود ہیں، جس سے شبہ ہے کہ موت طبعی نہیں بلکہ تشدد کے باعث واقع ہوئی۔ پولیس کے مطابق معاملے کی تحقیقات شروع کر دی گئی ہیں اور حقائق جاننے کے لیے قبر کشائی کی کارروائی کا آغاز کر دیا گیا ہے۔ حکام کا کہنا ہے کہ پوسٹ مارٹم رپورٹ کے بعد موت کی اصل وجوہات اور تشدد کی تصدیق ہو سکے گی۔ اگر تشدد ثابت ہوا تو محمد شہباز کی درخواست پر مقدمہ درج کیا جائے گا۔,N/A,24_news,11:51:AM
شیر گڑھ؛مبینہ ذہنی مریض باپ نے بیٹی کو ڈنڈے مار کر قتل کردیا,"Mar 08, 2026",https://www.24urdu.com/08-Mar-2026/164838,شیرگڑھ میں باپ کے ہاتھوں بیٹی کے قتل کا افسوسناک واقعہ محلہ پرائمری سکول شیرگڑھ میں پیش آیا۔ شور سن کر اہل محلہ دروازہ توڑ کر اندر داخل ہوئے توبچی چانن زاہرہ کمرے میں مردہ حالت میں پائی گئی۔ ملزم علی دانیال موقع سے فرارہوگیااوروالدہ آمنہ بی بی کی مدعیت میں واقعے کا مقدمہ درج کرلیاگیا،پولیس نے ملزم کی تلاش شروع کر دی ہے۔ یہ بھی پڑھیں: پولیس کے مطابق ملزم کچھ عرصے سے ذہنی مریض بتایا جاتا ہے،مقدمہ قتل کی دفعہ 302 کے تحت تھانہ شیرگڑھ میں درج کیاگیاہے۔,N/A,24_news,09:48:AM
بھارت میں 33 بچوں کے ریپ میں ملوث  جوڑے کو سزائے موت,"Feb 21, 2026",https://www.24urdu.com/21-Feb-2026/163322,بھارت کی ریاست اتر پردیش کے ضلع باندا میں خصوصی عدالت نے 33 کم سن بچوں سے جنسی زیادتی کے لرزہ خیز  معاملہ کی سماعت آخر مکمل کر لی۔ عدالت نے اس سنگین مجرمانہ سرگرمی میں مجرم پائے گئے مرد اور اس کی بیوی دونوں  کو سزائے موت سنا دی۔ عدالت نے اس کیس کو ’نایاب ترین جرم‘ قرار دیتے ہوئے کہا کہ ملزمان کے جرائم کی نوعیت اس قدر سنگین اور منظم تھی کہ اصلاح کی کوئی گنجائش باقی نہیں رہتی۔ یہ بھی پڑھیں: اتر پردیش کے ضلع باندا کی خصوصی عدالت نے رام بھاون اور اس کی اہلیہ درگاوَتی کو بچوں کے تحفظ کے قانون (POCSO ایکٹ) کی مختلف دفعات کے تحت مجرم قرار دیتے ہوئے سزائے موت سنائی ہے۔ دونوں پر 33 بچوں، جن میں بعض کی عمر صرف 3 سال تھی، کو جنسی تشدد کا نشانہ بنانے کا الزام ثابت ہوا۔ عدالت نے اپنے فیصلے میں ریاستی حکومت کو ہدایت کی کہ ہر متاثرہ بچے کو 10 لاکھ روپے بطور معاوضہ ادا کیے جائیں، جبکہ ملزمان کے گھر سے برآمد ہونے والی رقم بھی متاثرین میں برابر تقسیم کی جائے۔ سی بی آئی نے اکتوبر 2020 میں اس کیس کا اندراج کیا تھا۔ تحقیقات کے دوران انکشاف ہوا کہ ملزمان 2010 سے 2020 کے درمیان باندا اور چترکوٹ کے علاقوں میں سرگرم رہے۔ رام بھاون محکمہ آبپاشی میں جونیئر انجینئر تھا اور بچوں کو آن لائن گیمز، تحائف اور رقم کا لالچ دے کر ورغلاتا تھا۔ تحقیقات میں سامنے آیا کہ بعض متاثرہ بچوں کو شدید جسمانی چوٹیں آئیں اور کئی کو طویل عرصے تک اسپتال میں رہنا پڑا، جبکہ متعدد بچے ذہنی صدمے کا شکار ہیں۔ عدالت نے قرار دیا کہ جرم کا پھیلاؤ، درندگی اور منظم طریقہ کار اسے ’ریرسٹ آف دی رئیر‘ بناتا ہے۔ یہ بھی پڑھیں:بھارتی ریاست تریپورہ میں خاتون کی نیم جلی لاش برآمد، الزام بی جے پی رکن اسمبلی کے بھتیجے پر عائد سی بی آئی حکام کا کہنا ہے کہ بچوں کے جنسی استحصال کے مقدمات کو اولین ترجیح دی جا رہی ہے اور متاثرین کے حقوق کے تحفظ کے لیے ہر ممکن اقدام جاری رکھا جائے گا۔ آپ اور آپ کے پیاروں کی روزمرہ زندگی کو متاثر کرسکنے والے واقعات کی اپ ڈیٹس کے لیے واٹس ایپ پر وی نیوز کا ’آفیشل گروپ‘ یا ’آفیشل چینل‘ جوائن کریں,N/A,24_news,21:23:PM
کوئٹہ سے خطرناک ہیومن سمگلر گرفتار، افغانی نیٹ ورک کا حصہ ہونےکاانکشاف,"Feb 22, 2026",https://www.24urdu.com/22-Feb-2026/163395,(ویب ڈیسک) کوئٹہ میں ایک خطرناک ہیومن سمگلر کو  گرفتار کیا گیا ہے جس کے  بارے مین معلوم ہوا ہے کہ وہ افغان سمگلروں اور ایجنٹوں کے نیٹ ورک کا حصہ ہے۔ فیڈرل انویسٹی گیشن ایجنسی کے اینٹی ہیومن ٹریفکنگ سرکل کوئٹہ نے انسانی اسمگلنگ میں ملوث عناصر کے خلاف کامیاب کارروائی کرتے ہوئے ایک سب ایجنٹ کے ہمراہ افغان شہری بھی گرفتار کرلیے ہیں۔ ایف آئی اے حکام کے مطابق سب ایجنٹ ڈرائیور عرفان کو گرفتار کیا، جس کے ساتھ 8 افغان باشندے بھی پکڑے گئے ہیں، اس ضمن میں مرکزی ملزمان گل بدین اور غمائی کو بھی مقدمے میں نامزد کیا گیا ہے۔ یہ بھی پڑھیں: ایف آئی اے امیگریشن کی کارروائی، کمبوڈیا میں سرگرم انسانی اسمگلنگ نیٹ ورک کا ملزم گرفتار ایف آئی اے کے جاری کردہ اعلامیہ کے مطابق دونوں مرکزی ملزمان فرار ہونے میں کامیاب ہو گئے ہیں اور ان کی گرفتاری کے لیے کوششیں جاری ہیں۔ گرفتار کئے گئے ملزم کے قبضے سے ایک موبائل فون برآمد ہوا، جس سے واٹس ایپ چیٹس، تصاویر اور دیگر ریکارڈ حاصل کیے گئے ہیں، جو انسانی اسمگلنگ میں اس کے ملوث ہونے کے واضح شواہد فراہم کرتے ہیں۔ مزید پڑھیں: اس کارروائی میں استعمال ہونے والی گاڑی اور رکشہ کو بھی ایف آئی اے نے تحویل میں لے لیا ہے۔ ذرائع نے بتایا کہ گرفتار  ہونے والےسب ایجنٹ کے براہِ راست افغانستان میں موجود ایجنٹ تاج محمد اور کامل کے ساتھ رابطے ہیں اور وہ ایک بڑے سمگلنگ نیٹ ورک کا حصہ ہے۔۔ ملزم سے مزید تفتیش جاری ہے جبکہ دیگر ملزمان کی گرفتاری کے لیے چھاپے مارے جا رہے ہیں۔,N/A,24_news,15:46:PM
علیمہ خان کی ایک روزہ حاضری معافی کی درخواست منظور,"Feb 20, 2026",https://www.24urdu.com/20-Feb-2026/163165,علیمہ خان کی آج ایک روزہ حاضری معافی درخواست بھی منظورہوگئی۔ درخواست کے مطابق پہلے تاریخ 23 تھی پھر 20 ہوگئی ،علیمہ خان کو اس تبدیلی کا علم نہیں  جس پر عدالت نے حاضری معافی کی درخواست منظور کرتے علیمہ خان کو 23 فروری کو پیش ہونیکا حکم دے دیا۔ عدالت نے مقدمہ کے آخری دونوں گواہان اورتفتیشی افسران کو طلب کرتے ہوئے حکم دیاکہ  آئندہ تاریخ پرآخری دونوں گواہان پر جرح مکمل کی جائے، 26 نومبر احتجاج کیس کے دیگر تمام ملزمان کے بھی طلبی نوٹس جاری کئے گئے ہیں۔ یہ بھی پڑھیں: انسداد دہشت گردی عدالت کے جج امجد علی شاہ نے سماعت کی،پراسیکیوٹرکے مطابق چھبیس نومبر احتجاج کیس میں 16 گواہان  کے بیان اورجرح مکمل ہوچکی ہے اور آخری دو رہ گئے ہیں۔,N/A,24_news,12:52:PM
فرح گوگی اور احسن جمیل پر گوجرانوالہ میں فراڈ اور دھوکا دہی کا مقدمہ بن گیا,"Feb 18, 2026",https://www.24urdu.com/18-Feb-2026/162984,گوجرانوالہ کے تھانہ صدر میں آج ایک مقدمہ درج ہوا ہے جس مین ملزم فرحت شہزادی عرف فرح گوگی اور ان کے شوہر احسن جمیل گجر  ہیں۔ یہ مقدمہ فراڈ اور دھوکا دہی کی دفعات کے تحت مقدمہ درج کیا گیا۔ ایف آئی آر میں سابق صوبائی وزیر چوہدری اقبال گجر کو بھی نامزد کیا گیا ہے جو احسن جمیل گجر کے والد اور فرح گوگی کے سسر ہیں۔  یہ مقدمہ اقبال گجر اور احسن جمیل گجر کی بنائی ہوئی ہاؤسنگ سوسائٹی مین فراڈ سے متعلق ہے۔ ایف آئی آر میں چوہدری اقبال گجرکے بیٹے، بھائی اور بھتیجے بھی نامزد ہیں جبکہ سوسائٹی کے منیجر اور بعض ملازمین کو بھی ملزم نامزد کیا گیا ہے۔ یہ بھی پڑھیئے: ایف آئی آر کے مطابق ملزموں نے  گوجرانوالہ شہر کے نواح میں چن دا قلعہ کے قریب ایک ہاؤسنگ سوسائٹی 2005 میں بنائی۔کئی سال بعد جی ڈی اے سے اس سوسائٹی کی منطوری لی جب  پی ٹی آئی  کی حکومت تھی۔  ملزمان نے سوسائٹی میں پارک، اسکول اور قبرستان کے لیے مختص اراضی کو فروخت کر دیا۔ ایف آئی آر میں کہا گیا ہے کہ ملزمان نے جعلی دستاویزات تیار کرکے سرکاری اراضی فروخت کی۔ یہ بھی پڑھیئے:,N/A,24_news,21:22:PM
گوجرانوالہ: سابق وفاقی وزیر خرم دستگیر کے کزن کے گھرچوری کی بڑی واردات,"Feb 24, 2026",https://www.24urdu.com/24-Feb-2026/163552,تھانہ سیٹلائٹ ٹاؤن نے واردات کے بعد فوری کارروائی کرتے ہوئے ملازمہ کے خلاف مقدمہ درج کر لیا ہے۔ ایف آئی آر کے مطابق گھریلو ملازمہ7 لاکھ روپے نقد اور 24 لاکھ روپے مالیت کے زیورات لے کر فرار ہوئی ہے۔ پولیس کے مطابق چوری کی واردات ن لیگی رہنما خرم دستگیر کے کزن عاطف صابر خان کے گھر میں ہوئی۔ پولیس نے بتایا کہ ملزمہ کی تلاش جاری ہے اور واقعے کی مزید تحقیقات کی جا رہی ہیں۔ یہ بھی پڑھیں,N/A,24_news,09:08:AM
فیصل آباد؛ گھریلوناچاقی پر پولیس کانسٹیبل پھندے سے جھول گیا,"Feb 23, 2026",https://www.24urdu.com/23-Feb-2026/163443,متوفی کانسٹیبل عمر حیات جوڈیشل گارڈ پر تعینات تھااور ایک سال قبل لیڈی کانسٹیبل سے شادی ہوئی تھی۔ گھریلو ناچاقی پر لیڈی کانسٹیبل بیوی نے عمر حیات کیخلاف درخواست دی جس پرعمرحیات نے دل برداشتہ ہوکر چھت سے پھندا لیکر اپنی جان لے لی۔ یہ بھی پڑھیں: صدر پولیس نے ضروری کارروائی کے بعد لاش ورثاء کے حوالے کردی۔,N/A,24_news,09:02:AM
چار سدہ میں معمولی جھگڑے نے چار افراد قتل کروا دیئے,"Feb 22, 2026",https://www.24urdu.com/22-Feb-2026/163436,۔ پولیس سٹیشن بٹگرام کی حدود میں 2فریقین کے درمیان معمولی تنازعہ پر فائرنگ کا تبادلہ ہوا۔ اس فائرنگ کے نتیجہ میں چار افراد قتل ہو گئے۔ بتایا جا رہا ہے کہ جھگڑا گھریلو عورتوں میں ہوا تھا جو بڑھ کر مردوں مین پہنچ گیا۔ اس معمولی جھگڑے مین الجھ کر اطراف میں فائرنگ کا تبادلہ ہو گیا۔ فائرنگ کے نتیجے میں 4 افراد جان بحق ہوئے جن کی لاشیں ہسپتال منتقل کر دی گئی ہیں۔,N/A,24_news,23:26:PM
ایف آئی اے کی قانونی فارن کرنسی کیخلاف بڑی کارروائی،3ملزمان گرفتار,"Feb 25, 2026",https://www.24urdu.com/25-Feb-2026/163733,ترجمان ایف آئی اے  کے مطابق باغِ زہرہ اسٹریٹ پر ایف آئی اے کمرشل بینکنگ سرکل کی چھاپہ مار کارروائی کی جس میں ملزمان کے قبضے سے 19 ہزار 800 امریکی ڈالر برآمد ہوئے،تین موبائل فونز سے ہنڈی حوالہ کے ڈیجیٹل شواہد حاصل کئے گئے۔ْ ترجمان کے مطابق گرفتار ملزمان میں سابق ایکسچینج کمپنی ملازمین شامل ہیں،دورانِ تفتیش غیر قانونی کاروبار میں ملوث ہونے کا اعتراف بھی کیا جبکہ مزید تفتیش  جاری ہے۔ ترجمان ایف آئی اے قومی معیشت کو نقصان پہنچانے والوں کے خلاف گھیرا تنگ  کرکے ہنڈی حوالہ نیٹ ورک کے خلاف بلاامتیاز کارروائیاں جاری ہیں۔ ترجمان نے مزید بتایا غیر قانونی فارن کرنسی کاروبار میں ملوث عناصر قانون کی گرفت میں ہیں ،انہوں نے ایف آئی اے کمرشل بینکنگ سرکل کراچی کی کامیاب کارروائی قرار دی ہے۔,N/A,24_news,21:18:PM
بھارت میں سابق شوہر کے ہاتھوں 30 سالہ سافٹ ویئر انجینئر خاتون قتل,"Feb 20, 2026",https://www.24urdu.com/20-Feb-2026/163161,بھارتی میڈیا کے مطابق ملزم نے مقتولہ کو متعدد بار چھرا گھونپا اور پھر پھولدان سے سر پر وار کیا، جس کے نتیجے میں وہ موقع پر ہی جان سے چلی گئی۔ پولیس کا کہنا ہے کہ یہ قتل مقتولہ کی دوسری شادی اور سابق شوہر کے خلاف درج مقدمات کے سبب ذاتی رنجش کی بنیاد پر کیا گیا۔ ملزم مہیش مبینہ طور پر 2 تیز دھار ہتھیار لے کر اپارٹمنٹ میں داخل ہوا اور اس نے سنیتا پر حملہ کر دیا۔ جوڑے کی شادی 2022ء میں ہوئی تھی اور 2024ء میں باہمی رضا مندی سے طلاق ہو گئی تھی، سنیتا نے اپریل 2025ء میں دوسری شادی کر لی تھی۔ پولیس کا خیال ہے کہ ملزم کو ان کی علیحدگی، دوسری شادی اور گھریلو تشدد کے مقدمے کی وجہ سے رنجش تھی۔ پولیس کے مطابق مہیش نے سوشل میڈیا کے ذریعے سنیتا کا رہائشی پتہ معلوم کیا، 2 ماہ قبل حیدرآباد پہنچا اور قریبی ہاسٹل میں قیام کیا۔ قتل کے بعد پولیس نے فوری کارروائی کرتے ہوئے ملزم کو اپارٹمنٹ کے قریب سے گرفتار کر لیا۔ اس کے پاس 2 چھریاں، ڈرل مشین اور 5 لیٹر پیٹرول سے بھرا کین بھی ملا ہے۔ مقتولہ کے شوہر کی شکایت میں کہا گیا ہے کہ سنیتا 3 ماہ کی حاملہ تھی، ملزم کے خلاف قتل کا مقدمہ درج کر کے تحقیقات کا آغاز کر دیا گیا ہے۔,N/A,24_news,12:35:PM
اوباڑو رونتی کچہ میں مزید 8 ڈاکوؤں نے ہتھیارڈال دیئے,"Feb 23, 2026",https://www.24urdu.com/23-Feb-2026/163445,ترجمان پولیس کے مطابق گزشتہ ایک ماہ کے دوران 45 سے زائد ڈاکو سرنڈرکرچکے ہیں اورکچے کا 90 فیصد علاقہ واگزار کروالیاگیاہے۔ ایس ایس پی گھوٹکی محمد انور کھیتران اور ڈپٹی کمشنر گھوٹکی منظور احمد کنرانی نے کچے کے علاقے دورہ کیا ہے۔ یہ بھی پڑھیں: ڈپٹی کمشنر گھوٹکی کاکہناہے کہ کچے میں جلد سکول اور میڈیکل کیمپ قائم کیا جائے گا۔,N/A,24_news,09:14:AM
ریسرچ کے کام کے لئے لاہور آیا ہوا، کینیڈین شہری اغوا ہو گیا,"Feb 22, 2026",https://www.24urdu.com/22-Feb-2026/163401,لاہور میں کینڈین شہری حمزہ احمد ریسرچ کے لئے لاہور میں موجود  تھا۔ کینڈین شہری حمزہ احمد اپنے دوست کے گھر ڈیفنس فیز 10 میں  رہ رہاتھا۔ پولیس نے حمزہ احمد کے دوست یوسف رشید کے بیان پر اغوا کا مقدمہ درج کیا ہے۔ حمزہ کے دوست مدعی شاہد یوسف کا کہنا ہے کہ حمزہ احمد 13 فروری کو پاکستان پہنچا تھا۔ حمزہ ایک آن لائن ایپ سے کیب بک کرکے باہر گیا مگر واپس نہیں آیا۔ ڈی آئی جی آپریشن لاہور محمد فیصل کامران نے کہا ہے کہ اغوا کی اس شکایت پر تحقیقات جاری ہیں۔ یہ بھی پڑھیئے:,N/A,24_news,16:43:PM
اوکاڑہ  میں ریٹائرڈ  پولیس محرر کے بیٹے کے قتل کا معمہ حل ہوگیا، چھ قاتل گرفتار,"Feb 21, 2026",https://www.24urdu.com/21-Feb-2026/163336,تھانہ صدر اوکاڑہ کے ریٹائرڈ محرر کے بیٹے کے قتل کیس میں آج اہم پیش رفت  ہوئی ہے، پولیس نے مقتول کے قریبی دوست کو اور اس کے 4 ساتھیوں کو  گرفتار کرلیا ہے۔ قتل کے مقدمے  کی تفتیش کرتے کرتے پولیس نے  مقتول کے قریبی دوست پر ہاتھ ڈال دیا اور اس کے چار ساتھیوں کو بھی پکڑ کر تحویل میں لے لیا۔ 6 روز  پہلے مقتول فرحان بیگ کی رسیوں سے بندھی لاش نہر لوہر باری دوآب سے برآمد  تھی۔ اس لاش پر تشدد کے نشان نمایاں تھے۔ پتہ چلا کہ یہ پولیس کے ایک ریٹائرڈ محرر  کے بیٹے فرحان بیگ   کی لاش ہے جو گھر سے غائب تھا۔ پولیس کی  خصوصی تحقیقاتی  ٹیم نے تفتیش کی تو  کچھ شواہد نے مقتول کے ایک قریبی دوست کی طرف اشارہ کیا، پولیس نے خاموشی سے مزید تحقیقات کی اور آج اس شخس کو  حراست میں لیا  جو مقتول کا قریبی دوست تھا اور جو بظاہر ورثاء کے ساتھ  مقتول کی تلاش میں مصروف تھ۔ اس شخص کا نام معظم ہے۔  تحقیقات سے جڑے پولیس اہلکاروں کا کہنا ہے کہ اس شخص پر ابتدا مین ہی شبہ ہو گیا تھا لیکن پولیس نے اچھی طرح حقائق کو کھوجنے میں مزید کئی دن صرف کئے۔ اس دوران ملزم پر نظر بھی رہی اور اسے اندازہ بھی نہین ہونے دیا گیا کہ اس کی گرفتاری نزدیک ہے۔ پولیس ٹیم نے اس کی حرکات و سکنات پر نظر رکھنے کے بعد  اسے حراست میں لے کر تفتیش کی تو اس نے  اپنے ساتھیوں کی مدد سے دوست کے قتل کا اعتراف کرلیا۔ پولیس کے مطابق ملزم نے رنجش کی بنا پر مرزا فرحان بیگ کو تشدد کا نشانہ بنا کر قتل کیا اور بعد ازاں لاش کو رسیوں سے باندھ کر نہر میں بہا دیا۔ پولیس نے ملزم سے تفتیش کے بعد مختلف مقامات پر چھاپے مار کر مرکزی ملزم سمیت پانچ افراد کو گرفتار کرلیا ہے، ان  سب سے اب مزید   تفتیش کی جا رہی ہے اور مزید اہم انکشافات کی توقع کی جا رہی ہے۔,N/A,24_news,23:24:PM
کوہاٹ میں مسلح افراد کی فائرنگ سے لیڈی ڈاکٹر جاں بحق,"Feb 22, 2026",https://www.24urdu.com/22-Feb-2026/163432,واقعہ کوتل ٹاؤن شپ ڈبل روڈ پر پیش آیا جہاں نامعلوم افراد نے فائرنگ کردی جس کی زد میں آکر لیڈی ڈاکٹر موقع پر ہی دم توڑ گئی۔ پولیس بھی واقعہ کے بعد جائے وقوع پر پہنچ گئی جس کا کہنا تھا کہ مقتولہ ڈی ایچ کیو ہسپتال میں تعینات تھی جسے ڈیوٹی کے بعد گھر جاتے ہوئے فائرنگ کا نشانہ بنایا گیا جب کہ ملزمان فرار ہو گئے۔ علاوہ ازیں پولیس نے مقتولہ کی لاش پوسٹ مارٹم کے لیے مقامی ہسپتال منتقل کردی جب کہ فرار ملزمان کی تلاش جاری ہے۔,N/A,24_news,22:40:PM
ریڈ زون میں ہنگامہ آرائی کا کیس، پی ٹی آئی رہنما ضمانت پر رہا,"Feb 19, 2026",https://www.24urdu.com/19-Feb-2026/163028,انسداد دہشت گردی عدالت اسلام آباد میں پی ٹی آئی رہنماؤں کے خلاف ریڈ زون میں ہنگامہ آرائی کے کیس کی سماعت ہوئی،انسداددہشت گردی عدالت کے جج ابوالحسنات محمد ذوالقرنین نے کیس پر سماعت کی۔ عدالت نے ملزمان ایم این اے شفقت اعوان ، ایم این اے عمر اسلم ،ایم پی اے رفعت شاہ، سرفراز ڈوگر، ملک اسد اور طیب راشد کی ضمانت بعداز گرفتاری منظور کر لی۔ عدالت نے دس دس ہزار روپے کے مچلکوں کی عوض ضمانت منظور کی، ملزمان کے خلاف دہشت گردی اوراقدام قتل سمیت 11 دفعات کے تحت مقدمہ درج ہے۔ یہ بھی پڑھیں: ملزمان پر ہنگامہ آرائی،پولیس اہلکاروں پر فائرنگ،اسلحہ چھیننے اور سنگین نتائج کی دھمکیاں دینے کے الزامات ہیں،مقدمے میں کہا گیا کہ ملزمان نے سرکاری گاڑیوں کو نقصان پہنچایا اور خوف وہراس کی فضا قائم کی۔,N/A,24_news,11:21:AM
منشیات سمگلنگ کیخلاف ANF کا کریک ڈاؤن ،6 ملزمان گرفتار,"Feb 23, 2026",https://www.24urdu.com/23-Feb-2026/163450,کارروائیوں کے دوران 23 لاکھ روپے سے زائد مالیت کی 21 کلوگرام منشیات برآمد کی گئی۔ ترجمان اے این ایف کے مطابق  علامہ اقبال انٹرنیشنل ایئر پورٹ پر ایک مرد اور خاتون کے جوتوں سے 800 گرام آئس اور 600 گرام چرس برآمد کر لی گئی اور دونوں ملزمان کو حراست میں لے لیا گیا۔ اسی طرح کراچی بس ٹرمنل کے قریب ایک ملزم سے 8 کلوگرام چرس برآمد کر کے اسے گرفتار کر لیا گیا۔ چونگی نمبر 26 کے قریب ایک گاڑی سے 5.4 کلوگرام چرس برآمد ہوئی جبکہ ملزم کو موقع پر ہی گرفتار کر لیا گیا۔ مزید برآں شیر شاہ ٹول پلازہ کے قریب ایک سٹیل الماری سے 5 کلوگرام چرس برآمد کر کے ملزم کو حراست میں لے لیا گیا۔ اسلام آباد موٹر وے ٹول پلازہ کے قریب گاڑی کی تلاشی کے دوران 1.2 کلوگرام چرس اور 50 گرام آئس برآمد ہوئی، جس پر متعلقہ ملزم کو گرفتار کر لیا گیا۔ تمام کارروائیوں میں گرفتار ملزمان کے خلاف  منشیات ایکٹ کے تحت مقدمات درج کر کے تحقیقات کا آغاز کر دیا گیا ہے۔,N/A,24_news,09:39:AM
کراچی میں پلاٹ کے تنازع پر فائرنگ ، راہگیر بچے سمیت 2 افراد جاں بحق,"Feb 17, 2026",https://www.24urdu.com/17-Feb-2026/162831,پولیس کے مطابق فائرنگ کرنے والے تین ملزمان موٹرسائیکل ملزمان فرار ہو گئے۔ فائرنگ سے جاں بحق افراد کی شناخت طحہ شاہ اور شہروم کے ناموں سےہوئی۔ پولیس کا کہنا ہے کہ ملزمان طحہ کو مارنےآئےتھے،شہروم راہگیر اور آٹھویں جماعت کا طالب علم تھا۔ شہروم کے اہلخانہ نے حکومت سے انصاف کی فراہمی کی اپیل کی ہے جبکہ پولیس نے واقعے کا مقدمہ درج کر کے مزید تحقیقات کا آغاز کر دیا ہے۔,N/A,24_news,11:51:AM
کراچی میں مبینہ پولیس مقابلے،4 ملزمان گرفتار,"Feb 14, 2026",https://www.24urdu.com/14-Feb-2026/162505,ڈسٹرکٹ سٹی کے علاقے گارڈن میں شاہین فورس سے فائرنگ کے تبادلے میں یونس  نامی ملزم زخمی حالت میں گرفتار ہوا، جس سے پستول برآمد ہوا، ملزم کو سول ہسپتال منتقل کردیا گیا۔ ڈسٹرکٹ سینٹرل کے علاقے خواجہ اجمیر نگری میں مقابلے کے دوران اکبر علی ولد لیاقت علی کو زخمی حالت میں گرفتار کرلیا گیا۔ ایس ایس پی سینٹرل ڈاکٹر محمد عمران خان کے مطابق ملزم سے 9 ایم ایم پستول برآمد ہوا۔ ڈسٹرکٹ ویسٹ میں اورنگی ٹاؤن اور پاکستان بازار کے علاقوں میں مبینہ پولیس مقابلوں میں محمد وقار اور سلمان نامی ملزمان کو زخمی حالت میں گرفتار کیا گیا۔ ایس ایس پی ویسٹ طارق الٰہی مستوئی کے مطابق ملزمان سے اسلحہ، موبائل فونز اور نقدی رقم برآمد ہوئی ہے۔ گرفتار ملزمان کا سابقہ کریمنل ریکارڈ چیک کیا جارہا ہے۔,N/A,24_news,10:35:AM
کراچی میں جیولری شاپ کی دیوارتوڑکر30کروڑ کا سونا چرالیا گیا,"Feb 16, 2026",https://www.24urdu.com/16-Feb-2026/162746,"رپورٹ کے مطابق اورنگی ٹاؤن میں نامعلوم ملزمان 606 تولے سونا اور 25 لاکھ روپے کے ہیرے لے اڑے، واردات ڈسٹرکٹ ویسٹ کے اقبال مارکیٹ تھانے کی حدود میں معروف جیولری شاپ پر کی گئی۔ متاثرہ تاجر ایوب خان نے واردات کا مقدمہ اقبال مارکیٹ تھانے میں درج کرا دیا، جیولر ایوب خان کے مطابق 12 تاریخ کی شب جیولری شاپ معمول کے مطابق بند تھی،14 تاریخ کی صبح کاریگروں نے دکان کھولی تو باکس خالی نکلے، دکان کے پیچھے جا کر دیکھا تو دیوار ٹوٹی ہوئی تھی,ذاتی سونے سے بنا ہوا 7 ہزار 64 گرام سامان غائب تھا جبکہ کچھ ہیرے اور دیگر سامان بھی غائب تھا جس کی مالیت 25 لاکھ روپے بنتی ہے۔ جیولری شاپ میں واردات کی سی سی ٹی وی فوٹیج میں ملزمان کو دیوار توڑ کر جیولری شاپ میں داخل ہوتے اور متعدد کوششوں کے بعد اندر داخل ہوتے دیکھا جا سکتا ہے،ایک شخص اندر داخل ہوا اور سی سی ٹی وی کیمرے کو ڈھانپ دیا ۔ ذرائع کے مطابق مبینہ طور پر واردات کئی گھنٹے تک ہوتی رہی۔ وزیر داخلہ سندھ ضیاء الحسن لنجار نے ایس ایس پی ویسٹ سے واقعہ کی فوری اور مفصل رپورٹ طلب  کرتے ہوئے کہاہے کہ واردات میں ملوث عناصر کی فوری گرفتاری اور لوٹے گئے مال کی برآمدگی کے لیے خصوصی ٹیمیں تشکیل دی جائیں، سی سی ٹی وی فوٹیجز، فرانزک شواہد اور دیگر تکنیکی ذرائع کو بروئے کار لاکر ملزمان تک ہر صورت رسائی حاصل کی جائے۔ وزیر داخلہ سندھ کاکہناہےکہ شہر میں جیولری مارکیٹس اور حساس تجارتی مراکز کی سیکیورٹی مزید مؤثر اور سخت بنائی جائے، ایسے جرائم میں ملوث عناصر کے خلاف بلا امتیاز اور سخت قانونی کارروائی عمل میں لائی جائے گی۔ پولیس کے مطابق واردات پرنس جیولرز پر کی گئی ،جائے وقوعہ سے شواہد جمع کرکے مزید تحقیقات شروع کردی گئی ہیں۔",N/A,24_news,15:27:PM
لاہور میں حاملہ خاتون کو ریپ کرنے والے دو افراد گرفتار,"Feb 15, 2026",https://www.24urdu.com/15-Feb-2026/162641,(24نیوز) لاہور میں  پولیس نے ایک کیٹرنگ کمپنی کی ملازم حاملہ خاتون کو ریپ کرنے والے دو افراد کو  جوہر ٹاؤن سے گرفتار کر لیا ہے۔ متاثرہ خاتون ایک کیٹرنگ کمپنی میں ویٹر س کی حیثیت سے کام کرتی تھی۔ اس  کیٹرنگ کمپنی کے مالک نے خاتون ملازمہ  کو  کام کے بہانے سے ڈیفنس روڈ پر واقع ایک گھر میں بلایا۔ وہاں اس نے اپنے ساتھی کے ساتھ مل کر خاتون کو  ریپ کیا۔ ایس پی ماڈل ٹاؤن شہربانو نقوی کنے بتایا ہے کہ پولیس نے جدید ٹیکنالوجی کا استعمال کرتے ہوئے ان دونوں ملزموں کو جوہر ٹاؤن کے علاقے سے ٹریس کر کے گرفتار کیا۔ ان کے خلاف تھانہ کاہنہ میں مقدمہ درج کر لیا گیا ہے۔ ایس پی شہربانو نقوی نے واضح کیا کہ خواتین کا استحصال کرنے والے کسی رعایت کے مستحق نہیں ہیں اور ملزمان کو قرار واقعی سزا دلوائی جائے گی۔ یہ بھی پڑھیں: یہ بھی پڑھیں:,N/A,24_news,16:33:PM
ایبٹ آباد؛یونیورسٹی میں تصادم،ایک طالب علم جاں بحق،2 شدید زخمی,"Feb 11, 2026",https://www.24urdu.com/11-Feb-2026/162222,تصادم کے بعد طلبہ ساتھیوں نے لاش شاہراہ ریشم پر رکھ کر احتجاج کیا ،پولیس نے موقع پر مزاکرات کیے جس کے بعد لاش اور زخمیوں کو حویلیاں ہسپتال منتقل کیا گیا۔ پولیس نے تفتیش شروع کر دی ملزمان کی گرفتاری کیلئے چھاپے مارے جا رہے ہیں۔,N/A,24_news,19:35:PM
قتل کے مقدمے میں عدالت نے مجرم کو سزائے موت,"Feb 11, 2026",https://www.24urdu.com/11-Feb-2026/162242,سزا ایڈیشنل سیشن جج افشاں اعجاز صوفی نے سنائی،مجرم عبداللہ کو 10 لاکھ روپے ہرجانے کی بھی سزا دی گئی۔ پولیس کے مطابق  مجرم نے مئی 2024 میں تھانہ چکلالہ کے علاقے میں غیرت کے نام پر فائرنگ کر کے ایک شہری کو قتل کیا تھا۔ پولیس نے بتایا کہ ٹھوس شواہد اور مقدمے کی مؤثر پیروی کے پیش نظر عدالت نے مجرم کو قرار واقعی سزائیں سنائیں۔,N/A,24_news,22:39:PM
کراچی :ملائیشیا جانیوالا مسافر اور ایجنٹ گرفتار,"Feb 14, 2026",https://www.24urdu.com/14-Feb-2026/162512,مسافرنے تھائی لینڈ کے وزٹ ویزے کی آڑ میں ملائشیا جانا تھا،کنسلٹنٹ ایجنٹ نے جعلی نکاح نامے پرجوڑے کو ترکیہ کا وزٹ ویزا لگو اکر دیا۔ کراچی ائرپورٹ پرکارروائی میں تھائی لینڈ کے وزٹ ویزے پرجانے والے ایازخان کو گرفتار کیا گیا۔ ملزم کو بشیر نامی ایجنٹ نے دس لاکھ روپے کے عوض تھائی لینڈ سے غیرقانونی سرحدی راستے سے ملائیشیا پہنچانا تھا۔ دوسری کارروائی میں اے ایچ ٹی سی سرکل ٹیم شاہراہ فیصل سے سید اعجاز احمد نامی کنسلٹنٹ ایجنٹ کوگرفتار کیا۔ ملزم کی گرفتاری ترکیہ جانے والے مبینہ میاں بیوی مسافروں کی نشاندہی پر کی گئی۔ ملزم رقم کےعوض جعلی نکاح نامے پرصوبیہ اورکاشف نامی مسافروں کو میاں بیوی ظاہر کرکے ترکی کا ویزا لگوا کر دیا،گرفتارملزمان کے خلاف مذید کارروائی جاری ہے۔,N/A,24_news,11:42:AM
نارنگ منڈی میں بچوں نے اپنے باپ پر پٹرول چھڑک کر آگ لگا دی,"Feb 12, 2026",https://www.24urdu.com/12-Feb-2026/162347,نارنگ منڈی باپ کو تشویشناک حالت میں ہسپتال منتقل کیا گیا پر وہ زخموں کی تاب نہ لاتے ہوئے چل بسا ۔ نارنگ منڈی پولیس نے بھائی کی مدعیت میں بچوں اور بیوی کے خلاف مقدمہ درج  کرلیا ۔ پولیس تفتیش کا آغاز کرلیاہے جبکہ تاحال وجہ معلوم نہ ہوسکی۔,N/A,24_news,20:13:PM
26نومبر احتجاج؛ علیمہ خان کے ناقابل ضمانت وارنٹ گرفتاری برقرار,"Feb 13, 2026",https://www.24urdu.com/13-Feb-2026/162401,علیمہ خانم کے وکیل محمد فیصل ملک پیش ہوئے تھے ،انسداد دہشت گردی کی خصوصی عدالت کے جج  امجد علی شاہ کے رخصت پر ہونے کے باعث سماعت بغیر کاروائی کے ملتوی ہوئی۔ عدالت نے ناقابل ضمانت وارنٹ گرفتاری جاری کر کے علیمہ خان کو طلب کیا تھا اور آج آخری 2 گواہان تفتیشی افسران پر جرح مکمل کی جانے تھی۔ یہ بھی پڑھیں: علیمہ خان کے ناقابل ضمانت وارنٹ گرفتاری اور آئندہ تاریخ پر علیمہ خان کو گرفتار کر کے پیش کرنے کا حکم بھی برقرار رکھا گیا۔,N/A,24_news,11:37:AM
خیرپور ھنگورجا ؛ نافرمان بیٹے نے فائرنگ کر کے ماں کو قتل کر دیا,"Feb 13, 2026",https://www.24urdu.com/13-Feb-2026/162408,پولیس نے جائے وقوعہ پر پہنچ کر لاش ہسپتال منتقل کر کے نافرمان بیٹے کو گرفتار کرلیا۔ پولیس کے مطابق واقعہ گھریلو ناچاقی کا نتیجہ ہے،اس حوالے سے مزید تفتیش جاری ہے۔ ملزم عزیزاحمد سہتو نے جھگڑے کے دوران فائرنگ کی، جس سے والدہ موقع پر دم توڑ گئیں۔ یہ بھی پڑھیں: پولیس جائے وقوعہ پر پہنچ کر شواہد اکٹھے کر رہی ہے، کیس کی مختلف پہلوؤں سے جانچ جاری ہے اور قانونی کارروائی مکمل کی جا رہی ہے۔,N/A,24_news,12:04:PM
علیمہ خان کی حاضری معافی کی درخواست مسترد، پھر وارنٹ گرفتاری جاری,"Feb 16, 2026",https://www.24urdu.com/16-Feb-2026/162730,راولپنڈی میں 26نومبر احتجاج کے تھانہ صادق آبادمیں درج کیس کی سماعت ہوئی، انسداد دہشت گردی عدالت کے جج سید امجد علی شاہ نے کیس کی سماعت کی۔ انسداد دہشت گردی عدالت نے علیمہ خان کی حاضری معافی کی درخواست مسترد کرتے ہوئےان کے ایک بار پھر وارنٹ گرفتاری جاری کردیئے اورکہاکہ علیمہ خان کو پولیس گرفتار کر کے عدالت میں پیش کرے ۔ وکیل صفائی نے دو دن کی حاضری معافی کی درخواست دائر کی تھی جس میں استدعاکی گئی تھی کہ علیمہ خان بانی پی ٹی آئی کی صحت کے حوالے سے مصروف ہیں ۔ یہ بھی پڑھیں: عدالت نے درخواست پر محفوظ فیصلہ سناتے ہوئے درخواست خارج کر دی اور سماعت کل تک ملتوی کردی۔,N/A,24_news,13:08:PM
راولپنڈی:نجی کالج کے قریب 35 سالہ خاتون کی لاش برآمد,"Feb 16, 2026",https://www.24urdu.com/16-Feb-2026/162716,خاتون کی تاحال شناخت میں نہیں ہو سکی اور بظاہر جسم پر زخم کا نشان بھی نہیں، پولیس اور فرانزک ماہرین موقع پر پہنچ گئے۔ ایس ایچ او طیب ظہیر بیگ کے مطابق شواہد اکھٹے کرکے لاش کو پوسٹ مارٹم کے لیے اسپتال منتقل کیا جائے گا۔,N/A,24_news,11:18:AM
شاہ محمود قریشی کو جیل سے عدالت میں پیش کرنے کی درخواست دائر,"Feb 13, 2026",https://www.24urdu.com/13-Feb-2026/162400,درخواست میں وکلاء کی جانب سے مؤقف اختیارکیاگیاہے کہ شاہ محمود قریشی کی عبوری ضمانت پر سماعت ہے ،عبوری ضمانت کیلئے ملزم کا پیش ہونے لازمی ہے ۔ وکلاء کی جانب سے استدعاکی گئی ہے کہ شاہ محمود قریشی کو جیل سے پیش کیا جائے ۔ یہ بھی پڑھیں: واضح رہے کہ شاہ محمود قریشی نے گرفتاری سے پہلے سے عبوری ضمانتیں دائر کر رکھی ہیں۔,N/A,24_news,11:22:AM
مردوں کا بھیس بدل کر نوکری کرنے والی افغان لڑکی گرفتار,"Feb 11, 2026",https://www.24urdu.com/11-Feb-2026/162191,"(ویب ڈیسک)افغانستان کے صوبہ ہلمند میں طالبان فورسز نے مردانہ لباس پہن کر کام کرنے والی  لڑکی کو گرفتار کر لیا۔ غیر ملکی میڈیا رپورٹس کے مطابق 13 سالہ نوریہ نامی لڑکی گزشتہ 3 سال سے ""نور احمد"" کے نام سے ایک کیفے میں ملازمت کر رہی تھی،سوشل میڈیا پر وائرل ویڈیو میں نوریہ نے بتایا کہ والد کے انتقال کے بعد وہ اپنے خاندان کی واحد کفیل تھی اور شدید غربت کے باعث مردانہ لباس پہن کر کام کرنے پر مجبور ہوئی۔ اس کا کہنا تھا کہ اس نے اپنی شناخت چھپانے کی کوشش کی تاہم آخرکار اس کا راز فاش ہوگیا اور اسے حراست میں لے لیا گیا۔ یہ واقعہ ایسے وقت میں سامنے آیا ہے جب طالبان کے دوبارہ اقتدار میں آنے کے بعد افغانستان میں خواتین کی تعلیم، ملازمت اور نقل و حرکت پر سخت پابندیاں عائد ہیں۔ سرکاری و نجی شعبوں میں خواتین کے کام کرنے پر قدغنوں کے باعث ہزاروں خواتین روزگار سے محروم ہوچکی ہیں۔ نوریہ کی گرفتاری نے سوشل میڈیا پر شدید ردعمل کو جنم دیا ہے اور ایک بار پھر افغان خواتین کو درپیش مشکلات  کو اجاگر کر دیا ہے۔",N/A,24_news,14:23:PM
نو مئی جلاؤ گھیراؤکیسز؛ پی ٹی آئی رہنماؤں کی عبوری ضمانت میں توسیع,"Feb 13, 2026",https://www.24urdu.com/13-Feb-2026/162393,انسداد دہشت گردی عدالت کے جج ارشد جاوید نے سماعت کی،سابق وفاقی وزیر فواد چوہدری نے انسداد دہشت گردی عدالت میں پیش ہو کر حاضری مکمل کروائی،سابق وفاقی وزیر اسد عمر ، علیمہ خانم، عظمیٰ خانم ، اعظم خان سواتی عدالت میں پیش نہیں ہوئے۔ سابق وفاقی وزیر اسد عمر ، علیمہ خانم، عظمیٰ خانم ،اور اعظم خان سواتی کی جانب سے وکلاء نے ایک روزہ حاضری معافی کی درخواست دائر کی۔ یہ بھی پڑھیں: ملزمان نے مسلم لیگ ن کا آفس جلانے سمیت دیگر مقدمات میں عبوری ضمانت دائر کر رکھی ہے۔,N/A,24_news,10:11:AM
سوشل میڈیا پر اسلحہ کی نمائش کرنیوالا ٹک ٹاکر گرفتار,"Feb 12, 2026",https://www.24urdu.com/12-Feb-2026/162293,پولیس ذرائع کے مطابق فیصل آبادمیں اللہ دتہ نامی ٹک ٹاکر نے ہوائی فائرنگ کرنے کی ویڈیو  سوشل میڈیا پر اپ لوڈ کی تھی۔ ویڈیو وائرل ہونے پر پولیس حکام نے ملزم کی گرفتاری کا حکم دیا،روشن والا پولیس نے ملزم گرفتار کرکے پسٹل برآمد کرلیا۔ پولیس نے ملزم کیخلاف مقدمہ درج کرکے مزید کارروائی کا آغاز کردیا۔ یہ بھی پڑھیں:,N/A,24_news,12:12:PM
راجن پور میں انکاؤنٹر، تین خطرناک ڈاکو گرفتار,"Feb 12, 2026",https://www.24urdu.com/12-Feb-2026/162356,(24نیوز) رحیم یار خان پولیس اور ملٹری انٹیلی جنس نے راجن پور کے پہاڑی علاقے میں آپریشن کر کے دو خطرناک ڈاکوؤں کو گرفتار کر لیا۔ گرفتار کئے گئے ڈاکوؤں میں ایک گل حسن ہے جس کی گرفتاری پر ایک کروڑ روپے ککا انعام مقرر ہے۔  دوسرے دو ڈاکو گل حسن لولائی کے ساتھی جھاگڑ اور فاروق ہیں۔ پولیس حکام نے بتایا کہ ان ڈاکوؤں کا تعلق لولائی گینگ سے ھے۔ گرفتار ہونے والے ڈاکوؤں کے قبضے سے راکٹ لانچر سمیت ملٹری گریڈ کا اسلحہ برآمد ہوا ہے۔ ایس ایس پی عرفان علی سموں نے کہا کہ ان ڈاکؤں کا گرفتار ہونا بڑی کامیابی ہے۔ انہوں نے بتایا کہ کچے کے علاقہ میں سختی بڑھنے کے بعد یہ ڈاکو وہاں سے فرار ہو کر راجن پور کے پہاڑی علاقہ میں آ گئے تھے۔ پولیس پارٹی نے ان کا پیچھا کیا، انکاؤنٹر ہوا، جس میں گھیرے میں آ کر یہ تینوں ڈاکو پکڑے گئے۔ ان سے خطرناک ملٹری گریڈ اسلحہ بھی برآمد ہوا۔,N/A,24_news,21:36:PM
انسدادِ دہشت گردی روابط کیس، پی ٹی آئی رہنماؤں پر فرد جرم عائد,"Feb 09, 2026",https://www.24urdu.com/09-Feb-2026/161916,انسدادِ دہشت گردی عدالت اسلام آباد میں پی ٹی آئی رہنما رؤف حسن اور احمد وقاص جنجوعہ کے خلاف دہشت گردوں سے روابط کے کیس کی سماعت ہوئی،کیس کی سماعت انسدادِ دہشت گردی عدالت کے جج طاہر عباس سپرا نے کی جس میں رؤف حسن اور احمد وقاص جنجوعہ پر فرد جرم عائد کردی گئی جبکہ ملزمان کی جانب سے صحتِ جرم سے انکار کیا گیا ہے۔ عدالت میں رؤف حسن اور عائشہ خالد ایڈووکیٹ عدالت میں پیش ہوئے جہاں عدالت نے کیس کی اگلی سماعت پر استغاثہ کے گواہان کو طلب کرلیا ہے۔ بعد ازاں کیس کی مزید سماعت 23 فروری تک ملتوی کردی گئی۔,N/A,24_news,10:47:AM
باغبانپورہ میں نوجوان پتنگ پکڑتے ہوئے چھت سے گر کر جاں بحق,"Feb 06, 2026",https://www.24urdu.com/06-Feb-2026/161635,پولیس کے مطابق نوجوان کٹی پتنگ پکڑنے کی کوشش میں چھت سے گرااوردم توڑ گیا۔ پولیس نے قانونی کارروائی کے بعد لاش ورثا کے حوالے کر دی ہے۔ یہ بھی پڑھیں: واقعہ عقب شالیمار باغ باغبانپورہ گلی نمبر 18 میں پیش آیا۔,N/A,24_news,16:18:PM
لاہور میں بیٹی سے ملنے آیا شہری اغوا کے بعد قتل,"Feb 10, 2026",https://www.24urdu.com/10-Feb-2026/162114,پولیس حکام کا کہنا ہے کہ گرین ٹاؤن سے اغوا ہونے والے شہری کی لاش قصور سے برآمد ہوئی، مقتول امانت علی ہارون آباد سے بیٹی کو ملنے لاہور آیا تھا۔ پولیس کا کہنا ہے کہ مغوی 6 فروری کو بیٹی کے گھر سے کھانا کر نکلا مگر واپس نہ آیا۔ اغوا کا مقدمہ 6 فروری کو تھانہ گرین ٹاؤن مین بیٹی کی مدعیت میں درج کیا گیا جبکہ مغوی کی لاش ضلع قصور کے علاقے کھڈیاں والا سے ملی۔ تفتیشی حکام کا کہنا ہے کہ متعلقہ علاقے کی پولیس نے شناخت نہ ہونے پر لاش کی تدفین کردی تھی، قتل سمیت دیگر پہلوؤں سے تفتیش شروع کردی گئی ہے۔,N/A,24_news,19:51:PM
فیض حمید کے بھائی کو بڑا ریلیف، عدالت نے گرفتاری روک دی,"Feb 07, 2026",https://www.24urdu.com/07-Feb-2026/161710,اسلام آباد ہائیکورٹ نے فراڈ کیس میں سابق ڈی جی آئی ایس آئی فیض حمید کے بھائی نجف حمید کو بڑا ریلیف دیتے ہوئے سپیشل جج سینٹرل کے فیصلے پر آئندہ سماعت تک کارروائی معطل کر دی، جبکہ عدالت نے نجف حمید کی گرفتاری سے بھی روک دیا۔ عدالت نے نجف حمید کی درخواست پر نوٹس جاری کرتے ہوئے متعلقہ فریقین سے جواب طلب کر لیا اور کیس کی سماعت ملتوی کر دی۔ واضح رہے کہ سپیشل جج سینٹرل نے 16 جنوری کو نجف حمید کی ضمانت قبل از گرفتاری سے متعلق فیصلہ واپس لینے کی ایف آئی اے کی درخواست منظور کی تھی، جس کے بعد نجف حمید نے ضمانت منسوخی کے خلاف اسلام آباد ہائیکورٹ سے رجوع کیا تھا اورسپیشل جج سینٹرل کی جانب سے 24 جنوری کو سنائے گئے ضمانت منسوخی کے فیصلے کو چیلنج کیا تھا۔ یہ بھی پڑھیں: گزشتہ سماعت میں سابق ڈی جی آئی ایس آئی فیض حمید کے بھائی نجف حمید کی ضمانت بحالی کی درخواست پر اسلام آباد ہائیکورٹ کے جسٹس راجا انعام امین منہاس کے روبرو ایف آئی اے فراڈ کیس کی سماعت کے دوران نجف حمید عدالت میں موجود تھے، جہاں عدالت نے نجف حمید کی ضمانت بحالی کی درخواست پر نوٹس جاری کیے تھے۔,N/A,24_news,10:09:AM
بانی پی ٹی آئی کی توشہ خانہ کیس کے ٹرائل کیخلاف درخواستیں سماعت کیلئے مقرر,"Feb 07, 2026",https://www.24urdu.com/07-Feb-2026/161737,چیف جسٹس یحییٰ آفریدی کی سربراہی میں دو رکنی بنچ 9 فروری کودرخواستوں پر سماعت کرے گا۔ جسٹس شاہد بلال حسن دو رکنی بنچ کا حصہ ہوں گے،ٹرائل کورٹ نے بانی پی ٹی آئی کو تین سال قید کی سزا سنائی تھی۔ یہ بھی پڑھیں: اسلام آباد ہائیکورٹ نے بانی پی ٹی آئی کی سزا معطل کردی تھی،ٹرائل کورٹ میں قانونی تقاضے پورے نہ کرنے کو سپریم کورٹ میں چیلنج کیا گیا۔,N/A,24_news,14:20:PM
ٹک ٹاکرثناء یوسف قتل کیس ،مزید 2 گواہوں کا بیان ریکارڈ,"Feb 10, 2026",https://www.24urdu.com/10-Feb-2026/162052,ڈسٹرکٹ اینڈ سیشن کورٹس اسلام آباد میں ٹک ٹاکر ثناء یوسف کے قتل کے کیس پرایڈیشنل ڈسٹرکٹ اینڈ سیشن جج محمد افضل مجوکہ نے سماعت کی ۔ سرکاری وکیل راجہ نوید حسین کیانی عدالت میں پیش ہوئے،عدالت میں استغاثہ کے مزید 2 گواہوں  کا بیان ریکارڈکیاگیا۔ سرکاری وکیل راجہ نوید حسین کیانی نے کہاکہ ہماری کوشش ہے اگلی سماعت پر تفتیشی کے علاوہ تمام شہادتیں ریکارڈ ہو جائیں، عدالت وکلاء صفائی کو ہدایت کرے کہ وہ گواہان پر جرح کریں۔ یہ بھی پڑھیں: جج افضل مجوکہ نے کہاکہ کیس کی اگلی سماعت میں استغاثہ کے بقیہ گواہان کی شہادت قلمبند کی جائے گی۔ عدالت نے کیس کی مزید سماعت 17 فروری تک ملتوی کر دی۔,N/A,24_news,12:37:PM
پیکا ایکٹ میں ترمیم کے خلاف درخواستیں سماعت کے لیے مقرر,"Feb 07, 2026",https://www.24urdu.com/07-Feb-2026/161719,6 فروری 2025 کو متنازع پیکا ایکٹ میں ترمیم کو چیلنج کرنے کو ایک سال مکمل ہو گیا اورپیکا ایکٹ میں ترمیم کے خلاف صحافتی تنظیموں کی درخواستیں 9 فروری کو سماعت کے لیے مقرر ہوگئیں۔ جسٹس راجہ انعام امین منہاس 9 فروری کو سماعت کریں گے،رجسٹرار آفس نے کیس کی سماعت کی کاز لسٹ جاری کر دی۔ عدالت نے وفاق سمیت تمام فریقین کو ایک سال قبل نوٹس جاری کیا تھا، پی ایف یو جے کے وکیل کے کیس میں دلائل جاری ہیں،پی ایف یو جے،اسلام آباد ہائی کورٹ جرنلسٹس ایسوسی ایشن اور اینکر ایسوسی ایشن نے درخواست دائر کر رکھی ہے۔ یہ بھی پڑھیں: پی ایف یو جے دستور گروپ اور پوٹھوہار جرنلسٹس ایسوسی ایشن نے بھی درخواستیں دائر کر رکھی ہیں۔,N/A,24_news,11:38:AM
ایمان مزاری اور ہادی علی چٹھہ نے ٹرائل کورٹ کا فیصلہ چیلنج کر دیا,"Feb 07, 2026",https://www.24urdu.com/07-Feb-2026/161751,ایمان مزاری اور ہادی علی چٹھہ نےدرخواست میں مؤقف اپنایا ہےکہ ٹرائل کورٹ نے قانونی تقاضے پورے نہیں کئے،کیس ٹرانسفر کی درخواست ہائیکورٹ میں زیرالتوا ہوتے ہوئےبھی فیصلہ دے دیا گیا،کیس ٹرانسفر کی درخواست زیر التوا ہونے پر قانونی طور فیصلہ نہیں سنایا جا سکتا۔ ایمان مزاری اور ہادی علی چٹھہ کا مؤقف ہےکہ حق دفاع ختم کرکے ٹرائل کورٹ نے شفافیت کو نظر اندازہ کیا ، ٹرائل کورٹ جاتے ہوئے تشدد کرکے گرفتا رکیا گیا، اپیل کےمطابق ویڈیو لنک حاضری کے وقت ٹرائل کورٹ نے تشدد کے الزام کا کوئی جائزہ نہیں لیا۔ یہ بھی پڑھیں: سوال اٹھایا گیا ہے کہ بغیر فائل کے کیسے جیل سے ویڈیو لنک کے ذریعے جرح ہو سکتی تھی ؟ اسلام آباد ہائیکورٹ سے چوبیس جنوری کا ٹرائل کورٹ کا فیصلہ کالعدم قرار دینے اور ضمانت پر رہائی کی استدعا کی گئی ہے۔,N/A,24_news,16:01:PM
رجب بٹ کی عبوری ضمانت میں تیس مارچ تک توسیع,"Feb 10, 2026",https://www.24urdu.com/10-Feb-2026/162031,سیشن عدالت وسطی میں شعائر اسلام کی بے حرمتی کرنے کے مقدمے کی سماعت ہوئی،عبوری ضمانت پر رہا ملزم یوٹیوبر رجب بٹ عدالت میں پیش ہوئے۔ وکیل مدعی نے کہاکہ ہمارا مؤقف تھا کہ ساڑھے آٹھ کا ٹائم ہے لیکن ملزم ساڑھے نو بجے پیش ہوئے، ملزم کی ضمانت منسوخ کی جائے، ہماری شواہد دینے کے حوالے سے پوری تیاری تھی لیکن ملزم کے وکیل پیش نہیں ہوئے۔ ٹیم وکلاء رجب بٹ نے کہاکہ ملزم کے وکیل میاں علی اشفاق آفیشل چھٹیوں پر ہیں۔ عدالت نے اظہار برہمی کرتے ہوئے کہاکہ پہلے بھی وکیل پیش نہیں ہوئے تھے ،کوئی باقاعدہ درخواست جمع کروائی جائے۔ یہ بھی پڑھیں: ملزم کے وکلاء کی جانب سے سماعت ملتوی کرنے کی درخواست کی گئی جسے منظور کرلیا گیا اورملزم کی عبوری ضمانت میں تیس مارچ تک کے لئے توسیع کردی گئی ۔ ملزم رجب بٹ نے عدالت سے عبوری ضمانت حاصل کی تھی،ملزم کے خلاف تھانہ حیدری مارکیٹ میں مقدمہ درج ہوا تھا۔,N/A,24_news,10:12:AM
احتجاج کرنیوالے پی ٹی آئی کارکنوں کے خلاف مقدمہ درج,"Feb 10, 2026",https://www.24urdu.com/10-Feb-2026/162060,مقدمہ پولیس کی مدعیت میں تھانہ گلبرگ میں درج کیا گیاجس میں توڑ پھوڑ ، سڑک بلاک ، اشتعال انگیزی اور کار سرکار میں مداخلت کی دفعات شامل ہیں۔ ایف آئی آر کے مطابق موقع پر مزید نفری بلاکر 7 افراد کو گرفتار کرلیا گیا،گرفتار افراد میں عرفان ، حبیب ، عبد الرحمان ، احسان رسول ، حافظ مشتاق رسول شامل ہیں۔ یہ بھی پڑھیں: پولیس کے مطابق سڑک بلاک کرکے احتجاج کرنے والے مزید افراد کی نشاندہی جاری ہے۔,N/A,24_news,12:56:PM
کراچی، 200 تولہ سونا اور ڈالر چھیننے کا واقعہ، متاثرہ شہری کا بیان سامنے آگیا,"Feb 06, 2026",https://www.24urdu.com/06-Feb-2026/161612,اپنے بیان میں متاثرہ شہری نے کہا کہ پولیس کا 200 تولہ سونا ریکور کرنے کا بیان غلط ہے، صرف 10 فیصد سونا ملا ہے اور 90 فیصد سونا ڈاکو لے گئے ہیں۔ انہوں نے بتایا کہ گھر کی پارکنگ میں گاڑی کھڑی کررہا تھا کہ ایک موٹر سائیکل پر 3 ڈاکو آئے، ڈاکو 200 تولہ سونا اور ایک لاکھ ڈالر لے گئے۔ یہ بھی پڑھیں واضح رہے کہ کراچی کے علاقے بہادر آباد میں ڈکیتی کی واردات میں ڈاکو گھر سے 200 تولہ سونا اور ایک لاکھ امریکی ڈالر لوٹ کر فرار ہوگئے تھے۔ بعد ازاں پولیس نے تقریباً تمام ہی زیوارت ریکور کرنے کا دعویٰ کرتے ہوئے کہا تھا کہ امریکی ڈالرز ملزمان لے گئے ہیں۔ خیال رہے کہ اس سے قبل بھی شہر قائد میں بڑی ڈکیتی کی واردات رپورٹ ہوئی  جہاں نامعلوم ملزمان شہری سے 5 کروڑ 94 لاکھ روپے لوٹ کر فرارہوگئے،اس حوالے سے پولیس کا کہنا تھا کہ کراچی کے علاقے بہادر آباد میں نامعلوم ملزمان نے بلڈر سے گاڑی سمیت 5 کروڑ 94 لاکھ روپے کی رقم چھین لی، واقعے کا مقدمہ بہادرآباد تھانے میں متاثرہ بلڈر راحیل کی مدعیت میں درج کرلیا گیاتھا۔ مزید پڑھیں پولیس کے مطابق متاثرہ بلڈر کا کہنا ہے کہ وہ اپنے دفتر سے گاڑی میں رقم لے کر نکلا تھا کہ ناہید سپر سٹور کے قریب ایک کار میری گاڑی کے آگے آگئی، کار میں دو ملزمان موجود تھے جبکہ دو ملزمان الگ الگ موٹر سائیکل پر سوار تھے، ملزمان نے اسلحہ کے زور پر مجھے اور میرے ڈرائیور کو گاڑی سے اتارا اور رقم سمیت گاڑی لے کر فرار ہوگئے۔,N/A,24_news,12:35:PM
ایمان مزاری کو آئندہ سماعت پر بذریعہ ویڈیو لنک پیش کرنے کا حکم,"Feb 07, 2026",https://www.24urdu.com/07-Feb-2026/161732,انسداد دہشت گردی عدالت میں دہشت گردی کے مقدمے میں ایمان مزاری کے جوڈیشل ریمانڈ کی سماعت ہوئی، جوڈیشل ریمانڈ مکمل ہونے کے باوجود انہیں عدالت میں پیش نہیں کیا گیا۔ انسداد دہشت گردی عدالت کے ابوالحسنات محمد ذوالقرنین نے کیس پر سماعت کی،پولیس کی جانب سے سیکیورٹی وجوہات کی بنیاد پر ایمان مزاری اور ہادی علی کو عدالت میں پیش نہ کیا گیا۔ عدالت نے ایمان مزاری کو آئندہ سماعت پر بذریعہ ویڈیو لنک پیش کرنے کا حکم دے دیا۔ یہ بھی پڑھیں: ایمان مزاری اوردیگر کیخلاف پولیس کیساتھ لڑائی جھگڑے اور تشدد کا الزام ہے،ایمان مزاری اور ہادی علی چٹھہ کی حد تک سماعت 19 فروری تک ملتوی کردی گئی۔,N/A,24_news,13:25:PM
اوکاڑہ میں کانسٹیبل کی فائرنگ، ایس ایچ اوزخمی، ملزم کو گرفتار کر لیا گیا,"Feb 09, 2026",https://www.24urdu.com/09-Feb-2026/161900,واقعہ کے بعد کانسٹیبل موقع سے فرار ہو گیا تھا، جس کے بعد پولیس نے اس کی گرفتاری کے لئے خصوصی ٹیمیں تشکیل دے دی تھیں۔ ٹیموں نے ملزم کانسٹیبل کو ڈرامائی انداز میں گرفتار کر لیا، ڈی پی او محمد راشد ہدایت نے بتایا کہ ملزم کو تفتیش کے لئے حوالات میں منتقل کر دیا گیا ہے۔ ایس پی انویسٹی گیشن ملک داؤد کی سربراہی میں ایک ٹیم واقعے کے اصل حقائق سامنے لانے کے لئے کام کر رہی ہے۔ ذرائع کے مطابق ایس ایچ او ستگھرہ کے پیٹ میں فائر لگنے کے بعد انہیں فوری طبی امداد کے لئے ہسپتال منتقل کیا گیا۔ جہاں ڈی پی او محمد راشد ہدایت نے خود جا کر عیادت کی اور ڈاکٹر سے طبی سہولیات کا جائزہ لیا۔ پولیس نے ملزم کانسٹیبل عبداللہ کے خلاف اقدام قتل کی دفعات کے تحت مقدمہ درج کر کے تفتیش کا آغاز کر دیا جبکہ محکمانہ کارروائی بھی جاری ہے۔ پولیس کے مطابق تحقیقات مکمل ہونے کے بعد واقعہ کے اصل محرکات اور حقائق سامنے آئیں گے۔,N/A,24_news,09:29:AM
رینالہ خورد  میں کانسٹیبل کی فائرنگ سے زخمی ہونے والا ایس ایچ او دم توڑ گیا,"Feb 10, 2026",https://www.24urdu.com/10-Feb-2026/162123,رینالہ خورد  کے ستگھرہ تھانہ کے ایس ایچ او  سب انسپکٹر محمد طارق کو سب انسپکٹر نے گولی مار دی تھی۔ ان کو پیٹ میں گولی لگی تھی۔ وہ دو روز تک ٹیچنگ ہسپتال ساہیوال میں زیر علاج رہے۔  دو روز پہلے سرجری کرکے گولی نکال لی گئی تھی۔ مقتول  ایس ایچ او محمد طارق کا تعلق بصیرپور سے تھا۔ یہ واقعہ تھانہ ستگھرہ کی حدود میں دو روز قبل پیش آیا۔  کانسٹیبل عبداللہ نے فائرنگ کر کے ستگھرہ کے ایس ایچ او محمد طارق کو اس وقت زخمی کر دیا جب وہ گشت پر تھے۔اوکاڑہ پولیس کا کہنا ہے کہ واقعے کے بعد کانسٹیبل عبداللہ موقع سے فرار ہو گیا تھا، تاہم بعد ازاں اسے گرفتار کر لیا گیا۔,N/A,24_news,21:31:PM
پتنگ بازی کے ساتھ ناچ گانا، پولیس کے چھاپے کے دوران نوجوان چھت سے گر کر زخمی,"Feb 06, 2026",https://www.24urdu.com/06-Feb-2026/161654,علاقہ کے لوگوں نے الزام لگایا ہے کہ پولیس گرفتار کرنے کے لئے آئی تھی۔ پولیس کی گرفتاری کے دوران  مبینہ طور پر نوجوان چھت سے گر کر شدید زخمی ہوا۔ 25سالہ سعد ساہیوال کا رہائشی تھا۔ راوی روڑ  کی گلی نمبر 38میں پتنگ بازی کی جا رہی تھی ۔ عینی شاہدین کے مطابق پتنگ بازی کے ساتھ ناچ گانا ہو رہا  تھا۔عینی شاہدین  نے بتایا کہ  پولیس  گرفتار کرنے پہنچ گئی  تو  ایک نو جوان پولیس کے خوف سے  تیسری منزل سے گر کر زخمی  ہو گیا۔ نزخمی کو  طبی امداد کیلئے میو ہسپتال منتقل کر دیا گیا۔ پولیس کا کہنا ہے کہ اس معاملے کی تحقیقات کی جارہی ہیں۔ یہ بھی پڑھیئے:,N/A,24_news,19:35:PM
جوا پروموشن کیس:یوٹیوبرڈکی بھائی کی اہلیہ عروب جتوئی کی عبوری ضمانت میں توسیع,"Feb 11, 2026",https://www.24urdu.com/11-Feb-2026/162170,عدالتی سماعت کے دوران عروب جتوئی اپنے وکلا کےہمراہ عدالت میں پیش ہوئیں،کیس کی سماعت کے دوران تفتیشی افسر نے عدالت سے استدعا کی کہ ملزمہ عروب جتوئی کے موبائل کا فرانزک  کروانا ہے۔ عدالت نےاین سی سی آئی اے کے تفتیشی افسرکی استدعا منظور کرلی،ملزمہ کے وکیل نے استدعا کی کہ موبائل فرانزک کی رپورٹ ایک دو ہفتوں میں نہیں آتی، رمضان کے بعد کی تاریخ دی جائے۔ جج منصور قریشی نےسماعت 24 مارچ تک ملتوی کرتے ہوئے ہدایت کی کہ ملزمہ آئندہ اپنی حاضری یقینی بنائے عبوری ضمانت میں حاضری معافی اب نہیں ملے گی،ملزمہ کے خلاف این سی سی آئی اے نے مقدمہ درج کر رکھا ہے۔ یہ بھی پڑھیں,N/A,24_news,10:56:AM
ہسپتال میں مبینہ طور پر غلط انجیکشن لگنے سے خاتون جاں بحق,"Feb 02, 2026",https://www.24urdu.com/02-Feb-2026/161138,پولیس کے مطابق بیٹے نے الزام عائد کیا ہے کہ ڈاکٹرز نے غفلت برتی، انجیکشن لگاتے ہی ماں کی موت ہوگئی،ورثا نے لاش رکھ کر اسپتال عملہ کے خلاف احتجاج کرتے ہوئے کارروائی کا مطالبہ کیا ہے۔ دوسری جانب ڈاکٹر کا مؤقف ہے کہ  خاتون کی موت ہارٹ اٹیک سے ہوئی ہے۔ پولیس کے مطابق مزید حقائق پوسٹ مارٹم رپورٹ میں سامنے آئیں گے ۔,N/A,24_news,11:08:AM
اڈیالا جیل میں منشیات کے مقدمے میں قید ملزم ہسپتال میں چل بسا,"Feb 05, 2026",https://www.24urdu.com/05-Feb-2026/161498,(ویب ڈیسک)راولپنڈی کی اڈیالا جیل میں منشیات کے مقدمے میں قید ایک شخص ہسپتال میں انتقال کر گیا۔ جیل ذرائع کے مطابق قیدی کو صحت کی خرابی کے باعث راولپنڈی انسٹی ٹیوٹ آف کارڈیالوجی منتقل کیا گیا تھاجہاں، دورانِ علاج وہ دم توڑ گیا۔ یہ بھی پڑھیں: ذرائع کا کہنا ہے کہ مرنے والا شخص چکوال کا رہائشی تھا اور اسے تھانہ ڈوڈیال میں درج مقدمے میں گرفتار کیا گیا تھا۔,N/A,24_news,12:24:PM
عمر ایوب اور شبلی فراز کو ایک بار پھر توہین عدالت کا نوٹس جاری,"Feb 04, 2026",https://www.24urdu.com/04-Feb-2026/161402,انسداد دہشت گردی کی خصوصی عدالت نے 27 فروری کےلئےنوٹس جاری کیا ہے۔ یہ بھی پڑھیں: عمر ایوب اور شبلی فراز کے خلاف نازیبا الفاظ ٹویٹ کرنے کا الزام تھا۔,N/A,24_news,16:06:PM
ڈور پتنگیں بھی دو، رشوت بھی دو، تمہاری پتنگوں کا بار کوڈ نہیں ہے، شکاری پولیس اہلکار خودشکارہوگئے,"Feb 04, 2026",https://www.24urdu.com/04-Feb-2026/161439,شہریوں سے پتنگیں اور رشوت لینے پر مقدمہ درج  ہونے کا واقعہ لاہور کے تھانہ گجرپورہ میں ہوا ہے۔ ایف آئی آر کمیں لکھا ہے کہ تھانہ گجر پورہ کے اے ایس آئی امجد، مرتضیٰ، نصیر احمد اور کانسٹیبل عرفان نے عثمان، سفیان اور سبحان کو گڈیاں پتنگیں لے کر جاتے ہوئے روکا اور بار کوڈ  نہ ہونے کی وجہ سے ڈرا دھمکا کر ان سے  رشوت کا مطالبہ کیا۔ پولیس کے ان اہلکاروں نے شہریوں سے 56 ہزار روپے رشوت لی اور اس کے ساتھ ان سے سو سو گڈے بھی اینٹھ لئے، مطالبات پورے ہونے پر ان شہریوں کو چھوڑ دیا۔ پولیس اہلکاروں کی شہریوں کو ڈرا دھمکا کر ان سے گڈے پتنگیں اور نقد پیسے ہتھیانے کی  گفتگو  متاثرہ شہریوں نے سوشل پلیت فارم پر اپ لوڈ کر دی۔ یہ معاملہ فوراً ہی وائرل ہو گیا اور رشوت خور پولیس اہلکاروں کو لینے کے دینے پڑ گئے۔ سینئیر پولیس حکام نے معاملہ کا نوٹس لیا اور ان رشوت خور اہلکاروں کے اپنے تھانے تھانہ گوجر پورہ مین ان کے خلاف مقدمہ درج ہو گیا۔ یہ متاثرہ شہریوں کی بجائے ڈی ایس پی گجرپورہ نعیم انور کی مدعیت میں درج ہوا ہے اور ایف آئی آر میں دفعہ 155/C کے ساتھ دیگر سنگین مجرمانہ حرکتوں کی دفعات کے تحت درج کیا گیا۔,N/A,24_news,22:20:PM
فیض حمید کے بھائی کے اثاثے آمدن سے زیادہ؛ انکوائری شروع، بیرون ملک جانے پر پابندی,"Jan 28, 2026",https://www.24urdu.com/28-Jan-2026/160628,سابق ڈی جی آئی فیض حمید کے بھائی کے خلاف کرپشن کیس  کے ساتھ اب آمدن سے زیادہ اثاثے رکھنے کی انکوائری بھی شروع ہو گئی۔ ذمہ دار ذرائع کے مطابق  انکوائری ایف آئی اے اینٹی کرپشن سیل نے شروع کی ہے۔ زرائع  نے بتایا کہ نجف حمید کے حوالے سے تمام اداروں سے تفصیلات  مانگ لی گئی ہیں۔  ایف آئی  اے نے سٹیٹ بینک سے نجف حمید کے تمام بینکوں میں  بینک اکاؤنٹس کی تفصیلات طلب کی ہیں۔ زرائع  نے بتایا کہ اس تحقیقات کے دوران  نجف حمید کو ملک سے فرار ہونے سے روکنے کے لئے اس  کا نام پی آئی این ایل میں بھی شامل کر دیا گیا ہے۔ کرپشن کی تحقیقات کے دوران  اراضی سکینڈل کے کیس میں اس کی عبوری ضمانت منسوخ ہو چکی ہے۔ ضمانت منسوخ ہونے کے بعد سے نجف حمید روپوش ہے۔ نجف کی گرفتاری کے لئے ایف آئی اے کے چھاپے  جاری  ہیں۔ یہ بھی پڑھیئے: یہ بھی پڑھیئے:,N/A,24_news,21:21:PM
دس سالہ بچے کے گلے پر  پتنگ اڑانے والی ڈور پھر گئی,"Jan 31, 2026",https://www.24urdu.com/31-Jan-2026/160886,دس سالہ بچے مصطفی آفندی کو گلے پر معمولی کٹ لگا معلوم ہواہے کہ یہ  بچہ  ویلنشیا ٹاؤن ایل بلاک پارک میں دوستوں کےکھیل کود رہا تھا۔ محمد مصطفی آفندی کے گلے پر کھیلتے ہوئے  ڈور پھر گئی ۔ یہ واقعہ جمعہ کی شام سات بجے ہوا جب اندھیرا ہو چکا تھا۔  یہ بچہ  خوش قسمتی سے زیادہ زخم آنے سے محفوظ رہا ہے۔,N/A,24_news,00:01:AM
نو مئی مقدمات؛پی ٹی آئی رہنماؤں کی ضمانت کیس کی سماعت ملتوی,"Jan 31, 2026",https://www.24urdu.com/31-Jan-2026/160943,پی ٹی آئی رہنما اعجاز چوہدری کی چار مقدمات میں ضمانت پر سماعت ہوئی،ان کے وکلاء نے ضمانتوں پر دلائل کیلئے مہلت طلب کی جس پرعدالت نے مزید سماعت 11 فروری تک ملتوی کرتے ہوئے کہاکہ پولیس آئندہ سماعت پر مقدمات کا ریکارڈ پیش کرے ۔ انسداد دہشت گردی عدالت کے جج منظر علی گل نے سماعت کی،اعجاز چوہدری نے اپنے وکیل میاں علی اشفاق کی وساطت سے جناح ہاؤس اور عسکری ٹاور حملہ کے کیسز میں ضمانت دائر کی ہے۔ ملزم نے مغلپورہ اور جناح ہاؤس کے قریب پولیس کی گاڑیاں جلانے کے مقدمہ میں بھی ضمانت دائر کی ہے،مغلپورہ میں پولیس کی گاڑیاں جلانے کے مقدمہ میں شریک ملزمان کی ضمانت منظور ہو چکی ہےاسی بنیاد پر اعجاز چوہدری نے ضمانتیں دائر کی ہیں۔ یہ بھی پڑھیں: اعجاز چوہدری سانحہ نو مئی کے مرکزی ملزمان میں سے ایک ہیں،ان پر کارکنان کو جلاؤ گھیراؤ پر اکسانے کا الزام ہے،اعجاز چوہدری کو نو مئی کے 7 مقدمات میں سزا ہو چکی ہے۔,N/A,24_news,13:13:PM
لیہ میں چھاپے کی ویڈیو بنانے پر پولیس اہلکار کی فائرنگ، نوجوان جاں بحق,"Feb 01, 2026",https://www.24urdu.com/01-Feb-2026/161027,عینی شاہدین کے مطابق چھاپے کے دوران 20 سالہ نوجوان نوید اکرم نے موبائل فون سے ویڈیو بنانے کی کوشش کی، جس پر سب انسپکٹر نے مبینہ طور پر طیش میں آ کر فائرنگ کر دی۔ واقعے کے بعد اہلِ علاقہ نے سب انسپکٹر سجاد بشیر اور اہلکار محمد رضا کو قابو میں لے لیا۔ تاہم، اطلاع ملنے پر پولیس کی بھاری نفری موقع پر پہنچی اور دونوں اہلکاروں کو چھڑا کر لے گئی۔ جاں بحق نوجوان کے ورثا نے پولیس اہلکاروں کے خلاف قتل کا مقدمہ درج کرنے کا مطالبہ کیا ہے۔,N/A,24_news,09:58:AM
رحمان ڈکیت کا بیٹا گرفتار,"Feb 02, 2026",https://www.24urdu.com/02-Feb-2026/161208,پولیس کے مطابق ملزم کی شناخت جبران ولد عبدالرحمان عرف رحمان ڈکیت کے نام سے ہوئی ہے،لزم عادی پیشہ ور ہے اور اس سے قبل بھی متعدد مقدمات میں گرفتار ہو کر جیل جا چکا ہے۔ ملزم کے خلاف تھانہ کالاکوٹ میں دھماکہ خیز مواد ایکٹ کے تحت مقدمہ درج کر لیا گیا ہے۔ ملزمان کے خلاف مزید قانونی کارروائی جاری ہے۔,N/A,24_news,22:15:PM
سندھ رینجرزکی گلشن حدید میں خفیہ اطلاعات پر کارروائی، 3 ملزمان گرفتار,"Feb 01, 2026",https://www.24urdu.com/01-Feb-2026/161035,رینجرز حکام کے مطابق گرفتارملزمان میں آصف علی، محمد یعقوب اورمحمد عرفان شامل ہیں جبکہ ملزمان کےقبضے سے 2 موٹرسائیکلیں،موبائل فونز، پاسپورٹ، شراب اورنقدی برآمد کر لی گئی ہے۔ رینجرز حکام کا مزید کہنا تھا کہ ملزمان کراچی کے مختلف علاقوں میں وارداتوں میں ملوث تھے،ملزمان سی سی ٹی وی فوٹیج میں ملزمان واضح طور پر نظر آتے ہیں۔ انہون نے مزید آگاہ کرتے ہوئے بتایا ملزمان عادی مجرم کے خلاف مختلف تھانوں میں متعدد ایف آئی آرز درج ہیں جبکہ گرفتار ملزمان کو مزید قانونی کارروائی کیلئے پولیس کے حوالے کر دیا گیا ہے۔,N/A,24_news,10:31:AM
بچی کےساتھ زیادتی؛ دو مرتبہ بری ہونے والے مجرم کو اپیل میں عمر قید کی سزا,"Jan 31, 2026",https://www.24urdu.com/31-Jan-2026/160985,لاہور ہائی کورٹ کے راولپنڈی ڈویژن بینچ نے 9 سالہ بچی کے ریپ کیس کا فیصلہ سناتے ہوئے زیادتی کے دو مرتبہ بری  قرار دیئےگئے مجرم کو بری کرنے کا زیریں عدالت کا فیصلہ  کالعدم قرار دیتے ہوئے ، مجرم کو عمر قید کی سزا دے دی اور اسے عدالت میں ہی ہتھکڑی لگوا دی۔ اس سے پہلے ہائی کورٹ نے مظلوم بچی کی بیوہ والدہ کی پیٹیشن پر  سماعت کر کے سیشن عدالے کے مجرم کو بری کرنے کا حکم منسوخ کر کے کیس کی دوبارہ سماعت کرنے کا حکم دیا تھا۔ سیشن جج نے دوبارہ سماعت کی تو اس مجرم کو  پھر بری کر دیا۔اس مرتبہ عدالت عالیہ نے خود عمر قید سزا سنا دی، ہائی کورٹ نے بریت کا فیصلہ منسوخ کر کے  واپس بھیجا تو ہائی کورٹ نے  متاثرہ طالبہ کی بیوہ ماں کی سزا دینے کی اپیل منظور کر لی۔  مجرم اعظم خان کو عمر قید  کے ساتھ 4 لاکھ روپے ہرجانہ کی  بھی سزا سنائی۔  پولیس نے فیصلہ ہوتے مجرم کو گرفتار کر کے ہتھکڑیاں لگا دیں۔ راولپنڈی کے ایڈیشنل سیشن جج راولپنڈی نے اس مجرم اعظم کو 2 مرتبہ بری کیا۔ یہ بھی پڑھیئے: آج فیصلہ سناتے ہوئے ہائی کورٹ کے جج  نے قرار دیا کہ بیٹیوں کے معاملات حساس ہوتے ہیں۔ اس کیس میں  میڈیکل بورڈ کی جانب سے  زیادتی ہونے کی تصدیق بڑا ثبوت تھی۔ تھانہ وارث خان پولیس نے ستمبر 2023 میں اس بچی کے ساتھ ریپ کا مقدمہ درج کیا تھا۔ گلاس فیکٹری کی رہائشی طالبہ ایمان فاطمہ سے جبری زیادتی کی گئی تھی۔ بیوہ والدہ نادیہ بی بی نے بری کرنے کے فیصلوں سے ہار نہیں مانی اور بے وسیلہ ہونے کے باوجود  سیشن جج کے فیصلوں کے  خلاف 2 بار ہائی کورٹ میں اپیل کی۔ آج مجرم کو کیفر کردار تک پہنچانے والا عدالتِ عالیہ کا ڈویزن بنچ جسٹس صداقت علی خان اور جسٹس طارق باجوہ پر مشتمل تھا۔ یہ بھی پڑھیئے:,N/A,24_news,19:50:PM
راولپنڈی :جنات کے خلاف اغوا کا مقدمہ درج,"Feb 01, 2026",https://www.24urdu.com/01-Feb-2026/161075,رپورٹس کے مطابق جڑواں شہر راولپنڈی کے تھانہ ٹیکسلا کی حدود میں عجیب وغریب واقعہ پیش آیا ہے جہاں پولیس نے لاپتہ لڑکے کے اغوا کا مقدمہ جنات کیخلاف درج کر لیا ہے۔ 11 سالہ لڑکا سراقہ السیف 21 جنوری کو گھر سے گیا تھا اور واپس نہ آنے پر والد نے یہ 25 جنوری کو یہ مقدمہ درج کرایا۔ مقدمے کے متن کے مطابق 11 سالہ سراقہ السیف 21 جنوری کو گھر سے گیا تھا اور جنات اس کو بھگا کر لے گئے ہیں۔ مدعی مقدمہ کا کہنا ہے کہ جنات اس سے قبل کئی بار میرے بیٹے سراقہ السیف کو بھگا کر لے جا چکا ہیں لیکن ہر بار وہ کچھ وقت بعد گھر آ جاتا تھا۔ تاہم اب کئی روز گزر جانے کے باوجود بیٹا واپس نہیں آیا اور اس کو جنات اغوا کر کے اپنے ساتھ لے گئے ہیں۔ واضح رہے کہ اس سے قبل لاہور میں اسی نوعیت کا واقعہ سامنے آیا تھا۔ جہاں شادی شدہ خاتون کے لاپتہ ہونے کے بعد اس کی والدہ نے اپنی بیٹی کے اغوا کا مقدمہ جنات کے خلاف درج کرایا تھا اور معاملہ عدالت تک جا پہنچا تھا,N/A,24_news,15:25:PM
لیڈی پولیس کمانڈولالچی شوہر کے ہاتھوں قتل,"Jan 30, 2026",https://www.24urdu.com/30-Jan-2026/160783,قتل سے قبل انکور نے کاجل کے بھائی نکھل کو فون کیا، جس دوران وہ کاجل پر حملہ کرتا رہا اور دھمکی آمیز الفاظ ادا کرتا رہا۔ نکھل، جو بھارتی دارالحکومت دہلی کی پارلیمنٹ سٹریٹ پولیس اسٹیشن میں کانسٹیبل ہے نے بتایا کہ 22 جنوری کی رات انہیں اپنے بہنوئی انکور کی کال موصول ہوئی۔ انکور نے کہا ’اپنی بہن کو سمجھا لے‘۔ نکھل نے اسے پرسکون ہونے کو کہا اور فوراً اپنی بہن کو فون کیا۔ نکھل کے مطابق، کاجل اس دن غیر معمولی طور پر اپنی مشکلات بیان کر رہی تھیں کہ اسی دوران انکور غصے میں آ گیا اور فون چھین لیا۔ نکھل کے بقول بہنوئی نے کہااس کال کو ریکارڈ پر رکھ، پولیس کے کام آئے گی، میں تمہاری بہن کو مار رہا ہوں، پولیس میرا کچھ نہیں بگاڑ سکتی، پھر میں نے اس کی چیخیں سنیں اور کال اچانک منقطع ہو گئی۔ چند منٹ بعد انکور کی دوبارہ کال آئی،نکھل کے مطابق، اس نے کہا، یہ مر گئی ہے، ہسپتال آ جاؤ۔ جب وہ پولیس کے ساتھ ہسپتال پہنچے تو انکور اور اس کے اہلِ خانہ پہلے سے موجود تھے، نکھل نے بتایا کہ میری بہن کی حالت دیکھ کر لگا کہ دشمن بھی کسی کے ساتھ ایسا نہیں کرتا۔ خاندان کے مطابق، کاجل کو شادی کے بعد سسرال میں جہیز کے لیے ہراساں کیا جاتا رہا، ان پر الزام ہے کہ ساس اور 2 نندیں بھی اس عمل میں شامل تھیں۔ کاجل کی والدہ کے مطابق، ان کی بیٹی نے سسرال کے لیے قرض تک لیا، جبکہ انکور نے بھی کاجل کے والدین سے رقم ادھار لی تھی۔ کاجل کے والد راکیش نے الزام عائد کیا کہ شادی کے موقع پر موٹر سائیکل، سونا اور نقد رقم دینے کے باوجود مطالبات ختم نہ ہوئے۔ ان کے مطابق، انہوں نے کہا کہ اگر بیٹا کسی اور سے شادی کرتا تو گاڑی ملتی بعد میں بیٹی نے گاڑی کا انتظام بھی کر دیا، مگر ہراسانی کا سلسلہ نہ رکا۔ فرسٹ انفارمیشن رپورٹ (FIR) کے مطابق، واقعہ 22 جنوری کی رات 10 سے 10:30 بجے کے درمیان مغربی دہلی کے موہن گارڈن ایکسٹینشن میں پیش آیا۔ 4 ماہ کی حاملہ کاجل کو مبینہ طور پر پیچھے سے بھاری ڈمبل سے سر پر ضرب لگائی گئی، جبکہ خاندان نے جسم پر متعدد زخموں کا بھی دعویٰ کیا ہے۔ کاجل کو غازی آباد کے ایک ہسپتال منتقل کیا گیا، جہاں وہ 27 جنوری کی صبح زخموں کی تاب نہ لاتے ہوئے دم توڑ گئیں، انکور کو چند گھنٹوں بعد گرفتار کر لیا گیا اور اس کے خلاف قتل کا مقدمہ درج کر لیا گیا۔ کاجل اور انکور کا ڈیڑھ سالہ بیٹا ہے، جو اس وقت نانی نانا کے پاس ہے۔ نکھل کے مطابق ’ بچے کو ابھی کچھ معلوم نہیں، ہم نے فیصلہ کیا ہے کہ ہم ہی اس کی پرورش کریں گے اور جب وہ سمجھنے کے قابل ہوگا تب حقیقت بتائیں گے۔‘ نکھل نے بتایا کہ تقریباً 5 ماہ قبل بھی انکور نے کاجل کو تھپڑ مارا تھا۔ ’میں اسے واپس لے جانا چاہتا تھا، مگر انکور نے معافی مانگی اور قسم کھائی کہ دوبارہ ایسا نہیں کرے گا، میں نے بہن سے کہا تھا کہ جب چاہے گھر آ سکتی ہے۔ ان کے مطابق، حمل کے باوجود کاجل سے گھر کے تمام کام کروائے جاتے تھے، جن میں کھانا پکانا، کپڑے اور برتن دھونا شامل تھا۔ کاجل اور انکور کی ملاقات پانی پت کے ایک کالج میں ہوئی تھی۔ دونوں نے 23 نومبر 2023 کو شادی کی۔ ہریانہ کے علاقے گنّور میں تنازعات کے بعد دونوں نے دسمبر 2024 میں موہن گارڈن، دہلی میں کرائے کے مکان میں رہائش اختیار کی، تاہم کشیدگی برقرار رہی۔,N/A,24_news,10:29:AM
9 سال کی محبت کے بعد شادی ، 2 ماہ بعد ہی دلہن نے دولہا کو موت کے گھاٹ اتار دیا,"Feb 02, 2026",https://www.24urdu.com/02-Feb-2026/161149,یہ کہانی ہے 33 سالہ جتیندر کمار یادو اور اس کی اہلیہ جیوتی کی، جن کی شادی 25 نومبر 2025 کو ہندو رسم و رواج کے مطابق، دونوں خاندانوں کی رضامندی سے ہوئی تھی۔ کوئی یہ تصور بھی نہیں کر سکتا تھا کہ جس رشتے کی بنیاد محبت پر رکھی گئی ہو، وہ اتنی جلدی نفرت اور تشدد میں بدل جائے گا۔ پولیس کے مطابق، شادی کے چند ہی ہفتوں بعد میاں بیوی کے تعلقات میں دراڑیں پڑنے لگیں۔ بنیادی وجہ پیسوں کا تنازعہ تھا، الزام ہے کہ جتیندر نے اپنی بیوی جیوتی کے بینک اکاؤنٹ سے 20 ہزار روپے نکلوائے اور یہ رقم آن لائن جوئے میں ہار گیا۔ یہ نقصان جیوتی کے لیے ناقابلِ برداشت تھا، اس کے بعد بات بات پر جھگڑے ہونے لگے، تلخی بڑھتی گئی اور محبت کا رشتہ بداعتمادی میں بدلنے لگا۔ 26 جنوری کو جیوتی نے اپنے شوہر سے گمشدہ رقم کے بارے میں سوال کیا۔ بات بڑھتے بڑھتے جھگڑے اور پھر ہاتھا پائی تک جا پہنچی۔ اسی دوران جیوتی نے اپنے والد کالی چرن، والدہ چمیلی اور بھائی دیپک کو فون کر کے گھر بلا لیا۔ یہ مکان بریلی کے عزت نگر علاقے کی گرِجا شنکر کالونی میں واقع تھا، جہاں شادی کے بعد سے یہ جوڑا کرائے پر رہ رہا تھا۔ پولیس کی تفتیش کے مطابق، جیوتی کے والدین اور بھائی کے پہنچنے کے بعد جھگڑا شدت اختیار کر گیا۔ الزام ہے کہ والد، والدہ اور بھائی نے جتیندر کے ہاتھ پاؤں پکڑ لیے، جبکہ جیوتی نے اپنے شوہر کا گلا دبایا۔ جب جتیندر نے حرکت بند کر دی اور جان چلی گئی، تو معاملہ یہیں ختم نہیں ہوا۔ قتل کے بعد ملزمان نے جرم کو چھپانے کی کوشش کی، پولیس کے مطابق، جتیندر کی لاش کو ایک مفلر کی مدد سے کھڑکی یا وینٹی لیٹر کی گرِل سے لٹکا دیا گیا تاکہ یہ منظر خودکشی لگے۔ پڑوسیوں کو بتایا گیا کہ جتیندر نے اپنے آپ کو پھانسی لگا کر جان دے دی ہے، پولیس کو بھی ابتدا میں یہی بتایا گیا ،چنانچہ موقع پر پہنچنے والی ٹیم نے موت کو مشتبہ خودکشی تصور کیا۔ کہانی اس وقت پلٹی جب جتیندر کے بھائی اجے کمار نے پولیس میں شکایت درج کرائی، اس کی بنیاد پر پوسٹ مارٹم کرایا گیا، جس کی رپورٹ نے سب کچھ بدل دیا۔ رپورٹ میں واضح کیا گیا کہ موت کی وجہ پھانسی نہیں بلکہ گلا دبانا (Strangulation) تھی، یوں خودکشی کا ڈرامہ بے نقاب ہو گیا۔ پہلے پولیس نے معاملہ خودکشی پر اکسانے کا درج کیا تھا، مگر پوسٹ مارٹم کے بعد دفعات بدل کر قتل کی کر دی گئیں، تحقیقات تیز کی گئیں اور جیوتی، اس کے والدین کو گرفتار کر لیا گیا۔ جیوتی کا بھائی دیپک بھی نامزد ملزم ہے، جس کی گرفتاری کے لیے پولیس چھاپے مار رہی ہے۔ پولیس کے مطابق، تفتیش کے دوران جیوتی نے اپنا جرم قبول کر لیا، اس نے بتایا کہ وہ اور جتیندر طالب علمی کے زمانے سے ایک دوسرے کو جانتے تھے۔ جتیندر بریلی کے انڈین ویٹرنری ریسرچ انسٹی ٹیوٹ (IVRI) میں کنٹریکٹ پر کام کرتا تھا، جبکہ جیوتی اتر پردیش روڈ ٹرانسپورٹ کارپوریشن میں کنڈکٹر تھی۔ اس نے اعتراف کیا کہ مالی جھگڑوں نے اسے شدید غصے میں مبتلا کر دیا اور اسی غصے میں اس نے یہ انتہائی قدم اٹھایا۔ بریلی کا یہ واقعہ صرف ایک قتل نہیں، بلکہ ایک تلخ سبق ہے کہ غصہ، لالچ اور تشدد مل کر محبت کی سب سے مضبوط کہانی کا گلا کیسے گھونٹ دیتے ہیں۔,N/A,24_news,12:15:PM
حیدرآباد:تھانہ سائٹ پولیس کی کارروائی، 3 خواتین سمیت5 منشیات سمگلر گرفتار,"Feb 02, 2026",https://www.24urdu.com/02-Feb-2026/161213,گرفتار ملزمان کے قبضے سے 2 کلو سے زائد کرسٹل آئس اور چرس برآمد کئے گئے،منشیات بلوچستان سے حیدرآباد سمیت سندھ کے مختلف اضلاع میں منتقل کی جارہی تھیں۔ ڈی ایس پی سائٹ واحد علی گرفتار خواتین کا تعلق بلوچستان سے ہے اور بین الصوبائی منشیات سپلائی گروہ کی رکن ہیں،گرفتار ملزمان میں فوزیہ گولو،زاہدہ سرکی،شمس خاتون،نصر اللہ اور انور خان شامل ہیں۔ گرفتار ملزمان پر مجموعی طور پر مختلف تھانوں میں 19 مقدمات درج ہیں،تحویل میں لی گئی،منشیات کی مالیت تقریباً 50 لاکھ ہے۔,N/A,24_news,22:30:PM
سوشل میڈیا کی دوستی کا المناک انجام،ٹک ٹاکر خاتون نے ساتھی کے ساتھ مل کر شوہر قتل کر دیا,"Jan 30, 2026",https://www.24urdu.com/30-Jan-2026/160816,جڑانوالہ کے علاقے امین پارک میں سوشل میڈیا کی دوستی ایک المناک انجام تک جا پہنچی، چار بچوں کی ماں نادیہ نے اپنے آشنا غلام مصطفیٰ کے ساتھ مل کر شوہر عثمان کو قتل کروا دیا۔ مقتول عثمان رکشہ چلاتا تھا جبکہ نادیہ اور غلام مصطفیٰ کے درمیان دوستی ٹک ٹاک کے ذریعے ہوئی، جو بعد میں محبت میں بدل گئی۔ پولیس نے بتایا کہ ملزمان نے تعلقات میں رکاوٹ بننے پر عثمان کو راستے سے ہٹانے کا منصوبہ بنایا اور اسے قتل کر دیا۔ مقتول کے والد کا کہنا ہے کہ میرا بیٹا، بہو اور ملزم تینوں مل کر ٹک ٹاک ویڈیوز بناتے تھے، نادیہ نے غلام مصطفیٰ کے ذریعے میرے بیٹے کو قتل کرایا۔ پولیس نے بتایا کہ ملزم غلام مصطفیٰ کو جدید ٹیکنالوجی کی مدد سے گرفتار کیا گیا۔ دورانِ تفتیش ملزم نے اعتراف کیا کہ وہ نادیہ سے محبت کرتا تھا، اور جب اسے معلوم ہوا کہ طلاق کے باوجود نادیہ اور عثمان اکٹھے رہ رہے ہیں تو اس نے عثمان کو قتل کرنے کا ارادہ کیا۔ سب انسپکٹر کے مطابق ٹک ٹاک کی دوستی نے چار معصوم بچوں کو باپ اور ماں دونوں کی محبت سے محروم کر دیا۔ پولیس نے ملزمان کے خلاف مقدمہ درج کر کے مزید تفتیش شروع کر دی ہے۔,N/A,24_news,14:52:PM
سابق سپر سٹار کرکٹر کے بیٹے کی گھریلو ملازمہ سےزیادتی کےالزام میں گرفتاری,"Jan 24, 2026",https://www.24urdu.com/24-Jan-2026/160206,سابق سپرسٹار کرکٹر عبدالقادر کے بیٹے سلمان نے  گھر میں کام کرنے والی ملازمہ کو مبینہ طور پر فارم ہاؤس پر لے جا کر زیادتی کا نشانہ بنایا ہے۔ ایف آئی آر میں کہا گیا ہے کہ سلمان قادر نے گھر پر کام کرنے والی ملازمہ کو فون کر کے بلایا کہ جلد کام پر آجاؤ۔  ملازمہ ہاؤسنگ سوسائٹی کے گیٹ پر آئی تو ملزم اسے گاڑی میں بٹھا کر فارم ہاؤس لے گیا۔ تھانہ برکی میں متاثرہ لڑکی کی جانب سے اندراج مقدمہ کی درخواست پر مقدمہ درج کرلیا گیا ہے۔ یہ بھی پڑھیں : صحافتی ذرائع نے پولیس حکام کے حوالے سے بتایا ہے کہ پولیس نے عبدالقادر کے بیٹے سلمان قادر کو پولیس نے کارروائی کرتے ہوئے گرفتار کرلیا ہے۔  پولیس کا کہنا ہے کہ سلمان قادر پر گھریلو ملازمہ سے زیادتی کا مقدمہ درج ہے۔ ملزم سلمان قادر لاہور میں کرکٹ سکھانے کے لیے اکیڈمی بھی چلاتا ہے۔ یہ بھی پڑھیئے:,N/A,24_news,23:56:PM
یونان کشتی حادثہ، مرکزی ملزم ثاقب ججا کی عبوری ضمانت میں 12 فروری تک توسیع,"Jan 27, 2026",https://www.24urdu.com/27-Jan-2026/160436,چیف جسٹس لاہور ہائیکورٹ جسٹس عالیہ نیلم نے یونان کشتی حادثے کے مرکزی ملزم ثاقب ججا کی عبوری ضمانت کی درخواست پر سماعت کی،اس موقع پر مدعی کے وکیل نے کہا کہ مدعیوں نے بیان دیا ہے کہ ثاقب ججا ہمارا ملزم نہیں۔ وفاقی حکومت کے وکیل نے کہا کہ ان مدعیوں کی درخواست پر ہی ایف آئی اے نے کارروائی کی، اب یہ کہہ رہے ہیں کہ یہ ہمارا ملزم نہیں ہے،چیف جسٹس عالیہ نیلم نے کہا کہ آپ ایک ظالم کو بچانے کی کوشش کر رہے ہیں، انسانی زندگی کی کوئی قیمت ہے یا نہیں، میڈیا شور مچاتا ہے کہ ادارے کام نہیں کرتے، آپ نے خود درخواست دی اب کہہ رہے ہیں کہ یہ ہمارا ملزم نہیں۔ مدعی جمیل نے کہا کہ میں قرآن پر حلف دیتا ہوں۔ چیف جسٹس عالیہ نیلم نے کہا کہ قرآن بہت بڑا ہے ہم اس کا بوجھ نہیں اٹھا سکتے،چیف جسٹس نے ایف آئی اے سے استفسار کیا کہ کیا ان کا بچہ اس حادثے میں بچ گیا تھا۔ وفاقی حکومت کے وکیل نے کہا کہ جی تین مدعیوں کے بچے یونان حادثے میں بچ گئے تھے۔ چیف جسٹس عالیہ نیلم نے کہا کہ آپ خوش قسمت ہیں کہ آپ کا بچہ بچ گیا تھا، ظالم کو بچانے کی کوشش مت کریں، جو کہتے ہیں یہ سادہ لوگ ہیں، یہ سادہ لوگ نہیں ہیں، آپ لوگ عدالت میں سچ نہیں بول رہے، یہ ملک ایسے ٹھیک نہیں ہوگا آگے آنا پڑے گا۔ علاوہ ازیں عدالت نے تمام مدعیوں کو کل 12 بجے اسپشل سینٹرل کورٹ  میں پیش ہونے کا حکم دے دیا۔ چیف جسٹس عالیہ نیلم نے کہا کہ ان سب کے بیانات کی تصدیق کریں، ان کے انگوٹھوں کے نشانات کا فرانزنک کرائیں، اگر ثابت ہوا کہ مدعیوں نے درخواست دی تھی تو پھر جھوٹا بیان دینے پر ان کے خلاف کارروائی کریں گے۔,N/A,24_news,11:22:AM
فیض حمیدکے بھائی کی ضمانت خارج کرنے کی درخواست پر فیصلہ محفوظ,"Jan 24, 2026",https://www.24urdu.com/24-Jan-2026/160116,سابق ڈی جی آئی ایس آئی فیض حمید کے بھائی نجف حمید کی ضمانت منسوخ کرنے کی ایف آئی اے کی درخواست پر سماعت  ہوئی،سپیشل جج سینٹرل شاہ رخ ارجمند نے کیس پر سماعت کی ۔ عدالت نے دلائل مکمل ہونے پر نجف حمید کی ضمانت خارج کرنے کی درخواست پر فیصلہ محفوظ کر لیا،نجف حمید اپنے وکیل میاں علی اشفاق کے ہمراہ عدالت میں پیش ہوئے۔ پراسیکیوٹر ایف آئی اےنے کہاکہ ریکارڈ ریاست کا تھا جس میں ردوبدل کیا گیا،شکایت کنندہ کے ساتھ معاملات طے پا بھی جائیں تو ضمانت نہیں دی جاسکتی ،مزید تفتیش کیلئے نجف حمید کی کسٹڈی درکار ہے،اس لئےنجف حمید کی ضمانت خارج کی جائے ۔ ایڈووکیٹ میاں علی اشفاق نے کہاکہ وکالتی تاریخ کا انوکھا کیس ہے کہ تفتیشی افیسر شکایت کنندہ ہے، کیس کے اصل شکایت کنندہ نے عدالت میں اپنا بیان دیا تھا کہ اسکے معاملات طے پاگئے ہیں،شکایت کنندہ نے عدالت میں اپنا بیان حلفی بھی جمع کروایا تھا ،تفتیشی آفیسر کو کیس میں پارٹی کیسے تصور کیا جاسکتا ہے ۔ یہ بھی پڑھیں: ایڈووکیٹ میاں علی اشفاق نے کہاکہ عدالت ڈی جی ایف آئی اے اور وزارت داخلہ کو تفتیشی آفیسر کے خلاف کارروائی کیلئے لکھے ،شکایت کنندہ کا اسٹیٹس تبدیل نہیں ہوسکتا جبکہ ایف آئی آر بھی وہی ہو ،عدالت نے اپنے حکم میں لکھا تھا کہ شکایت کنندہ نے عدالت میں پیش ہوکر بیان دیا کہ اس کا معاملہ طے پا گیا ہے ،عدالتی حکم نامے میں یہ بھی کہا گیا کہ شکایت کنندہ کیس کو مزید نہیں چلانا چاہتا،سولہ سال میں تفتیش نہیں کرسکے تو اب کیا تفتیش کریں گے ،اس کیس میں سرکاری زمین کا کیس نہیں ہے،ایف آئی اے نے درخواست میں لکھا کہ انھیں معلوم نہیں تھا ضمانت کا مگر عدالتی حکم نامے کے مطابق ضمانت کے وقت اسسٹنٹ ڈائریکٹر لیگل عدالت میں موجود تھے ،عدالتی حکم نامے میں یہ بھی کہا گیا کہ اے ڈی لیگل نے ضمانت کی مخالفت کی ،ایف آئی اے کی ضمانت خارج کرنے کی درخواست کو خارج کیا جائے ۔,N/A,24_news,10:55:AM
جاوید بٹ قتل کیس؛ امیر فتح کی عبوری ضمانت کنفرم ہونے کا تحریری فیصلہ جاری,"Jan 23, 2026",https://www.24urdu.com/23-Jan-2026/159994,جسٹس محمد امجد رفیق نے عبوری درخواست ضمانت پر 5 صفحات کا تحریری حکم جاری کیا۔ فیصلے کے مطابق مدعی مقدمہ موقع کا گواہ نہیں، زخمی نے مدعی کو کال کر کے وقوعہ کے بارے میں بتایا ،مدعی خود موقع پر موجود نہیں تھا۔ فیصلہ کے مطابق علاقہ میں سیف سٹی کیمرے ہونے کے باوجود پولیس تفتیش کے مطابق ملزم نظر نہیں آرہا،وقوعہ دو بجے ہوا جبکہ مقدمے کی ایف آئی آر چار بج کر 40 منٹ پر ہوئی،پانچ گھنٹے کی تاخیر سے زخمی کاسات بج کر 15 منٹ پر ڈاکٹری معائنہ ہوا، زخمی نے ڈاکٹر کے سامنے ملزم امیر فتح یا دیگر ملزمان پر زخمی کرنے کا الزام نہیں لگایا۔ فیصلے کے مطابق پولیس نے موبائل ریکوری کے لیے گرفتاری کےلئے ملزم کی ضمانت منسوخی کی استدعا کی ،پولیس کی ضمانت منسوخی کی استدعا سپریم کورٹ کے فیصلوں کی روشنی میں مسترد کی گئی ،وکیل صفائی کے مطابق زخمی خاتون ملزم کو شناخت نہ کرتی ہے، سابق دشمنی کی بناء پر ملزم کو ملوث کیا گیا،ملزم پر قتل کیس مزید انکوائری کا معاملہ ہے،پانچ لاکھ مچلکے کے عوض ملزم کی ضمانت کنفرم کی جاتی ہے۔ یہ بھی پڑھیں: ملزم امیر فتح کے خلاف تھانہ اچھرہ میں دو ستمبر 2024 کو قتل سمیت دیگر دفعات کے تحت مقدمہ درج ہے،مقتول کے بیٹے حمزہ جاوید کی مدعیت میں تھانہ اچھرہ میں مقدمہ درج کروا گیا،پولیس رپورٹ کے مطابق امیر فتح قتل کی پلاننگ اور اعانت جرم کی حد تک ملوث ہے، ایف آئی آر کے مطابق ملزم نے دو موٹر سائیکل سواروں کے ذریعے کینال روڈ شاہ جمال اچھرہ اشارے پر فائرنگ کروائی ،والد محمد جاوید موقع پر ہلاک والدہ شدید زخمی ہوئیں ، جنہیں سروسز ہسپتال پہنچایا گیا ۔,N/A,24_news,11:56:AM
خیرپور پولیس کی بڑی کارروائی: 2 کلاشنکوف اور 800 سےزائد گولیاں برآمد،ملزم گرفتار,"Jan 27, 2026",https://www.24urdu.com/27-Jan-2026/160499,اے ایس پی عبداللہ فیصل اور ایس ایچ او کنب یاسر کھوسو نے پریس کانفرنس کرتے ہوئے کہا کہ مہران ہائی وے پر کارروائی کرتے ہوئے کار اور اسلحے سمیت ملزم کو پکڑا۔ اے ایس پی عبداللہ فیصل کے مطابق ملزمان کار میں اسلحہ کی منتقلی کر رہے تھے،کارروائی کے دوران دو کلاشنکوف اور آٹھ سو رائونڈ گولیاں برآمد ہوئی ہیں۔ ملزمان کے خلاف تھانہ کنب میں مقدمہ درج کر لیا گیا ہے۔ اے ایس پی کا کہنا تھا کہ جرائم پیشہ افراد اور ڈاکوؤں کے سہولت کاروں کو نہیں بخشا جائے گا،گرفتار ملزم محرم میتلو سے تفتیش جاری ہے جبکہ دیگر فرار ملزمان کی گرفتاری کے لیے پولیس کی کارروائیاں بھی جاری ہیں۔,N/A,24_news,19:44:PM
منشیات سمگلنگ کی کوشش ، سعودی عرب میں پاکستانی کو سزائے موت,"Jan 23, 2026",https://www.24urdu.com/23-Jan-2026/160023,تفصیلات کے مطابق سعودی وزارتِ داخلہ نے منشیات سمگلنگ سے متعلق الزام میں پاکستانی شخص کو سزائے موت دینے کی تصدیق کردی۔ نقاب خان پر سعودی عرب میں منشیات سمگل کرکے لانے کی کوشش کا الزام عائد کیا گیا تھا، جو درست ثابت ہوا۔ ملزم کو منشیات سمگل کرنے سے متعلق الزامات کے تحت گرفتار کیا گیا تھا۔ بعد ازاں سعودی حکومت کے تفتیشی حکام نے ملزم کے منشیات سمگل کرنے کی کوششوں میں ملوث ہونے کی آفیشل ثبوت اور اعترافی بیان کے ساتھ تصدیق کی۔ حکام کے مطابق تمام قانونی تقاضوں کو پورا کرنے کے بعد ملزم کو سعودی عدالت کے روبرو پیش کیا گیا۔ کیس کے ثبوت و شواہد اور ملزم کے اقرارِ جرم کے بعد عدالت نے ملزم کو سزائے موت سنائی، جس پر عملدرآمد کیا گیا۔ واضح رہے کہ سعودی عرب میں منشیات سمگلنگ انتہائی سنگین جرم ہے جس کے ارتکاب کی سزا موت ہے۔ سعودی حکام نے منشیات ٹریفکنگ کی روک تھام اور عوام کو منشیات سے بچانے کے اپنے عزم کی تجدید کی ہے۔,N/A,24_news,15:23:PM
نو مئی حملہ کیس؛حماد اظہر اور زبیر خان نیازی سمیت 7 ملزمان اشتہاری قرار,"Jan 23, 2026",https://www.24urdu.com/23-Jan-2026/159986,تمام غیر حاضر ملزمان کے دائمی وارنٹ گرفتاری جاری کردیے گئےہیں۔ انسداد دہشت گردی عدالت کے ایڈمن جج منظر علی گل نے سماعت کی،عدالت نے حماد اظہر،زبیر خان نیازی،اکبر خان ،مسعود احمد سبحانی ،ارسلان بن بشارت ،فاروق انجم اور حبیب احمد کے دائمی وارنٹ گرفتاری جاری کردیئے۔ تھانہ ریس کورس نے ملزمان کیخلاف مقدمہ نمبر 852/23 درج کر رکھا ہےجس میں کچھ ملزمان کو قید کی سزا ہو چکی ہے،اشتہاری ملزمان کا ٹرائل دوسرے مرحلہ میں ہو گا۔ یہ بھی پڑھیں: سرکاری وکیل کے مطابق ملزمان گرفتاری کے ڈر سے روپوش ہو چکے ہیں،ملزمان کو پیش ہونے کی مہلت دی گئی مگر پیش نہیں ہوئے ،ملزمان وارنٹ گرفتاری جاری ہونے کے بعد بھی پیش نہیں ہوئے۔,N/A,24_news,10:59:AM
شیخوپورہ میں ظلم کی انتہا ،سسرالیوں نے 5ماہ کی حاملہ بہو کو جلا کر مار ڈالا,"Jan 28, 2026",https://www.24urdu.com/28-Jan-2026/160570,ذرائع کے مطابق خاتون کا چہرہ، بازو اور جسم 70 فیصد جھلس چکا تھا۔ وزیراعلیٰ پنجاب مریم نواز شریف کی ہدایات پر حنا پرویز بٹ کا سخت نوٹس لے لیا، ڈی پی او شیخوپورہ سے واقعے کی تفصیلی رپورٹ طلب کر لی۔ پولیس نے بروقت کارروائی کرتے ہوئے نامزد ملزمہ ساس کو گرفتار کر لیا۔ حنا پرویز بٹ نے کہا کہ خواتین پر تشدد کسی صورت برداشت نہیں کیا جائے گا،حاملہ خاتون کو آگ لگانا بدترین درندگی ہے، مجرم کسی رعایت کے مستحق نہیں۔ یہ بھی پڑھیں انہوں نے کہا کہ متاثرہ خاندان کو مکمل قانونی معاونت فراہم کی جائے گی،انصاف میں کوئی کوتاہی برداشت نہیں کی جائے گی،خواتین کے لیے محفوظ پنجاب ہمارا عزم ہے۔,N/A,24_news,12:42:PM
بچوں کی نازیبا ویڈیوز وائرل کرنے والے درندے کو گرفت میں لے لیا گیا,"Jan 25, 2026",https://www.24urdu.com/25-Jan-2026/160299,آج راولپنڈی میں این سی سی آئی اے نے بتایا کہ تحقیقات کے بعد راولپنڈی میں ایک اہم کارروائی کی گئی ہے اور معصوم بچوں کا استحصال کرنے والا ملزم گرفتار کرلیا ہے۔ این سی سی اے حکام نے بتایا  کہ راولپنڈی میں پی ڈبلیو ڈی میں  ریڈ کی گئی اور کم سن بچے کی نازیبا ویڈیوز وائرل کرنے والے شعیب برت کو گرفتار کر لیا گیا اور انس شخص کے قبضے سے دو موبائل فون برآمد کرلیے گئے ہیں۔ یہ بھی پڑھیئے: اس کارروائی کے دوران ملزم کے کئی معصوم بچوں کی ویڈیوز رکھنے کا انکشاف ہوا ہے۔  ​این سی سی آئی اے نے مقدمہ درج کرلیا ہے۔ مقدمے میں پیکا ایکٹ کی سخت دفعات شامل کی گئی ہیں۔ این سی سی آئی اے کی جانب سے بتایا گیا کہ ​انسپکٹر محمد توصیف کی سربراہی میں ریڈ کے دوران ملزم سے برآمد ہونے والے دونوں موبائل فون فورنزک لیبارٹری روانہ کردیئے گئے ہیں۔ فورنزک رپورٹ آنے کے بعد  مزید انکشافات کا امکان ہے۔ یہ بھی پڑھیئے:,N/A,24_news,22:49:PM
خیرپور میں ایک خاتون اور مرد کو قتل کر دیا گیا,"Jan 24, 2026",https://www.24urdu.com/24-Jan-2026/160172,بتایا جا رہا ہے کہ دو افراد کا یہ قتل  غیرت کے نام پر  ہوا ہے۔ پولیس کی فراہم کردہ تفصیلات کے مطابق خیرپور، پیرگوٹھ کے قریب کیٹی زمان شاہ میں ملزمان نے فائرنگ کرکے مسمات اللہ ورائی کو قتل کردیا۔ اس کے ساتھ ہی انہوں نے کوٹ میرمحمد میں فائرنگ کرکے غلام حسین تیغانی کو قتل کردیا۔ دونوں مقتولوں کی لاشیں ہسپتال منتقل کر دی گئیں۔  پولیس حکام بتا رہے ہیں کہ دونوں کو غیرت کے نام پر قتل کیا گیا ہے۔ یہ بھی پڑھیئے:,N/A,24_news,17:18:PM
سی سی ڈی نے مقابلے کے دوران دو بدنام کرائے کے قاتلوں کو ہلاک کر دیا,"Jan 25, 2026",https://www.24urdu.com/25-Jan-2026/160304,پولیس ذرائع نے بتایا کہ سی ٹی ڈی کا یہ مقابلہ تھانہ ستراہ کے علاقہ چھانگی کے قریب پیش آیا، جہاں سی سی ڈی ٹیم نے مشتبہ افراد کی موجودگی کی اطلاع پر ریڈ  کی تھی۔ خود کو گھیرے میں پا کر خطرناک مفروروں نے پولیس پارٹی پر سیدھی فائرنگ کی۔ فائرنگ کے تبادلے کے دوران دونوں ملزم مارے گئے۔ ہلاک ہونے کے بعد ان ملزموں  کی شناخت نعمان عرف نوما، سکنہ اوکاڑہ، اور فیصل، سکنہ بھکر کے نام سے ہوئی ہے۔ سی سی ڈی حکام  نے بتایا کہ انکاؤنٹر کے دوران دونوں ملزم اپنے ہی ساتھیوں کی گولیوں کا نشانہ بنے۔ یہ دونوں ڈکیت اور پیشہ ور کرائے کے قاتل تھے اور علاقے میں خوف و ہراس پھیلانے کا باعث بنے ہوئے تھے۔ دونوں ملزمان سنگین جرائم میں مطلوب تھے اور قانون نافذ کرنے والے اداروں کو طویل عرصے سے ان کی تلاش تھی۔ سی سی ڈی حکام نے کہا ہے کہ علاقے میں سرچ آپریشن مکمل کر لیا گیا ہے جبکہ واقعے کی مزید تفتیش جاری ہے۔ پولیس نے عوام سے اپیل کی ہے کہ مشکوک سرگرمیوں کی فوری اطلاع متعلقہ تھانے کو دیں۔,N/A,24_news,23:14:PM
شیر کے حملے میں 8 سالہ بچے کا بازو ضائع ہوگیا,"Jan 24, 2026",https://www.24urdu.com/24-Jan-2026/160174,"میڈیا رپورٹس کے مطابق لاہور  میں شیر کے حملے میں آٹھ سالہ بچے کا بازو ضائع ہوگیا۔ اس  واقعے کی ابتدائی رپورٹ میڈیکل سپرنٹنڈنٹ کو ارسال کر دی گئی ہے۔ لاہور میں سبزہ زار کے علاقے میں پالتو شیر کے حملے سے آٹھ سالہ بچے کا بازو کٹنے کے واقعے کی ابتدائی میڈیکل رپورٹ سامنے آ گئی ہے۔ رپورٹ کے مطابق یہ سانحہ ایک ""لائسنس یافتہ"" بریڈنگ فارم میں ہوا۔ فارم کے اندر موجود  آٹھ سالہ بچہ وجید کھیلتے ہوئے شیر کے پنجرے کے قریب گیا جہاں پالتو شیر نے اس معصوم بچے پر حملہ کر کے  اس کےدائیں بازو کو شدید نقصان پہنچایا۔ میڈیکل رپورٹ میں بتایا گیا کہ بچے کو فوری طور پر نجی ہسپتال منتقل کیا گیا جہاں کہنی سے اوپر دائیں بازو کو کاٹ دیا گیا۔ امپیوٹیشن کے بعد بچے کو ڈسچارج کر دیا گیا، جس کے بعد اسے میڈیکو لیگل کیس کے طور پر سر گنگا رام اسپتال کی ایمرجنسی منتقل کیا گیا۔ سرجیکل یونٹ ون کے ڈاکٹروں نے بچے کا معائنہ کیا، رپورٹ کے مطابق زخم ایک سے دو دن پرانا تھا تاہم تازہ پایا گیا، جس پر فوری علاج اور ری ڈریسنگ کی گئی۔ واقعے کی ابتدائی رپورٹ میڈیکل سپرنٹنڈنٹ کو ارسال کر دی گئی ہے، جبکہ پولیس واقعے کی مزید تحقیقات کر رہی ہے۔ یہ بھی پڑھیئے:",N/A,24_news,17:46:PM
لاہور: پولیس کا نواں کوٹ میں چھاپہ، 11 شیر تحویل میں لے لیے,"Jan 24, 2026",https://www.24urdu.com/24-Jan-2026/160087,بھیکے وال میں شیرنی کے بچی پر حملے کی تحقیقات میں پیشرفت سامنے آئی، پولیس نے نواں کوٹ میں چھاپے کے دوران 11 شیر تحویل میں لے لیے جو محکمہ وائلڈ لائف کے حوالے کر دیے گئے۔ پولیس حکام کے مطابق شیرنی کے حملے میں متاثرہ بچی رابعہ کے والد خضر عباس کی مدعیت میں تھانہ اقبال ٹاؤن میں مقدمہ درج کیا گیا جس میں شجاع کھوکھر، ملک شہزاد، اعظم اور زریاب نامزد ہیں۔ پولیس حکام نے بتایا کہ ملزم زریاب اور اعظم کو گرفتار کر لیا گیا ہے۔ گزشتہ روز لاہور کے علاقے بھیکے وال پنڈ میں پالتو شیرنی کے حملے سے 8 سال کی بچی رابعہ زخمی ہوگئی تھی جسے طبی امداد کیلیے شیخ زید اسپتال منتقل کر دیا گیا تھا۔ پولیس کے مطابق 2 افراد پالتو شیرنی کو رکشہ سے اتار رہے تھے، اس کے حملے سے بچی کی ٹانگ اور کان پر زخم آئے، بعدازاں ملزمان پالتو جانور کو لے کر فرار ہوگئے تھے۔ ڈی آئی جی آپریشنز فیصل کامران نے واقعے کا نوٹس لیتے ہوئے سخت قانونی کاروائی کا حکم دیا تھا۔ واضح رہے کہ اس سے قبل بھی لاہور میں اس طرح کا واقعہ پیش آ چکا ہے۔ 21 دسمبر 2024 کو پالتو شیر نے شہریوں پر حملہ کرتے ہوئے 3 افراد کو زخمی کر دیا تھا۔,N/A,24_news,00:09:AM
سامان بیچنے آئی خواتین نے خاتون کو بے ہوشی کا انجیکشن لگاکر گھر کا صفایا کردیا,"Jan 27, 2026",https://www.24urdu.com/27-Jan-2026/160458,واردات دو خواتین سمیت 3 ڈاکوؤں نے کی، واقعہ کا مقدمہ زمان ٹاؤن تھانے میں متاثرہ خاتون کی مدعیت میں درج کرلیا گیا ہے۔ مدعیہ خاتون کے مطابق دروازہ کھولا تو ایک خاتون سامان فروخت کرنے آئی تھی، خاتون کو اندر بلایا تو اس نے اپنی بیٹی کو فون کرکے مزید سامان لانے کا کہا۔ خاتون کی بیٹی کے ساتھ ایک لڑکا بھی زبردستی اندر آگیا۔ متاثرہ خاتون نے بتایا کہ لڑکے نے مجھے اسلحہ دکھاکر بے ہوشی کا انجیکشن لگا دیا۔ میں نے مزاحمت کی تو لڑکے نے میرا سر دیوار سے مار دیا جس سے میں بے ہوش ہوگئی۔ خاتون کے مطابق ملزمان نے تجوری کھول کر 7 لاکھ روپے نکال لیے۔ ملزمان 15گرام کے دو سونے کے سیٹ، 4 انگوٹھیاں، بریسلٹ اور موبائل فون بھی ساتھ لے گئے,N/A,24_news,14:08:PM
پبلک ٹرانسپورٹ میں شہریوں کی جیبوں کا صفایا کرنیوالی جیب تراش خاتون گرفتار,"Jan 24, 2026",https://www.24urdu.com/24-Jan-2026/160131,ڈولفن ٹیم نے دوران پٹرولنگ شہری کی اطلاع پر ملزمہ کو تحویل میں لیا۔ ملزمہ نے پبلک ٹرانسپورٹ سوار ہونے سے قبل معذور ہونے کا ڈرامہ رچایا تھا۔ ترجمان ڈولفن پولیس کے مطابق بزرگ شہری مدد کرنے کے بہانے اپنی جیب کو کٹوا بیٹھا۔ ملزمہ نے شہری محمود کی جیب سے 70 ہزار نقدی نکال لی ۔ ملزمہ کے قبضہ سے جیب تراشی کے دوران نکالی گئی رقم 70 ہزار کیش برآمد کر لی گئی ہے۔ پولیس نے ملزمہ شازیہ  کو کارروائی کیلئے چوکی فردوس مارکیٹ کے حوالے کر دیا ہے۔,N/A,24_news,12:22:PM
نازیبا ویڈیوز بنا کربلیک میل کرنے والا ملزم گرفتار,"Jan 24, 2026",https://www.24urdu.com/24-Jan-2026/160194,این سی سی آئی اے نے روالپنڈی میں کارروائی کر کے ملزم سبحان کو گرفتار کر لیا ہے۔ نیشنل سائبر کرائم انویسٹی گیشن ایجنسی (این سی سی آئی اے) کے ذرائع نے بتایا کہ اس شخص نے نازیبا مواد کے ذریعے خاتون کو ہراساں اور بلیک میلک  کیا۔ این سی سی آئی اے کو شکایت ملی تو تھقیقات کرنے کے بعد آج  نازیبا ویڈیو بنانے اور بلیک میلنگ میں ملوث ملزم کو گرفتار کرلیا۔ این سی سی آئی اے کے مطابق راولپنڈی میں  گرفتار ہونے والے بلیک میلر کا نام سبحان لطیف ہے۔ این سی سی آئی اے کے اعلامیے کے مطابق ملزم نازیبا مواد کے ذریعے خاتون کو ہراساں اور بلیک میل کررہا تھا اور سوشل میڈیا پر ویڈیوز شیئر کرکے رقم ہڑپ کرتا تھا۔ یہ بھی پڑھیں :,N/A,24_news,21:58:PM
نجی کالج میں طالبہ کی دوسری منزل سے کود کر خودکشی کی کوشش ، حالت تشویشناک,"Jan 22, 2026",https://www.24urdu.com/22-Jan-2026/159904,پولیس کے مطابق  کالج کی منزل سے چھلانگ لگانے کی وجہ سے طالبہ شدید زخمی ہو گئی، جسے تشویشناک حالت میں لاہور کے جنرل ہسپتال منتقل کر دیا گیا ہے،ہسپتال انتظامیہ کے مطابق طالبہ کو سرجیکل ایمرجنسی میں رکھا گیا ہے اور ڈاکٹرز کی ٹیمیں اس کا علاج کر رہی ہیں۔ انتظامیہ کا کہنا ہے کہ طالبہ ہوش میں ہے، تاہم اس کے سر کے اگلے حصے کی ہڈی فریکچر ہو چکی ہے۔ ڈی پی او نارووال نوید ملک کے مطابق طالبہ کمپیوٹر سائنس کے پانچویں سمسٹر کی طالبہ ہے تاہم ابتدائی رپورٹ کے مطابق طالبہ نے گھریلو مسائل کے باعث خودکشی کی کوشش کی،ڈی پی او کے مطابق طالبہ کے سر پر گہرے زخم آئے ہیں جبکہ ایک ٹانگ بھی ٹوٹ گئی ہے۔ پولیس کا کہنا ہے کہ طالبہ نے کالج کے دوسرے کیمپس سے آ کر ایک اور بلاک کی دوسری منزل سے چھلانگ لگائی تاہم واقعے کی مزید تحقیقات جاری ہیں۔ خیال رہے کہ نجی کالج میں زیرِ تعلیم طالبہ کمپیوٹر سائنس 5 ویں سمسٹر میں ہے۔,N/A,24_news,16:06:PM
خلیل الرحمان قمر کیس:آمنہ عروج کی ضمانت منظور,"Jan 21, 2026",https://www.24urdu.com/21-Jan-2026/159744,سیشن کورٹ لاہور میں خلیل الرحمان قمر کی نامناسب ویڈیو وائرل کرنے کے مقدمہ کی سماعت ہوئی،ایڈیشنل سیشن جج منصور احمد قریشی نے محفوظ فیصلہ سنا دیا۔ عدالت نے ملزمہ آمنہ عروج کی درخواست ضمانت تین لاکھ روپے مچلکوں کے عوض منظور کرلی۔ یہ بھی پڑھیں: ملزمہ نے اپنے وکیل کی وساطت سے ضمانت بعدازگرفتاری دائر کررکھی تھی،ملزمہ کے خلاف این سی سی آئی اے نے مقدمہ درج کررکھا ہے۔,N/A,24_news,11:29:AM
بھارت میں ’’سائیکو کلر‘‘ کو عمر قید کی سزا,"Jan 22, 2026",https://www.24urdu.com/22-Jan-2026/159901,عدالت نے ملزم پر 2 لاکھ 10 ہزار روپے سے زائد جرمانہ بھی عائد کیا ہے۔ بھارتی میڈیا کے مطابق فریدآباد میں ’سائیکو کلر‘ کے نام سے مشہور ملزم کے خلاف ایڈیشنل سیشن جج نے گزشتہ روز فیصلہ سنایا ہے۔ ملزم کے خلاف مقدمہ 2022ء میں ایک خاتون کے اپنی 20 سالہ بھانجی کی گمشدگی کی رپورٹ درج کروانے پر درج کیا گیا تھا۔ بعد ازاں متاثرہ کی لاش برآمد ہونے کے اگلے دن سنگھ راج کو گرفتار کر لیا گیا تھا۔ تفتیش کے دوران ملزم نے خاتون کے قتل اور لاش آگرہ کینال کے کنارے پھینکنے کا اعتراف کیا۔ پولیس کے مطابق سنگھ راج نے مجموعی طور پر 6 قتلوں کا اعتراف کیا ہے جن میں 3 کم سن لڑکیاں بھی شامل ہیں۔ بھارتی میڈیا کے مطابق 2019ء میں ملزم نے ایک چائے فروش کی بیٹی کو زیادتی کا نشانہ بنانے کی کوشش کی اور مزاحمت پر اسے قتل کر دیا تھا۔ اگست 2020ء میں ملزم نے ایک نجی ہسپتال میں 12 سالہ لڑکی جبکہ جون 2021ء میں ہسپتال میں کام کرنے والی ایک اور نابالغ لڑکی کو قتل کیا۔ سنگھ راج فرید آباد میں واقع ایک نجی ہسپتال میں سیکیورٹی گارڈ کے طور پر کام کرتا تھا۔ پولیس کے مطابق اس نے اپنے چچا اور کزن کے قتل کا بھی اعتراف کیا ہے۔ دیگر مقدمات عدالت میں زیر سماعت ہیں۔,N/A,24_news,15:45:PM
5 روپےکا چوزہ، 10 روپے ایکسائز ڈیوٹی، فارمرز انڈا بیچنے کو ترجیح دینے لگے,"Jan 22, 2026",https://www.24urdu.com/22-Jan-2026/159895,چیئرمین آل پاکستان پولٹری ایسوسی ایشن عبد الباسط اور وائس چیئرمین پولٹری ایسوسی ایشن ملک شریف نے بتایا کہ حکومت نے ایک دن کے چوزے کے پر دس روپے ایکسائز ڈیوٹی لگا دی ہے ۔ مارکیٹ میں چوزے کی قیمت صرف پانچ روپے ہے، جس کی وجہ سے فارمرز اپنا مال نہیں بیچ رہے ہیں۔ انھوں نے کہا کہ 70 سال میں ہماری امپورٹ اوپر نہیں گئی، اب انڈا بیچنے کو ترجیح دی جا رہی ہے۔ اس صورت حال پر اب فارمر چوزا بیچنے کی بجائے انڈا بیچ رہا ہے۔ اس سے مارکیٹ میں مرغی کی قلت ہو جائے گی اور ڈیوٹی لگانے کی وجہ سے مارکیٹ میں مرغی بھی نہیں آئے گی۔ انھوں نے بتایا کہ دوسری جانب حکومت نے فیڈ پر بھی ٹیکس لگایا ہوا ہے اور سارا بوجھ فارمر پر ڈالا جا رہا ہے۔ اگر سستی پروڈکشن مارکیٹ میں دستیاب نہیں ہوگی تو اس سے نقصان بھی حکومت کا ہی ہوگا۔ انھوں نے حکومت سے مطالبہ کیا کہ ایف اے ڈی اے کو ختم کیا جائے اور اس ٹیکس کو ختم کیا جائے ورنہ فارممنگ بند ہو جائے گی۔,N/A,24_news,15:03:PM
داماد کی فائرنگ، ساس ، سسر سمیت 4 جاں بحق,"Jan 22, 2026",https://www.24urdu.com/22-Jan-2026/159887,حسن ابدال کے علاقے پنڈ مہری میں ایک افسوسناک واقعہ پیش آیا ہے۔ فائرنگ کے ہولناک واقعے میں دو بچوں سمیت چار افراد قتل ہو گئے، جبکہ ملزم نے خود کو بھی گولی مار کر زندگی کا خاتمہ کر لیا۔ پولیس کے مطابق ملزم ناصر نے فائرنگ کر کے اپنے دو کمسن بچوں، ساس اور سسر کو قتل کردیا، جبکہ بعد ازاں ملزم نے خود کو بھی گولی مار کر خودکشی کرلی۔ پولیس کا کہنا ہےکہ جاں بحق ہونے والوں میں نسیم اختر، نثار، دو سالہ کائنات اور پانچ سالہ فلک شامل ہیں۔ واقعے کے بعد تمام لاشوں کو پوسٹ مارٹم کے لیے قریبی اسپتال منتقل کر دیا گیا۔ پولیس کے مطابق ملزم کی بیوی واقعے سے قبل ناراض ہو کر اپنے والدین کے گھر مقیم تھی۔ جبکہ فائرنگ کے وقت وہ گھر سے فرار ہونے میں کامیاب ہو گئی۔,N/A,24_news,13:51:PM
طیفی بٹ کے بہنوئی جاوید بٹ قتل کیس میں اہم پیشرفت،امیر فتح کی ضمانت منظور,"Jan 22, 2026",https://www.24urdu.com/22-Jan-2026/159881,عدالت نے امیر فتح کی پانچ لاکھ روپے مچلکوں کے عوض ضمانت منظور کرلی۔ جسٹس محمد امجد رفیق نے ملزم امیر فتح کی عبوری درخواست ضمانت پر سماعت کی،ٹیپو ٹرکاں والے کے بیٹے ملزم امیر فتح عدالت میں پیش ہوئے۔ درخواست گزار کی جانب سے عابد ساقی ایڈوکیٹ نے دلائل دئیے،پراسیکیوشن کی جانب سے ڈپٹی پراسیکیوٹر جنرل رانا محمد عمران انجم پیش ہوئے اوراچھرہ پولیس کی جانب سے مقدمہ کا ریکارڈ پیش کیا۔ ملزم کے خلاف تھانہ اچھرہ میں دو ستمبر 2024 کو قتل سمیت دیگر دفعات کے تحت مقدمہ درج ہے جومقتول کے بیٹے حمزہ جاوید کی مدعیت میں درج کروایا گیاتھا۔ یہ بھی پڑھیں: ڈپٹی پراسیکیوٹر جنرل نے بتایاپولیس رپورٹ کے مطابق امیر فتح قتل کی پلاننگ اور اعانت جرم کی حد تک ملوث ہے، ایف آئی آرکے مطابق ملزم نے دو موٹر سائیکل سواروں کے ذریعے کینال روڈ شاہ جمال اچھرہ اشارے پر فائرنگ کروائی  جس سے  والد محمد جاوید موقع پر ہلاک اوروالدہ شدید زخمی ہوئیں ، جنہیں سروسز ہسپتال پہنچایا گیا ۔ ملزم کی پیشی کے موقع پر ہائیکورٹ میں پولیس کی بھاری نفری تعینات رہی۔,N/A,24_news,12:31:PM
نشے میں ایکسیڈنٹ کر کے کسی کی جان لینے والے پر اب قتل کا مقدمہ بنے گا، قانون میں ترمیم آگئی,"Jan 21, 2026",https://www.24urdu.com/21-Jan-2026/159830,(24نیوز) پاکستان پیپلز پارٹی کے مرزا اختیار بیگ، ارشد عبداللہ ووہرا، ایم کیو ایم کے خواجہ اظہار الحسن  نے قومی اسمبلی میں پاکستان پینل کوڈ میں ترمیم کا بل 2025 پیش کردیا  ہے۔ اس ترمیم کے مسودہ مین کہا گیا ہے کہ  نشے کی حالت میں گاڑی/موٹر سائیکل چلاتے ہوئے کسی انسان کی جان لینے والے پر قتل کا مقدمہ چلائے جائے۔ قانون کے مسودہ میں ایسے ایکسیڈنٹ میں انسانی جان جانے پر قتلِ خطا کا مقدمہ درج کرنے کے لئے ترمیم تجویز کی گئی ہے، جس میں ڈرائیور نشے میں پایا جائے۔ یہ  ترمیم منظور ہو جانے کے بعد  نشے کا استعمال کرنے کے بعد کسی سڑک پر  حادثے کے مرتکب شخص پر قتلِ خطا کا مقدمہ درج ہو گا اور اس  کو جرم ثابت ہونے پر قتلِ خطا کی سزا ،  دس سال تک قید اور پانچ لاکھ تک جرمانے کی سزا  دی جائے گی۔ قانون مین ترمیم کے اس مسودہ میں کہا گیا ہے کہ سڑک پر جس حادثے جس میں کسی انسان کی موت ہو جائے یا شدید جسمانی زخم آئیں،  تو ایسے حادثہ کی جگہ سے متعلقہ پولیس سٹیشن کا سینئیر اہلکار  حادثے میں ملوث فرد یا افراد کے نشے مین ہونے کا تعین کرنے کے لئے ان کے خون، تھوک، سانس وغیرہ کے ٹیسٹ کروائین گے۔ صرف  تھانے کا انچارج یا تفتیشی افسر جو سب انسپکٹر کے عہدے س کا ہو گا، وہ یہ ضروری قانونی کارروائی مکمل کرے گا۔ سڑک پر حادثہ/ روڈ ایکسیڈنٹ میں ملوث ڈرائیور  کے نشے میں ہونے  کی تصدیق ہو جانے پر  انچارج پولیس افسر ایف آئی آر میں تعزیرات پاکستان کی قتلِ خطا کی دفعہ322درج کرے گا۔ یا  قتل کی دفعہ 302 درج کرے گا۔ یہ بھی پڑھیں : قانون مین ترمیم کا مسودہ قومی اسمبلی مین لانے والے ارکان قومی اسمبلی کا کہنا ہے کہ سڑکوں پر جان لیوا حادثات کی ایک  وجہ ڈرائیونگ کرنے والے اشخاص کا مختلف نشوں کے زیر اثر ہونا ہے۔ اس رجحان کے سبب قیمتی انسانی جانیںت ضائع ہونے کا سلسلہ رکنے میں نہیں آ رہا۔  سزا میں سختی اس رجحان کو روکنے میں معاون ثابت ہو گی۔,N/A,24_news,23:09:PM
لاہور میں ایک بڑے کالج کے سی ای او کو اغوا کر لیا گیا,"Jan 22, 2026",https://www.24urdu.com/22-Jan-2026/159914,"لاہور کے علاقے جوہر ٹاؤن سے نجی کالج کے سی ای او کو اغوا کر لئے جانے کا واقعہ رپورٹ ہوا ہے۔ اب تک سامنے آنے والی تفصیلات کے مطابق عابد وزیر خان کے اغوا کا مقدمہ  ان کے بھائی کی مدعیت میں درج کرلیا گیا ہے۔ پولیس کی ابتدائی تحقیقات کے مطابق عابد وزیر خان  کو ان کے  آفس سے جاتے ہوئے ان کی گاڑی کو روک کر اغوا کیا گیا۔ ایف آئی آر میں کہا گیا کہ عابد وزیر خان اغوا کے وقت خاتون جنرل مینجر کے ساتھ فون پر  بات کر رہے تھے۔  اس وجہ سے خاتون جنرل مینجر کو اس واقعہ کا فوراً پتہ چل گیا۔ جنرل مینجر نے فون پر  کال کے بیچ میں اچانک نامعلوم شخص کی آواز سنی۔ نامعلوم شخص نے عابد وزیر خان سے  کہا، "" تم نے میری گاڑی کا ایکسیڈینٹ کیا ہے۔"" سی سی ڈی  اور دیگر اداروں نے بھی کالج کے چیف ایگزیکٹو آفیسر کے سڑک سے اغوا کے اس واقعہ کی تحقیقات شروع کردی ہے۔ یہ بھی پڑھیں ؛",N/A,24_news,18:04:PM
ایمان مزاری اورہادی علی چٹھہ کی 2 روزہ حفاظتی ضمانت منظور,"Jan 21, 2026",https://www.24urdu.com/21-Jan-2026/159775,اسلام آباد ہائیکورٹ کے جسٹس اعظم خان نے ایمان مزاری اور ہادی علی چٹھہ کی درخواست پر سماعت کی،عدالت نے دونوں کو دو دن میں متعلقہ عدالت سے رجوع کرنے کا حکم دیتے ہوئےانہیں گرفتار کرنے سے روک دیا۔ عدالت عالیہ نے ایمان مزاری اور ہادی علی چٹھہ کو دس دس ہزار روپے کے مچلکے جمع کرانے کا حکم دیا۔ ایمان مزاری،اور ہادی علی کیخلاف ایف آئی آر لیک کرنے کا الزام ہے ،دوسری جانب ایمان مزاری اور ہادی علی چٹھہ کیخلاف نئی ایف آئی آر سامنے آنے کے بعد ڈسٹرکٹ اینڈ سیشن کورٹس اسلام آباد میں موجود لیگل برانچ کو تالا لگا دیا گیا۔ ذرائع نے کہا ہےکہ لیگل برانچ کے عملے پر ایف آئی آر کو لیک کرنے کا الزام ہے، پولیس کے سینئر افسران کے حکم پر لیگل برانچ کو تالا لگایا گیا۔ یہ بھی پڑھیں: ایمان مزاری اور ہادی علی کیخلاف ایف آئی آر جولائی میں درج کی گئی تھی، دونوں نے ایف آئی آر میں ضمانت نہیں کروائی تھی،وہ ایف آئی آر میں حفاظتی ضمانت کیلئے کل سے ہائیکورٹ میں موجود ہیں۔,N/A,24_news,15:17:PM
لاہور ، چوری کی انوکھی واردات، پولیس بھی حیران,"Jan 22, 2026",https://www.24urdu.com/22-Jan-2026/159854,نامعلوم چور کسی قیمتی زیورات یا نقدی کے بجائے گھر سے مہنگے جوتوں کا مکمل ذخیرہ سمیٹ کر رفوچکر ہوگیا۔ پولیس کے مطابق چور نے مردانہ، زنانہ، بچوں اور ملازمین کے جوتوں سمیت مجموعی طور پر 1 لاکھ 43 ہزار روپے مالیت کے فٹ ویئر پر ہاتھ صاف کیا۔ ایف آئی آر میں بتایا گیا ہے کہ ملزم نے 68 ہزار روپے کے 2 مردانہ جوتوں کے جوڑے، 50 ہزار روپے کا لیڈیز جوتا، 20 ہزار روپے کے بچوں کے شوز اور 5 ہزار روپے کے ملازمین کے سلیپرز چرا لیے۔ واقعے کی سی سی ٹی وی فوٹیج بھی سامنے آ چکی ہے، جس میں دیکھا جا سکتا ہے کہ چور صرف ڈیڑھ منٹ میں جوتے سمیٹ کر موقع سے فرار ہو جاتا ہے۔ پولیس کا کہنا ہے کہ واقعے کی تفتیش جاری ہے اور سی سی ٹی وی کی مدد سے ملزم کی شناخت کی جا رہی ہے، جسے جلد گرفتار کرنے کا دعویٰ کیا جا رہا ہے۔,N/A,24_news,10:18:AM
فیض حمید کے بھائی کی ضمانت منسوخی کی درخواست پر اہم پیشرفت,"Jan 21, 2026",https://www.24urdu.com/21-Jan-2026/159748,سپیشل جج سینٹرل شاہ رخ ارجمند نے کیس پر سماعت کی، نجف حمید کی جانب سے معاون وکیل عدالت میں پیش ہوئے۔ عدالت نے درخواست کی کاپی نجف حمید کے وکلاء کو فراہم کرنے کی ہدایت کر دی، معاون وکیل کا کہنا تھا کہ عدالت دلائل کے لیے وقت دے، سینئر کونسل دلائل دیں گے۔ یہ بھی پڑھیں: عدالت نے کیس کی سماعت 24 فروری تک ملتوی کر دی۔ واضح رہے کہ نجف حمید کی ضمانت عدالت نے صلح کی بنیاد پر منظور کی تھی۔,N/A,24_news,11:58:AM
گھر سے 17 لاکھ مالیت کا سونا چوری ، بڑی بھابھی ہی ماسٹر مائنڈ نکلی,"Jan 20, 2026",https://www.24urdu.com/20-Jan-2026/159633,ترجمان پولیس کے مطابق تھانہ ویمن ریس کورس نے جدید ٹیکنالوجی کی مدد سے ملزمہ کو گرفتار کر لیا۔ ایس ایچ او ویمن آمنہ جمیل کے مطابق ملزمہ نے گھر کے دیگر افراد کی غیر موجودگی میں گھر سے سونا غائب کیا۔ پولیس نے بتایا کہ ملزمہ نے سونا چوری کرنے کے بعد اسے فروخت کر دیا اور حاصل ہونے والی رقم اپنی سہیلی کے گھر بطور امانت رکھوا دی۔ دوران تفتیش ملزمہ نے اعتراف کیا کہ اس نے پیسوں اور سونے کی لالچ میں چوری کی واردات کا ڈرامہ رچایا۔ ایس ایچ او ویمن آمنہ جمیل کے مطابق ملزمہ اسفارا سے 7 لاکھ روپے نقدی اور ایک سونے کی انگوٹھی بھی برآمد کر لی گئی ہے۔ ملزمہ کے خلاف مقدمہ درج کر لیا گیا ہے اور مزید تفتیش جاری ہے۔ ایس پی سول لائنز چوہدری اثر علی نے کہا کہ عوام کے جان و مال کی حفاظت پولیس کی اولین ترجیح ہے۔,N/A,24_news,13:51:PM
لاہور شیرا کوٹ میں پتنگوں اور ڈور کی بڑی کھیپ پکڑی گئی،2 ملزمان گرفتار,"Jan 22, 2026",https://www.24urdu.com/22-Jan-2026/159844,غیر قانونی پتنگ فروشی میں ملوث 2 پتنگ ڈیلرز گرفتار کر لیے گئے۔ ترجمان ڈولفن کے مطابق پولیس نےخفیہ اطلاع پر چھاپہ مار کر 4 ہزار پتنگیں، 180 ڈور چرخیاں برآمد کرلیں۔ پکڑی جانے والی پتنگیں اور ڈور ایس او پیز کے برعکس پائی گئیں۔ ترجمان ڈولفن کے مطابق غیر قانونی پتنگ فروشی میں ملوث 2 پتنگ ڈیلرز بھی گرفتار کیے گئے، ملزمان آن لائن پتنگیں سپلائی کرتے تھے۔,N/A,24_news,09:01:AM
کچے کے 62 ڈاکوؤں نےسرنڈر کر دیا,"Jan 20, 2026",https://www.24urdu.com/20-Jan-2026/159650,سرنڈر کرنے والوں میں لوند، کوش، لٹھانی اور سیکھانی گینگ کے خطرناک عناصر شامل ہیں۔ ڈی آئی جی غازی صلاح الدین کے مطابق، آپریشن میں 2 ہزار پولیس اہلکار، 8 ڈرون ٹیمیں، 6 بلٹ پروف اور درجنوں بکتر بند گاڑیاں شریک ہیں۔ ابتدائی اطلاعات کے مطابق، 50 سے زائد سہولت کار بھی گرفتار کیے گئے ہیں۔ ڈی آئی جی نے کہا کہ آپریشن کا مقصد ڈاکوؤں کو قانون کے سامنے لانا اور علاقے میں امن قائم کرنا ہے۔ انہوں نے کہا کہ جو جرائم سے توبہ کرکے سرنڈر کریں گے، انہیں عدالتوں میں پیش کیا جائے گا، لیکن جو ریاست کا سامنا کرنے سے گریز کریں گے، ان کے ساتھ سختی سے نمٹا جائے گا۔ پولیس نے مزید بتایا کہ جدید ٹیکنالوجی اور مؤثر محاصرے کے تحت آپریشن جاری ہے، جس کے نتیجے میں علاقے میں جرائم کی شرح میں کمی کی توقع ہے۔,N/A,24_news,15:36:PM
ایمان مزاری اور ہادی علی چٹھہ کی ضمانتیں خارج,"Jan 22, 2026",https://www.24urdu.com/22-Jan-2026/159885,ڈیوٹی جج طاہر عباس سپرا نے ضمانت کی درخواستیں خارج کیں ۔ ایمان مزاری اور ہادی علی چٹھہ نے ضمانت قبل از گرفتاری کی درخواستیں دائر کر رکھی تھیں،ایمان مزاری اور ہادی علی چٹھہ عدالت میں پیش نہ ہوئے۔ یہ بھی پڑھیں: ایمان مزاری اور ہادی علی چٹھہ پر ہائیکورٹ بار کے صدر واجد گیلانی پر تشدد اور دھمکیوں کا الزام ہے۔,N/A,24_news,13:19:PM
قتل کیس کے مجرم کی سزائے موت کیخلاف اپیل منظور،عمر قید میں تبدیل,"Jan 20, 2026",https://www.24urdu.com/20-Jan-2026/159675,(عمران مہر)ہائیکورٹ ملتان بنچ نے قتل کیس میں مجرم کی سزائے موت عمر قید میں تبدیل کرتے ہوئے اپیل منظور کرلی ۔ جسٹس چودھری شہرام سرور اور جسٹس سردار اکبر علی پر مشتمل ڈویژن بینچ نے فیصلہ سنایا ،ملزم بابر منیر کو ایڈیشنل سیشن جج مظفرگڑھ نے 2020 میں سزائے موت سنائی تھی۔استغاثہ کے مطابق ملزم نے کمیٹی چوک مظفرگڑھ میں مشتاق احمد کو سر میں فائر کر کے قتل کیا۔ پراسیکیوٹر نے کہاکہ قتل کے بعد ملزم آٹھ سال تک مفرور رہا، ملزم کے والد منیر احمد کو سیشن عدالت نے بے گناہی ثابت ہونے پر بری کر دیا،شریک ملزم یاسر منیر کو 2024 میں سزائے موت سنائی جا چکی ہے۔ پراسیکیوٹر نے کہاکہ ایف آئی آر بروقت درج، زبانی و میڈیکل شہادتوں میں تضاد نہیں، کیس کی پیروی وکیل شیخ جمشید حیات نے کی۔ یہ بھی پڑھیں:,N/A,24_news,18:33:PM
کراچی میں یوسی چیئرمین پی ٹی آئی گوہر خٹک 24 ساتھیوں سمیت گرفتار,"Jan 19, 2026",https://www.24urdu.com/19-Jan-2026/159531,تفصیلات کے مطابق کورنگی انڈسٹریل ایریا پولیس نے کارروائی کر کے ملزم گوہر خٹک کو گرفتار کیا۔ گرفتار ملزم گوہر خٹک کے قبضے سے اسلحہ برآمد ہوا، ان کے خلاف مقدمہ درج کرلیا گیا۔ ایف آئی آر میں پولیس کو جان سے مارنے کی نیت سے حملہ کرنے کی دفعات شامل ہے۔ گوہر خٹک اپنے ساتھیوں کے ہمراہ ٹاؤن آفس میں موجود تھا، ملزم عوام کو ریاست کیخلاف اکساتے ہوئے اشتعال انگیزی کر رہا تھا۔ پولیس حکام کا کہنا ہے کہ پولیس نے موقع پر پہنچ کر منع کیا تو گوہر خٹک نے ساتھیوں کے ہمراہ  حملہ کر دیا۔ فائرنگ کے تبادلے میں گوہر خٹک کو ساتھیوں سمیت گرفتار کیا گیا، گرفتار ملزمان کیخلاف مزید قانونی کارروائی کی جا رہی ہے۔,N/A,24_news,13:45:PM
بورے والا میں پولیس نےچالیس لاکھ روپے کا مسروقہ سامان دس گھنٹے میں برآمد کر لیا,"Jan 16, 2026",https://www.24urdu.com/16-Jan-2026/159238,بورے والا کے علاقہ گگو منڈی میں ایک گھر میں ہونے والی چوری کی بڑی واردات کے صرف دس گھنٹوں کے اندر پولیس نے چوری کا سارا سامان برآمد کر لیا۔  40 لاکھ سے زائد مالیت کے زیورات اور دیگر اشیاء  مالک کو واپس مل گئیں۔ تفصیلات کے مطابق  تھانہ گگو منڈی کے نواحی نواحی گاؤں 367/ای بی میں نامعلوم چوروں نے ایک گھر سے چالیس لاکھ روپے سے زائد مالیت کے زیورات اور دیگر قیمتی سامان چوری کر لیا۔ پولیس نے چوری کی اطلاع ملتے ہی  فوری کارروائی کرتے ہوئے چور کا سراغ لگا لیا اور  ملزم کے گھر پر چھاپہ مار کر چوری شدہ40لاکھ سے زائد مالیت کے زیورات اور دیگر قیمتی سامان برآمد کر لیا۔ چور  اپنے گھر سے فرار ہو گیا۔ ایس ایچ او خالد چوہان نے بتایا کہ ملزم کی گرفتاری کے لیے چھاپے مارے جا رہے ہیں اور اسے جلد گرفتار کر لیا جائے گا۔ یہ بھی پڑھیں :,N/A,24_news,22:12:PM
لاہور میں 15 پتنگ بازی ہوائی فائرنگ، 57 ویلنگ کرنےوالے گرفتار,"Jan 18, 2026",https://www.24urdu.com/18-Jan-2026/159442,پنجاب کے دارالحکومت لاہور میں ڈولفن سکواڈ  نے آج اتوار کے روز جرائم پیشہ عناصر، ون ویلنگ، ہوائی فائرنگ و پتنگ بازی کے خلاف ہمہ گیر  آپریشن کیا جسے  سنڈے سپیشل گرینڈ آپریشن کہا جا رہا ہے۔ چھٹی کے روز شہر کے  قانون شکن عناصر کے خلاف ڈولفن کی کارروائیوں میں مختلف علاقوں سے 72 ملزمان گرفتار ہوئے۔ ڈولفن کی ٹیموں کے گشت کے دوران ڈیفنس، مال روڈ،کینال روڈ، جیل روڈ،بند روڈ، فیروزپور روڈ،دیگر علاقوں میں ویلنگ کرنے میں ملوث  57 افراد کو گرفتار  کر کے حوالاتوں میں پہنچایا گیا۔ شہر کے مختلف علاقوں میں غیر قانونی پتنگ بازی  اور ہوائی فائرنگ میں ملوث 15  افراد کو گرفتار کیا گیا۔ یہ گرفتاریاں فیکٹری ایریا، شیراکوٹ   اور دیگر جگہوں سے ہوئیں۔ آج شام تک گرفتار ہونے والوں سے غیر قانونی مواد پتنگیں، ڈوریں برآمد  کی گئیں اور ان کے خلاف مقدمے درج کر لئے گئے۔ ڈولفن ٹیموں نے  اپنے گشت کے دوران گرفتار کئے گئے ملزموں کو  کارروائی کیلئے نصیر آباد، کوٹ لکھپت، ہربنس پورہ، کاہنہ  اور  دیگر ک تھانوں کے سپرد کر دیا۔ ڈولفن سکواڈ کے ایس پی اختر نواز نے آج کے سنڈے سپیشل گرینڈ آپریشن کے حوالے سے کہا کہ پتنگ بازی،ون ویلنگ،ہوائی فائرنگ کے خلاف بلا امتیاز کارروائیاں جاری رہیں گی۔ شہریوں کی جانوں کو خطرے میں ڈالنے نہیں دیں گے۔ ڈولفن سکواڈ شہریوں کو حادثات اور قانون شکنی میں ملوث عناصر  کی ہلڑ بازی سے محفوظ رکھنے کیلئے اہم شاہراہوں پر موجود ہیں۔ یہ بھی پڑھیں:,N/A,24_news,17:28:PM
جوا ایپس کیس؛ڈکی بھائی کی اہلیہ عروب جتوئی کی عبوری ضمانت میں توسیع,"Jan 19, 2026",https://www.24urdu.com/19-Jan-2026/159505,ایڈیشنل سیشن جج منصور احمد قریشی نےجواایپس کیس کی سماعت کی،عدالت میں عروب جتوئی حاضر تھی جس پر عدالت نے کہا کیس کے تمام ملزمان کی ایف آئی ار اکٹھی ہے لہٰذا سب کے ساتھ بحث سنی جاے گی تاکہ اکٹھا فیصلہ کیا جائے۔ یہ بھی پڑھیں: اس کے بعد عدالت نے عروب جتوئی کی عبوری ضمانت میں توسیع کردی۔,N/A,24_news,10:29:AM
پولیس کا ڈاکوؤں کیخلاف آپریشن،11ڈاکوؤں نے سرنڈر کردیا,"Jan 18, 2026",https://www.24urdu.com/18-Jan-2026/159468,ڈی پی او راجن پور محمد عمران کے مطابق آپریشن کے دوران ڈاکوؤں کے ٹھکانوں پر ڈرون کے ذریعے گولا باری کی گئی جس کے نتیجے میں انتہائی مطلوب عمرانی گینگ کے 11 ڈاکوؤں نے خوف کے باعث پولیس کے سامنے ہتھیار ڈال دیے۔ سرنڈر کرنے والے ڈاکو بھاری اسلحے سمیت پولیس تحویل میں لے لیے گئے ہیں جو اغوا، قتل اور ڈکیتی کے درجنوں مقدمات میں مطلوب تھے۔ پولیس کا کہنا ہے کہ گرفتار ڈاکوؤں کو قانون کے مطابق سزا دی جائے گی جبکہ ڈاکوؤں کے ٹھکانے اور بنکرز تباہ کر دیے گئے ہیں۔ مزید ڈاکوؤں کو گرفتاری دینے کی وارننگ دی گئی ہے، پولیس اور ڈاکوؤں کے درمیان فائرنگ کا تبادلہ تاحال جاری ہے۔,N/A,24_news,22:05:PM
بجلی چور مافیا  کیخلاف کریک ڈاؤن جاری،گیپکو کے لائن سپرنٹنڈنٹ گرفتار,"Jan 18, 2026",https://www.24urdu.com/18-Jan-2026/159445,گرفتار ملزم نے بھاری رشوت کے عوض نجی ہاؤسنگ سوسائٹی کو بجلی کا زرعی کنکشن جاری کیا ہوا تھا، گرفتار لائن سپرنٹندنٹ نے درخواست گزار کے گھر کے اوپر سے 11 کے وی کی غیر قانونی لائن گزار رکھی تھی جس کے نتیجے میں معصوم بچہ اپنے دونوں ہاتھوں سے محروم ہو گیا۔ ترجمان ایف آئی اے کا کہنا ہے کہ ملزم کو گرفتار کر کے تفتیش کا آغاز کر دیا گیا۔,N/A,24_news,17:44:PM
پیر عبدالقادر شاہ جیلانی کے صاحبزادے پر قاتلانہ حملہ، گارڈ  جاں بحق,"Jan 19, 2026",https://www.24urdu.com/19-Jan-2026/159484,(ویب ڈیسک) راولپنڈی کے علاقے تھانہ روات کے قریب مفکر اسلام پیر سید عبدالقادر شاہ جیلانی کے صاحبزادے پر مبینہ قاتلانہ حملہ ہوا ہے ،جس کے نتیجے میں ان کا گارڈ  جاں بحق ہو گیا ۔ ذرائع  کے مطابق مبینہ قاتلانہ حملے  میں  پیر سید علی امام شاہ جیلانی  شدید زخمی  ہو گئے ، جنہیں فوری طبی امداد کیلئے اسپتال منتقل کر دیا گیا ہے۔حملے کے نتیجے میں شفقت نامی گارڈ جان کی بازی ہار گیا۔ فائرنگ کا یہ واقعہ تھانہ روات کے قریب راولپنڈی کی حدود میں پیش آیا۔ یہ بھی پڑھیں : ابتدائی اطلاعات کے مطابق نامعلوم حملہ آوروں نے گاڑی پر فائرنگ کی،زخمی سید امام حسین شاہ کو تشویشناک حالت میں اسپتال منتقل کر دیا گیا ہے، پولیس نے جائے وقوعہ کو گھیرے میں لے کر تحقیقات کا آغاز کر دیا ہے۔ایس ایس پی آپریشنز  ڈی ایچ کیو اسپتال پہنچ گئے ۔ پولیس حکام کا کہنا ہے کہ واقعے کی ہر زاویے سے تفتیش کی جا رہی ہے ۔ مبینہ حملہ آوروں کو جلد گرفتار کر لیا جائیگا ۔,N/A,24_news,00:11:AM
انوکھا واقعہ،11 سالہ بچے نے باپ کو قتل کردیا,"Jan 19, 2026",https://www.24urdu.com/19-Jan-2026/159496,پولیس کے مطابق امریکی ریاست پنسلوانیا میں 42 سالہ ڈگلس ڈیٹس نامی شخص منگل 13 جنوری کی صبح اپنے گھر میں مردہ حالت میں پایا گیا۔ رپورٹ کے مطابق اس کے سر پر گولی لگنے کا زخم موجود تھا، پولیس نے فوری کارروائی کرتے ہوئے ابتدائی تحقیقات کے بعد ہی مقتول کے 11 سالہ بیٹے کلیٹن کو گرفتار کرکے قتل کا مقدمہ درج کرلیا ہے۔ غیر ملکی میڈیا کی خبر کے مطابق مقتول کا کمرہ اپنے بیٹے کے کمرے کے ساتھ ہی تھا، تحقیقات کے بعد پولیس نے مقتول کے 11 سالہ بیٹے کو اس واقعے کا ملزم قرار دے دیا۔ مقامی پولیس کا کہنا ہے کہ یہ افسوسناک واقعہ ملزم کلیٹن کی سالگرہ کے روز پیش آیا، فائرنگ اس وقت ہوئی جب چند گھنٹے قبل ہی والدین نے بیٹے کے لیے سالگرہ کا کیک کاٹتے ہوئے ہیپی برتھ ڈے گایا تھا۔ مقتول کی اہلیہ، جن کا نام ظاہر نہیں کیا گیا ہے نے پولیس کو بتایا کہ وہ ایک زور دار آواز سے جاگیں اور انہیں کسی چیز کے جلنے یا آتش بازی جیسی بو محسوس ہوئی، انہوں نے اپنے شوہر کو جگانے کی کوشش کی مگر وہ بے ہوش پڑے تھے۔ خاتون کے مطابق انہیں کسی لیکوئیڈ جیسی چیز کے ٹپکنے کی آواز سنائی دی، لیکن جب لائٹ کھولی تو معلوم ہوا کہ وہ پانی نہیں بلکہ ان کے شوہر کا ہی خون تھا۔ اس حوالے سے پولیس حکام کا کہنا ہے کہ مقتول کی اہلیہ نے بتایا کہ اس دوران کلیٹن کمرے میں داخل ہوا اور چیخ کر کہا کہ ڈیڈی مرگئے ہیں اور میں نے ڈیڈی کو مار دیا ہے۔ ابتدائی تحقیقات کے دوران کلیٹن نے پولیس کے سامنے اعتراف جرم کیا اور بتایا کہ وہ اس وقت شدید غصے میں تھا جب اس کے والد نے اسے سونے کے لیے کہا اور موبائل گیم چھین لیا تو میں نے گولی مار دی۔ پولیس دستاویزات کے مطابق بچے کو اپنے والد کی دراز کی چابی مل گئی تھی، جس کے ذریعے اس نے اپنا موبائل گیم تلاش کرنے کیلیے الماری کا سیف کھولا۔ پولیس کے مطابق کلیٹن نے الماری سے ایک پستول نکالا، اس میں گولیاں بھریں اور پھر اپنے والد کے بستر کے پاس جا کر فائر کیا، جس کے نتیجے میں ڈگلس موقع پر ہی ہلاک ہوگیا۔ پولیس کے مطابق بچے کی والدہ کو اس بات کا علم تھا کہ بیڈروم میں اسلحہ موجود ہے، تاہم انہیں یہ معلوم نہیں تھا کہ دراز کی چابی کہاں رکھی ہے۔ حکام نے یہ بھی بتایا کہ ڈگلس اور ان کی اہلیہ نے کلیٹن کو سال 2018 میں گود لیا تھا۔,N/A,24_news,09:44:AM
کاہنہ کے علاقے میں باپ اور دو بیٹوں کو قتل کرنے والا ملزم گرفتار,"Jan 18, 2026",https://www.24urdu.com/18-Jan-2026/159427,تفصیلات کے مطابق کاہنہ  میں باپ اور دو بیٹوں کو قتل کرنے والے  ملزم کو پولیس نے گرفتار کر لیا،ملزم روحیل مقتول کامران کا دوست تھا۔ ملزم نے پیسوں کے تنازع پر باپ اور بیٹوں کو قتل کیا،ملزم روحیل نے مقتول دوست کامران کے 30 لاکھ واپس کرنے تھے۔ پولیس ذرائع کے مطابق پیسوں کی واپسی کے مطالبے پر ملزم نے باپ اور 2 بیٹوں کو قتل کیا،ملزم ملتان چونگی کا رہائشی ہے۔ ملزم کا کامران سے 10 سال پرانا تعلق تھا،ملزم فرار ہوتے وقت مقتولین کے موبائل فونز اور ڈی وی آر بھی ساتھ لے گیا۔,N/A,24_news,14:31:PM
مرد کا حلیہ بنا کر چوریاں کرنے والی دو لڑکیاں سامنے آ گئیں,"Jan 18, 2026",https://www.24urdu.com/18-Jan-2026/159478,مرد کا حلیہ بنا کر چوریاں کرنے والی دو لڑکیوں کو پولیس نے گرفتار کرلیا۔ بھارتی میڈیا  مین شائع ہونے والی رپورٹوں کے مطابق بنگلور میں گرفتاری سے بچنے کے لیے دو لڑکیاں مردوں جیسا حلیہ بنا کر چوری اور  راہزنی کی وارداتیں کررہی تھیں۔ پولیس نے رکشہ ڈرائیور کے گھر چوری کرنے والی لڑکیوں کو گرفتار کرلیا۔ رپورٹ کے مطابق رکشہ ڈرائیور  کسی کام کے سلسلے میں گھر سے باہر گیا ہوا تھا، شالو اور نیلو نامی لڑکیوں نے اس کے گھر میں گھس کر چوری کی واردات کی اور قیمتی سامان لوٹ کر فرار ہوگئیں۔ لڑکیوں نے پولیس سے بچنے کے لیے مردوں جیسے کپڑے پہن رکھے تھے۔ یہ بھی پڑھیں : رکشہ ڈرائیور نے چوری کا مقدمہ درج کروایا جس کے بعد پولیس نے سی سی ٹی وی فوٹیجز کی مدد سے تحقیقات کا آغاز کیا۔ فوٹیج میں لڑکیاں مردوں جیسی دکھائی دے رہی تھیں جبکہ واردات میں استعمال ہونے والی گاڑی کا رجسٹریشن نمبر ملتے ہی ان کا سراغ مل گیا۔ پولیس نے کارروائی کرتے ہوئے دونوں لڑکیوں کو گرفتار کیا۔ یہ بھی پڑھیئے:,N/A,24_news,22:49:PM
فیض حمید کے بھائی نجف حمید کی ضمانت منظور,"Jan 18, 2026",https://www.24urdu.com/18-Jan-2026/159394,اسپیشل جج سنٹرل شارخ ارجمند نے ضمانت کنفرم کر دی،عدالت نے ضمانت فریقین کے درمیان صلح کی بنیاد پرمنظور کی ۔ نجف حمید نے اسلام آباد کی مقامی عدالت سے عبوری ضمانت کرا رکھی تھی،جج شارخ ارجمند نے ضمانت منظوری کا تحریری حکم نامہ جاری کر دیا۔ یہ بھی پڑھیں: ایف آئی اے کے مقدمے میں نجف حمید پر فراڈ سمیت دیگر الزامات ہیں،وکیل عبد القدیر اور احد کھوکھر نے کیس کی پیروی کی۔,N/A,24_news,10:18:AM
امریکی سفارتخانے کی نشاندہی پر ایف آئی اے کی کارروائی، 2 ملزمان گرفتار,"Jan 18, 2026",https://www.24urdu.com/18-Jan-2026/159419,ترجمان ایف آئی اے کے مطابق کارروائی امریکی سفارتخانے کی نشاندہی پر  اینٹی ہیومن ٹریفکنگ سرکل نے کی جس دوران 2 ملزمان طاہر شہباز اور رب نواز کو گرفتار کیا گیا۔ ترجمان نے بتایا کہ ملزمان کو اسلام آباد سے گرفتار کیا گیا جبکہ ملزمان نےجعلسازی سے 12شہریوں کو امریکا بھجوانے کی کوشش کی۔ ترجمان ایف آئی اے کے مطابق ملزمان کے دیگر 2 ساتھیوں کی گرفتاری کے لئے چھاپہ مار کارروائیاں جاری ہیں۔ یہ بھی پڑھیں,N/A,24_news,12:51:PM
راجن پور:11 ڈاکوؤں نے ہتھیار ڈال دیئے,"Jan 19, 2026",https://www.24urdu.com/19-Jan-2026/159517,پولیس نے کچہ عمرانی، سکھانی اور کچہ کراچی کے علاقوں میں ڈاکوؤں کے خلاف مؤثر ٹارگٹڈ آپریشن کیا ۔ اس دوران جدید ٹیکنالوجی کا استعمال کرتے ہوئے ڈرونز کے ذریعے ڈاکوؤں کے ٹھکانوں پر گولہ باری کی گئی۔ اس حوالے سے ڈی پی او کا کہنا ہے کہ ڈاکو اغواء، قتل اور ڈکیتی کے مقدمات میں مطلوب تھے۔ ڈی پی او نے کہا کہ آپریشن کے دوران ڈاکوؤں کے 7 ٹھکانوں کو تباہ کیا گیا ہے۔ دوسری جانب گھوٹکی کے علاقے رونتی کچے میں پولیس، وفاقی سول حساس ادارے اور سندھ رینجرز نے ڈاکوؤں کے خلاف مشترکہ آپریشن کرتے ہوئے 2 ڈاکو کو ہلاک کر دیا۔ ڈی آئی جی سکھر ناصر آفتاب اور ایس ایس پی گھوٹکی محمد انور کھیتران کی قیادت میں پولیس اور سندھ رینجرز کا رونتی کچے میں مشترکہ ٹارگیٹڈ آپریشن جاری ہے۔ کاروائی کے دوران پولیس کی جانب سے ڈرون کے ذریعے ڈاکوؤں کے ٹھکانوں کو نشانہ بنایا گیا ۔ 2 ڈاکو اصغر شر اور بخش شر ہلاک ہوئے جبکہ 3 سال سے ڈاکوؤں کے پاس قید پنجاب کے علاقے بورے والا کے رہائشی محمد عبداللّٰہ آرائین کو بازیاب کروا لیا گیا ہے۔,N/A,24_news,11:40:AM
ڈانس کلب کھولنے کا اعلان کرنے والی خاتون انفلوئنسر گرفتار,"Jan 19, 2026",https://www.24urdu.com/19-Jan-2026/159530,پشاور پولیس کا کہنا ہے کہ سوشل میڈیا پر لوگوں کو بے راہ روی کی جانب راغب کرنے والی خاتون کو گرفتار کر لیا گیا ہے، فحاشی پھیلانے میں ملوث خاتون سونیا شاہ زوجہ دادو شاہ کو گلبہار نمبر 4 اعجاز آباد سے گرفتار کیا گیا۔ پولیس کے مطابق ملزمہ نے ایک وائرل ویڈیو میں پشاور میں ڈانس کلب کھولنے کا دعویٰ کیا تھا، انفلوئنسر خاتون نے نازیبا زبان کا بھی استعمال کیا جو معاشرتی اقدار اور قانون کی خلاف ورزی ہے۔ یہ بھی پڑھیں: گرفتار انفلوئنسرکے خلاف مقدمہ درج کر کے تفتیش شروع کر دی گئی ہے، پولیس کا کہنا ہے کہ فحاشی اور بے راہ روی پھیلانے والوں کے خلاف گھیرا مزید تنگ کر دیا گیا ہے۔ پولیس حکام نے یہ وضاحت بھی کی ہے کہ غیر اخلاقی زبان کے استعمال پر ٹک ٹاکر خاتون کو تھانہ گلبہار کی لیڈیز پولیس کے ہمراہ گرفتار کیا گیا ۔,N/A,24_news,13:41:PM
تھرپارکر: مبینہ زیادتی کا نشانہ بننے والی لڑکی دورانِ علاج دم توڑ گئی,"Jan 18, 2026",https://www.24urdu.com/18-Jan-2026/159437,پولیس کےمطابق افسوسناک واقعہ تین روز قبل چھاچھرو کے نواحی گاؤں کھڈی میں پیش آیا تھا،متاثرہ لڑکی نےبدنامی کے خوف کےباعث خودکشی کی کوشش کی،جس کے بعد اس کی حالت غیر ہوگئی۔ لڑکی کےوالد کے مطابق دو ملزمان رات کی تاریکی میں گھر میں داخل ہوئے اور مبینہ طور پر زیادتی کی کوشش کی،جس کے صدمے سے بیٹی شدید ذہنی دباؤ کا شکارہوگئی،اوراس صدمے کے باعث اپنی زندگی ختم کرنے کی کوشش کی ۔ پولیس کےمطابق زخمی لڑکی کوتشویشناک حالت میں حیدرآباد منتقل کیاگیاتھا،تاہم وہ جانبرنہ ہو سکی۔ یہ بھی پڑھیں: پولیس کے مطابق لڑکی کی لاش پوسٹ مارٹم کے لیےچھاچھرو ہسپتال منتقل کر دی گئی ہے،واقعے میں نامزد دو ملزمان کوگرفتارکرلیا گیا ہےاورانکےخلاف زیادتی اور قتل کی دفعات کے تحت مقدمہ درج کر کے مزید تفتیش شروع کر دی گئی ہے۔,N/A,24_news,15:35:PM
پشاور کے علاقے حیات آباد میں موبائل چھیننے  کی انوکھی واردات,"Jan 18, 2026",https://www.24urdu.com/18-Jan-2026/159475,حیات آباد پولیس کے مطابق شہری سے گن پوائنٹ پر موبائل فون اور رقم چھیننے کے دوران واقعہ پیش آیا۔ اس  واردات  کے بعد پتہ چلا کہ اسلحہ کے زور پر شہری کو لوٹنے والا  موبائل سنیچر  خواجہ سرا تھا۔  جس نے کپڑے بھی خواتین کے پہن رکھے تھے۔ اس واردات کی شکایت ملنے پر پولیس نے  ہنی نامی خواجہ سرا کو   گرفتار کر لیا۔پولیس نے خواجہ سرا کو گرفتار کرکے تفتیش شروع کر دی۔ یہ بھی پڑھیئے:,N/A,24_news,22:39:PM
کراچی، ڈیفنس میں فلیٹ سے زنجیروں میں قید خاتون بازیاب,"Jan 10, 2026",https://www.24urdu.com/10-Jan-2026/158523,پولیس کے مطابق درخشاں تھانےکی حدود ڈیفنس فیز 5 کمرشل ایریا میں واقع فلیٹ میں خاتون کو غیر قانونی طور پر قید میں رکھے جانے کی اطلاع مدد گار 15 کو ملی، جس پر ایس ایچ او تھانہ درخشاں پولیس پارٹی کے ہمراہ مذکورہ مقام پر پہنچے۔ ایس ایچ او تھانہ درخشاں ریاض نیازی نے بتایا کہ خاتون کو غیر قانونی طور پر قید کیے جانے کی اطلاع پر پہنچے تو مذکورہ فلیٹ کا دروازہ اندر سے بند تھا تاہم پڑوسیوں کی موجودگی میں فلیٹ کا تالہ توڑ کر اندر داخل ہوئے تو فاطمہ نامی خاتون کو اس کی گردن، ہاتھ اور پاؤں میں لوہے کی زنجیروں سے باندھ کر قید کیا گیا تھا،انہوں نے  بتایا کہ کٹر مشین کی مدد سے زنجیریں کاٹ کر خاتون کو بحفاظت بازیاب کرایا گیا۔ متاثرہ خاتون نے انکشاف کیا کہ وہ شیریں جناح کالونی کی رہائشی ہیں، ان کے سابق شوہر نے انہیں اپنے بچوں کے اخراجات دینے کے بہانے مذکورہ فلیٹ پر بلایا تھا۔ پولیس کو خاتون نے بتایا کہ جب وہ  صبح 9 بجے کے قریب فلیٹ پر پہنچیں تو ان کے سابق شوہر نے اپنے دوست کے ساتھ مل کر اسے زبردستی بیڈ روم میں بند کر کے زنجیروں سے باندھ دیا۔ پولیس کے مطابق فلیٹ میں خاتون کی چیخ و پکار سن کر پڑوسیوں نے مدد گار 15کو آگاہ کیا، پولیس نے واقعے کا مقدمہ درج کرکے ملزمان کی تلاش شروع کردی ہے۔,N/A,24_news,22:49:PM
منشیات رکھنے کے الزام میں لیڈی پولیس کانسٹیبل گرفتار، آئس اور چرس برآمد,"Jan 11, 2026",https://www.24urdu.com/11-Jan-2026/158597,پولیس کے مطابق گزشتہ شب لیڈی کانسٹیبل کے گھر پرچھاپے کے دوران ملزمہ سے 150 گرام آئس برآمد ہوئی جبکہ گرفتار ملزمہ کی والدہ سے بھی 2 کلو چرس برآمد ہوئی۔ پولیس کے مطابق گرفتار ملزمہ کی نشاندہی پر 3 ساتھی بھی گرفتار کرلیے گئے جن سے 12 کلو چرس برآمد ہوئی۔ یہ بھی پڑھیں: گرفتار لیڈی کانسٹیبل کو معطل کرکے ویمن تھانے میں مقدمہ درج کرلیا گیا ہے۔,N/A,24_news,15:23:PM
لاہور میں جانوروں کی پراسرار ہلاکت کا راز فاش,"Jan 14, 2026",https://www.24urdu.com/14-Jan-2026/158886,پولیس کے مطابق کوڑا اٹھانے والا خاکروب ہی جانوروں کو ہلاک کرتا تھا۔ پولیس اہلکاروں نے بتایا کہ خاکروب مردہ جانوروں کا گوشت ہوٹلوں کو فروخت کرتا تھا۔ پولیس نے 2 ملزمان گرفتار کر کے 8 مقدمات درج کر لیے ہیں۔,N/A,24_news,09:53:AM
متنازع ٹویٹ کیس :عدالت نے ایمان مزاری کو ریلیف دے دیا,"Jan 12, 2026",https://www.24urdu.com/12-Jan-2026/158690,ڈسٹرکٹ اینڈ سیشن کورٹس اسلام آباد میں ایمان مزاری اور ہادی علی چٹھہ کے خلاف متنازع ٹویٹ کیس کی سماعت ہوئی، ایڈیشنل ڈسٹرکٹ اینڈ سیشن جج محمد افضل مجوکہ نے کیس پرسماعت کی، ہادی علی چٹھہ عدالت میں پیش ہوئے جبکہ ایمان مزاری پیش نہیں ہوئیں۔ دورانِ سماعت عدالت کو آگاہ کرتے ہوئے ہادی علی چٹھہ نے بتایا کہ ایمان مزاری کو 104 بخار ہے جس کی وجہ سے وہ عدالت میں پیش نہیں ہو سکتیں، انہیں خود بھی بخار ہے لیکن وہ اس لئے عدالت آئے ہیں تاکہ یہ نہ لگے کہ وہ بہانہ کر رہے ہیں۔ جج محمد افضل مجوکہ نے ہدایت دی کہ ایمان مزاری کی حاضری سے استثنا کی درخواست دائر کی جائے، جس کے بعد عدالت نے تحریری درخواست آنے تک سماعت میں وقفہ کر دیا۔ یہ بھی پڑھیں: وقفے کے بعد کیس کی دوبارہ سماعت ہوئی تو ہادی علی چٹھہ کی جانب سے ایمان مزاری کی حاضری سے استثنا کی تحریری درخواست دائر کی گئی، جسے عدالت نے منظور کر لیا، بعد ازاں عدالت نے ایمان مزاری اور ہادی علی چٹھہ کے خلاف متنازع ٹویٹ کیس کی سماعت 14 جنوری تک ملتوی کر دی۔ واضح رہے کہ ایمان مزاری اور ہادی علی چٹھہ کے خلاف این سی سی آئی اے نے مقدمہ درج کر رکھا ہے۔,N/A,24_news,13:35:PM
ڈاکو 20 تولہ سونا اور نقدی لوٹ کر فرار,"Jan 15, 2026",https://www.24urdu.com/15-Jan-2026/159025,پولیس ذرائع کے مطابق یہ واردات تھانہ بھٹائی نگر کی حدود گلستانِ سجاد میں محمد علی نامی شہری کے گھر پیش آئی، جہاں دو مسلح ملزمان نے گھر میں گھس کر خواتین کو یرغمال بنا لیا۔ دورانِ واردات ڈاکوؤں نے گھر میں موجود 20 تولہ سونا اور نقد رقم اپنے قبضے میں لے لی، جس کے بعد وہ فرار ہو گئے۔ واقعے کی اطلاع ملتے ہی پولیس موقع پر پہنچ گئی اور شواہد اکٹھے کرتے ہوئے تحقیقات کا آغاز کر دیا گیا ہے۔ پولیس کا کہنا ہے کہ ملزمان کی تلاش جاری ہے اور جلد انہیں گرفتار کر کے قانون کے کٹہرے میں لایا جائے گا۔ خیال رہے کہ چند دن قبل شہر قائد کے علاقے محمد علی سوسائٹی میں رواں سال کی سب سے بڑی چوری کی واردات ہوئی ہے، دو گھریلو ملازمائیں 100 تولے سے زائد سونا لوٹ کر فرار ہوئیں، محمد علی سوسائٹی میں چوری کی ایک بڑی واردات ہوئی  جو 2026 کی سب سے بڑی واردات ہے، جس میں دو گھریلو ملازماؤں نے سو تولے سے زائد سونا لوٹ لیا، جس کی مالیت ساڑھے 4 کروڑ روپے سے زائد بنتی ہے، بہادر آباد تھانے میں واردات کا مقدمہ درج کر لیا گیا تھا۔,N/A,24_news,11:02:AM
علیمہ خان کی حاضری سے استثیٰ کی درخواست منظور,"Jan 15, 2026",https://www.24urdu.com/15-Jan-2026/159067,انسداد دہشت گردی عدالت راولپنڈی میں 26 نومبر کے احتجاج سے متعلق درج مقدمے کی سماعت ہوئی،اس مقدمے میں علیمہ خان سمیت 11 ملزمان نامزد ہیں۔ سماعت کے دوران علیمہ خان کی جانب سے حاضری سے استثنیٰ کی درخواست دائر کی گئی، جسے عدالت نے منظور کرلیا۔ مقدمے میں نامزد ملزم عاطف ریاض کے وکیل جرح کے لیے عدالت میں پیش نہ ہوئےجس پر عدالت نے وکیل پر 10 ہزار روپے جرمانہ عائد کر دیا۔ یہ بھی پڑھیں: عدالت نے مقدمے کی مزید سماعت 19 جنوری تک ملتوی کرتے ہوئے استغاثہ کے مزید گواہان کو طلب کر لیا، اب تک مقدمے میں 7 گواہان پر جرح مکمل ہوچکی ہے۔,N/A,24_news,16:33:PM
کراچی؛فیروز آباد پولیس نے کروڑ پتی ماسیوں کا گینگ گرفتار کرلیا,"Jan 15, 2026",https://www.24urdu.com/15-Jan-2026/159070,ایس ایچ او فیروز آباد عدیل افضال کے مطابق گینگ سرغنہ عروج نے لاکر کی چابی چرا کر 3 ہزار روپے میں دوسری بنوائی،گرفتار 5 ملازماؤں نے انکشاف کیا کہ سرغنہ عروج نے چوری کی،رقم سے پوش علاقے میں گھر اور کرولا گاڑی خریدی، اپنے منگیتر کو ڈھائی لاکھ کی نئی موٹر سائیکل بھی دلوائی۔ پولیس کے مطابق عروج ، سویرا کا تعلق اوکاڑا اور نائلہ کا تعلق فیصل آباد جبکہ ثناء کا تعلق رحیم یار خان اور علشبہ کا کوٹ ادو سے ہے۔ پولیس حکام کا کہنا ہے کہ ابتدائی تفتیش سے پتہ چلا ہے کہ عروج نے موقع دیکھ کر گھر کے مالک کے بیگ سے چابی نکالی تھی، وہ مختلف اوقات میں الماری سے پیسے نکالتی اور استعمال کرتی رہی،عروج ساتھی ماسیوں کو باقاعدہ 20سے25 ہزار روپے خرچہ بھی دیتی تھی،مزید تفتیش جاری ہے۔,N/A,24_news,16:46:PM
منشیات رکھنے کے الزام میں لیڈی پولیس کانسٹیبل گرفتار,"Jan 11, 2026",https://www.24urdu.com/11-Jan-2026/158635,گرفتار لیڈی کانسٹیبل کو معطل کر کے وومن تھانے میں مقدمہ درج کر لیا گیا۔ پولیس کے مطابق گزشتہ شب گھر پر چھاپے کے دوران ملزمہ سے 150 گرام آئس برآمد ہوئی تھی۔ گرفتار ملزمہ کی والدہ سے بھی 2 کلو چرس برآمد ہوئی۔ یہ بھی پڑھیں:,N/A,24_news,21:03:PM
لودھراں میں والد کے قاتل بیٹے کو سزائے موت ہو گئی,"Jan 15, 2026",https://www.24urdu.com/15-Jan-2026/159074,لودھراں کے ایڈیشنل سیشن جج نے آج قتل کے اس مقدمہ کا فیصلہ سنا دیا لودھراں  کے تھانہ جلہ ارائیں کے علاقہ میں عبدالمجید نے اپنے والد حق نواز کو رات کے وقت کلہاڑی کے وار کرکے قتل کر دیا تھا۔ مجرم کو والد سے رنجش تھی کہ انہوں نے اسے گھر سے کیوں نکال دیا۔ قتل کے وقت والد حق نواز سوئےہوئے تھے۔ مقتول حق نواز نے اپنے بیٹے عبدالمجید کی نافرمانی سے عاجز آ کر اس کو گھر سے نکال دیا تھا۔ عبدالمجید نے بدلہ لینے کی خاطر اپنے بوڑھے والد کو قتل کر دیا تھا۔ تھانہ جلہ آرائیں کی پولیس نے 28 اگست 2023 کو مقتول حق نواز کے بیٹے عبدالغفور کی مدعیت میں قتل کا مقدمہ درج کیا تھا۔ ایڈیشنل سیشن عدالت نے اسمقدمہ کی سماعت کی۔ آج عدالت نے جرم ثابت ہونے پر مجرم عبدالمجید کو سزائے موت اور 10 لاکھ روپے جرمانے کی سزا سنا دی۔,N/A,24_news,17:07:PM
اسلام آباد پولیس میں بڑے پیمانے پر تبادلے کردیئے گئے,"Jan 10, 2026",https://www.24urdu.com/10-Jan-2026/158530,ایس ایس پی آپریشنز اسلام آباد کی جانب سے ایس ایچ اوز کے تبادلوں کا نوٹیفکیشن جاری کر دیا گیاہے۔ بنی گالا، مارگلہ، سیکرٹریٹ، ترنول اور آئی نائن تھانے کے ایس ایچ اوز تبدیل کردیئے گئے ہیں۔ بارہ کہو ، نیلور ، سبزی منڈی ، آبپارہ کے ایس ایچ او بھی تبدیل  ہو گئے۔  مجموعی طور پر 9 تھانوں کے ایس ایچ اوز کو تبدیل کر دیا گیا  ہے۔ یہ بھی پڑھیئے: آپریشنل بنیادوں پر ایس ایچ اوز کے تبادلے ہوئے ہیں۔ یہ احکامات فوری نافذ  ہو چکے ہیں۔ اسلام آباد پولیس میں انتظامی رد و بدل کرتے ہوئے آج  تھانوں کی سطح پر بڑی تبدیلیاں کی گئیں۔ ایس ایس پی آپریشنز قاضی علی رضا نے تبادلوں کے احکامات جاری کر دیئے۔ یہ بھی پڑھیں :,N/A,24_news,23:40:PM
نامعلوم افراد کی فائرنگ ، مشہور ٹک ٹاکر خاتون جاں بحق,"Jan 12, 2026",https://www.24urdu.com/12-Jan-2026/158689,"یہ افسوسناک واقعہ ہری پور کے علوے خالو غازی میں پیش آیا جہاں نامعلوم موٹرسائیکل سوار فائرنگ کے بعد موقع سے فرار ہونے میں کامیاب ہوگئے،فائرنگ کے نتیجے میں ٹک ٹاکر خاتون رضوانہ عرف حسینہ موقع پر ہی جاں بحق ہوگئیں۔ پولیس کے مطابق لاش کو قانونی کارروائی کیلئے ہسپتال منتقل کر دیا گیا ہے اور واقعے کی تحقیقات کا آغاز کردیا گیا ہے۔ واقعے کے بعد پولیس اور ریسکیو ٹیمیں موقع پر پہنچ گئیں ہیں جبکہ علاقے کو سیل کر کے شواہد اکٹھے کئے جارہے ہیں۔ خیال رہے کہ پیچھے سال ثناء یوسف جو سوشل میڈیا پلیٹ فارم ""ٹک ٹاک” پر اپنی ویڈیوز کے ذریعے مقبول ہوئیں، اچانک پراسرار حالات میں جاں بحق ہو گئیں۔ ابتدائی اطلاعات میں اسے خودکشی قرار دیا گیا تھا تاہم اہل خانہ اور کچھ شواہد کی بنیاد پر پولیس نے قتل کا مقدمہ درج کیا۔ پولیس ذرائع کے مطابق قتل کا واقعہ اسلام آباد کے تھانہ سنبل کی حدود سیکٹر جی 13 ون میں پیش آیا، جاں بحق لڑکی کی شناخت ٹک ٹاکر ثنا یوسف کے نام سے ہوئی تھی۔",N/A,24_news,13:29:PM
حافظ آباد میں قتل کا اشتہاری ملزم انٹرپول کےذریعے مسقط سے 23 سال بعد گرفتار,"Jan 13, 2026",https://www.24urdu.com/13-Jan-2026/158778,ڈی پی او کے مطابق ملزم کو 23 سال بعد گرفتار کیا گیا ہے۔ ڈی پی او نے گرفتاری سے متعلق بتایا کہ اسپیشل آپریشن کےذریعےانٹرپول سے رابطہ کیا گیا اور پھر ریڈ وارنٹ جاری کروائےگئے۔,N/A,24_news,09:46:AM
ایمان مزاری اور ہادی علی چٹھہ کی ضمانت منسوخ ،گرفتار کرکے پیش کرنے کا حکم,"Jan 15, 2026",https://www.24urdu.com/15-Jan-2026/159039,ایڈیشنل ڈسٹرکٹ اینڈ سیشن جج افضل مجوکا نےایمان مزاری اور ہادی علی چٹھہ کے خلاف متنازعہ ٹویٹس کیس کی سماعت کی۔ ایمان مزاری اور ہادی علی چٹھہ وقفہ کے بعد عدالت میں پیش نہ ہوئے ،عدالت نے ایمان مزاری اور ہادی علی چٹھہ کی ضمانت منسوخ کر دی۔ عدالت نے ملزمان کو گرفتار کرکے پیش کرنے کا حکم دیتے ہوئے ملزمان کا جرح کا حق بھی ختم کر دیا،کل 342 کا بیان ریکارڈ کیا جائے گا۔ یہ بھی پڑھیں: عدالت نے کیس کی سماعت کل تک ملتوی کر دی۔,N/A,24_news,12:48:PM
چوہدری پرویز الٰہی سمیت 9 ملزمان پر دوبارہ فرد جرم عائد,"Jan 15, 2026",https://www.24urdu.com/15-Jan-2026/159027,احتساب عدالت لاہورمیں چوہدری پرویز الٰہی سمیت دیگر کے خلاف گجرات ترقیاتی منصوبوں میں کرپشن اور کک بیکس ریفرنس پر سماعت ہوئی۔ سابق وزیر اعلی پنجاب پرویز الٰہی طلب کرنے پر احتساب عدالت میں پیش ہوئے،سابق پرنسپل سیکرٹری پنجاب اسمبلی محمد خان بھٹی سمیت دیگربھی پیش ہوئے۔ احتساب عدالت کے جج رانا محمد عارف نے ریفرنس پر سماعت کی،دیگر شریک ملزمان خالد محمود چٹھہ، سلمان احمد ، اسد علی، نعیم اقبال، محمد اصغر ،آصف محمود راٹھور اور مظفر اقبال شامل ہیں،دو نئے شریک ملزمان کیخلاف سپلیمنٹری ریفرنس جمع کرایا گیا اورنئے ملزمان کی وجہ سے تمام ملزمان پر دوبارہ فرد جرم عائد کی گئی۔ عدالت نے آئندہ سماعت پر گواہان کو شہادت ریکارڈ کرانے کیلیے طلب کر لیا۔ یہ بھی پڑھیں: عدالت نے کہاکہ حاضری سے مستقل استثنیٰ کے باعث آئندہ پرویز الہی کو پیش ہونے کی ضرورت نہیں ہے،ان کے نمائندے ٹرائل کیلئے ان کی جگہ پیش ہوں۔,N/A,24_news,11:23:AM
سترہ سالہ بچی کو  دو اوباش لڑکوں نے زیادتی کا نشانہ بنایا اور گھناؤنے عمل کی ویڈیو  بنا لی,"Jan 10, 2026",https://www.24urdu.com/10-Jan-2026/158521,ملکوال کے علاقہ ساہنا میں دو اوباش افراد نے گھر مین تنہا  17 سالہ لڑکی سے ان کے گھر مین گھس کر اجتماعی زیادتی کی، تیسرا ملزم ویڈیو بناتا رہا۔ پولیس نے شکایت موصول ہونے پر تین ملزموں کیخلاف تھانہ ملکوال میں مقدمہ درج کر لیا۔ تھانہ ملکوال کے علاقہ ساہنا کی رہائشی  خاتون شازیہ ریاض نے پولیس کو  درخواست دی کہ وہ 9 اور 10 جنوری کی درمیانی رات اپنی بہن کے گھر میں گئی ہوئی تھیں۔ جبکہ ان کی 17 سالہ بیٹی اپنی چھوٹی بہن کے ساتھ گھر میں تنہا تھی۔ والدہ نے کہا کہ وہ جب صبح گھر واپس آئیں تو  ان کی بیٹی سہمی اور ڈری ہوئی تھی ۔ یہ بھی پڑھیں: یہ بھی پڑھیئے: پوچھنے پر بیٹی ننے بتایا کہ اسی گاؤں کا ارسلان عرف شانی اور ثقلین گوندل ایک نامعلوم ساتھی کے ہمراہ رات کو  گھر میں داخل ہوئے۔ متاثرہ لڑکی نے بتایا کہ ارسلان اور ثقلین گوندل نے باری باری زبردستی زیادتی کی جبکہ تیسرا نامعلوم ملزم ویڈیو  بناتا رہا۔ پولیس نے تینوں ملزموں کیخلاف مقدمہ درج کر کے تفتیش شروع کردی ہے۔ اب تک کسی ملزم کو گرفتار نہیں کیا گیا۔,N/A,24_news,22:32:PM
حجرہ شاہ مقیم: بیوی اور بیٹے کے قاتل کو دو بار سزائے موت کا حکم,"Jan 12, 2026",https://www.24urdu.com/12-Jan-2026/158751,(24نیوز)عدالت نے حجرہ شاہ مقیم میں  بیوی اور بیٹے کے قاتل کو دو بار سزائے موت کا حکم دیدیا۔ پولیس کے مطابق جرم ثابت ہونے پر ایڈیشنل سیشن جج مستحسن احمد نے مجرم منشاء کو سزا سنائی،عدالت نے مجرم کو 5لاکھ روپے جرمانہ دینے کا بھی حکم دیا،جرمانہ کی عدم ادائیگی پر 3 سال قید با مشقت مزید بھگتنا ہو گی۔ پولیس کے مطابق 2023 میں گاؤں ڈوگرائے میں مجرم نے گھریلو جھگڑے پر بیوی اور بیٹے کو قتل کر دیا تھا۔ ڈی پی او راشد ہدایت نے کہاکہ قتل کرنے والے کسی بھی رعایت کے مستحق نہیں ، ڈی پی او نے تفتیشی لیڈی آفیسر عظمت نسیم اور لیگل ٹیم کو شاباش دی۔ یہ بھی پڑھیں:,N/A,24_news,22:52:PM
شراب و اسلحہ برآمدگی کیس ؛ علی امین گنڈا پور کےوارنٹ گرفتاری جاری,"Jan 05, 2026",https://www.24urdu.com/05-Jan-2026/157911,ڈسٹرکٹ اینڈ سیشن کورٹس اسلام آباد میں سابق وزیر اعلیٰ علی امین گنڈا پور کیخلاف شراب و اسلحہ برآمدگی کیس کی سماعت ہوئی،علی امین گنڈا پور کیخلاف اشتہاری کی کارروائی مکمل نہ ہوسکی۔ عدالت نے پولیس کو کل اخبارات میں اشتہارات دینے کی ہدایت کردی۔ جوڈیشل مجسٹریٹ مبشر حسن چشتی نے کیس پر سماعت کی،علی امین گنڈا پور آج عدالت میں پیش نہ ہوئے،ان کی مسلسل غیر حاضری کے باعث عدالت نے وارنٹ گرفتاری جاری کرتے ہوئے کیس کی آئندہ سماعت 7 جنوری  تک ملتوی کردی۔ یہ بھی پڑھیں: علی امین گنڈا پور کیخلاف تھانہ بارہ کہو میں مقدمہ درج ہے۔,N/A,24_news,15:55:PM
جناح ہاؤس حملہ کیس ؛خدیجہ شاہ سے متعلق عدالت کا بڑا فیصلہ,"Jan 10, 2026",https://www.24urdu.com/10-Jan-2026/158451,عدالت کے مطابق خدیجہ شاہ، فیصل اختر، عادل سعید، سید ارسلان، قاسم منہاس اور عبد اللہ حسن ٹرائل کے لیے بار بار طلبی کے باوجود عدالت میں پیش نہیں ہوئے۔ سرکاری وکیل نے عدالت کو بتایا کہ خدیجہ شاہ 9 مئی جلاؤ گھیراؤ کے ایک مقدمے میں سزا کے بعد روپوش ہو چکی ہیں جبکہ دیگر ملزمان بھی گرفتاری کے خوف سے پیش نہیں ہو رہے۔ استغاثہ کے مطابق عدالت کی جانب سے ملزمان کو پیش ہونے کے لیے مہلت دی گئی تھی، تاہم مقررہ وقت تک کوئی بھی ملزم عدالت کے روبرو پیش نہ ہوا۔ یہ بھی پڑھیں: یاد رہے کہ 20 ستمبر 2025 کو خدیجہ شاہ نے جلاؤ گھیراؤ کیس میں سنائی گئی سزا کو لاہور ہائیکورٹ میں چیلنج کیا تھا، جہاں انہوں نے وکیل سمیر کھوسہ ایڈووکیٹ کے ذریعے اپیل دائر کی جس میں مؤقف اختیار کیا تھا کہ خدیجہ شاہ کا مقدمے سے کوئی تعلق نہیں اور انہیں سیاسی بنیادوں پر مقدمے میں نامزد کیا گیا ہے۔ واضح رہے کہ لاہور کی انسداد دہشتگردی عدالت نے 9 مئی کے دیگر مقدمات میں بانی پی ٹی آئی کی بہنوں علیمہ خان اور عظمیٰ خان کی ایک روزہ حاضری معافی منظور کرتے ہوئے دیگر ملزمان کی ضمانتوں میں 31 اکتوبر تک توسیع کی تھی۔,N/A,24_news,11:22:AM
2026 کی سب سے بڑی چوری، گھریلوملازمائیں 100 تولہ سونا لوٹ کر فرار,"Jan 08, 2026",https://www.24urdu.com/08-Jan-2026/158211,محمد علی سوسائٹی میں چوری کی ایک بڑی واردات ہوئی ہے جو 2026 کی سب سے بڑی واردات ہے، جس میں دو گھریلو ملازماؤں نے سو تولے سے زائد سونا لوٹ لیا، جس کی مالیت ساڑھے 4 کروڑ روپے سے زائد بنتی ہے، بہادر آباد تھانے میں واردات کا مقدمہ درج کر لیا گیا۔ واردات کرنے والی گھریلو ملازماؤں کی سی سی ٹی وی فوٹیج بھی پولیس کو فراہم کر دی گئی ہے، ایک ماسی نے چہرہ کھلا دوسری نے کالے رنگ کا ماسک لگا رکھا تھا، فیملی ذرائع کے مطابق ایک روز قبل ہی ماسیوں کو گھر پر کام کے لیے رکھا تھا۔ فیملی کے مطابق بلڈنگ کے چوکیدار کی ضمانت پر ماسیوں کو نوکری دی گئی تھی، چوکیدار نے بتایا تھا کہ نادیہ اور دلشاد آپس میں نند بھاوج ہیں، دونوں ماسیاں کام کرنے آئیں اور 6 بجے واپس چلی گئیں، لیکن گھر کی خواتین رشتہ داروں کے گھر سے شام کو واپس آئیں تو دیکھا کمرے میں الماری کے لاک ٹوٹے ہوئے تھے۔ گھر کے فرش پرسونے کے زیورات کے ڈبے پڑے ہوئے تھے جن میں سے سونے کے 6 سیٹ، انگوٹھیاں، اور کڑے چوری ہو گئے تھے، ایک اندازے کے مطابق چوری ہونے والے سونے کے زیورات 100 تولے سے زائد تھے۔ یہ بھی پڑھیں متاثرہ فیملی نے درخواست کی ہے کہ دونوں ماسیوں نادیہ اور دلشاد کے خلاف کارروائی کی جائے اور ان کا چوری شدہ سامان ریکور کروایا جائے۔ واردات کرنے والی ملازماؤں کی سی سی ٹی وی فوٹیج بھی سامنے آ گئی ہے، ویڈیو واردات کے بعد فرار ہوتے وقت کی ہے۔,N/A,24_news,09:25:AM
کراچی میں پولیس پر فائرنگ کرنے والے دو ڈاکو مارے گئے,"Jan 08, 2026",https://www.24urdu.com/08-Jan-2026/158303,کراچی کے علاقے پاک کالونی میں پولیس پر فائرنگ کرنے والے دو ڈاکوؤں کے مارے جانے کی اطلاع سامنے آئی ہے۔ ایس ایس پی کیماڑی امجد شیخ نے تصدیق کی ہے کہ  کراچی کے علاقے پاک کالونی میں مقابلے میں زخمی ہونے والے دونوں ملزمان ہلاک ہوگئے۔ پولیس کے مطابق ہلاک ملزمان متعدد اسٹریٹ کرائم کی وارداتوں میں ملوث تھے اور بینک سے رقم لے کر نکلنے والے شہریوں کو بھی لوٹا کرتے تھے۔ ایس ایس پی کا کہنا تھا کہ ملزمان سے اسلحہ، دو پستول اور چھینے گئے موبائل فون برآمد کرلیے گئے ہیں۔ پولیس حکام کا کہنا ہے کہ ہلاک ملزمان ارشد، سعید سے مسروقہ موٹر سائیکل بھی برآمد ہوئی ہے، تلاش ڈیوائس سے ملزمان کی شناخت، سابقہ مجرمانہ ریکارڈ حاصل کرلیا گیا ہے۔ پولیس کے مطابق ملزمان 19 سے زائد ڈکیتی، اسلحے، پولیس پر فائرنگ، ڈکیتی کے مقدمات میں مفرور تھے۔ واضح رہے کہ چند روز قبل کراچی کے علاقے بفرزون میں گھر میں ڈکیتی کے بعد فرار ہونے والے تین ڈاکو پولیس سے فائرنگ کے تبادلے میں ہلاک ہوگئے تھے۔,N/A,24_news,23:56:PM
ماں اور تین بچوں کے قاتلوں کا سراغ لگانےکیلئےخصوصی تحقیقاتی ٹیم بنادی گئی,"Jan 06, 2026",https://www.24urdu.com/06-Jan-2026/158059,ماں اور اس کے تین بچوں کے لرزہ قتل کی شفاف تحقیقات کے لئے خصوصی ٹیم  کی سربراہی ایس پی انویسٹیگیشن کیماڑی کریں گے ۔خصوصی تحقیقاتی ٹیم میں ڈی ایس پی، 3 انسپکٹرز اور سب انسپکٹر شامل  ہیں۔ یہ خصوصی تحقیقاتی ٹیم ڈی آئی جی ساؤتھ اسد رضا کے حکم پر بنائی گئی  ہے۔ خصوصی ٹیم ہر پہلو سے ماں اور بچوں کے قتل کے واقعہ  کی تحقیقات کرے گی۔ خصوصی تحقیقاتی ٹیم  اس جرم میں ممکنہ طور پر ملوث باقی ملزموں کابھی سراغ لگائے گی۔ تحقیقاتی ٹیم کو  حسب ضرورت ساؤتھ میں زون میں تعینات کسی بھی افسر کی خدمات لینے کا اختیار دیا گیا ہے۔ تحقیقاتی ٹیم کو کیس سے متعلق تحقیقاتی پیشرفت رپورٹ سے روزانہڈی آئی جی ساؤتھ کو آگاہ کرے گی۔,N/A,24_news,21:01:PM
راولپنڈی میں پولیس اہلکار کی فائرنگ سے زخمی ہونے والا شہری دم توڑ گیا,"Jan 09, 2026",https://www.24urdu.com/09-Jan-2026/158414,راولپنڈی  کے علاقہ ٹنچ بھاٹہ  میں  گُزشتہ روز  ایک پولیس اہلکار نے  اپنی اہلیہ واور دیگر افراد پر فائرنگ  کر دی تھی۔ اس واقعہ میں 62 سال کا دیار خان زخمی ہوا تھا۔ آج وہ ہسپتال میں دم توڑ گیا۔ دیار خان کو انتہائی تشویشناک حالت میں ڈی ایچ کیو اسپتال منتقل کیا گیا تھا ۔ آج اس کی وفات کے بعد مقتول کا پوسٹ مارٹم  ہوا اور رپورٹ جاری کر دی گئی۔ افسوسناک واقعہ تھانہ آر اے بازار کی حدود ٹینچ بھاٹہ میں پیش آیا تھا ۔ فائرنگ کا واقعہ مبینہ گھریلو ناچاقی  کا شاخسانہ بتایا جا رہا ہے۔ فائئرنگ کرنے والا پولیس اہلکار اس واقعہ کے بعد فرار ہو گیا تھا۔ پولیس حکام کا کہنا ہے کہ وہ  فرار پولیس اہلکار کی گرفتاری کیلئے پ چھاپے مار رہے ہیں۔ملزم کو جلد گرفتار کر لیا جائے گا۔,N/A,24_news,22:10:PM
علیمہ خان کی حاضری سے استثنیٰ کی درخواست مسترد، وارنٹ گرفتاری جاری,"Jan 07, 2026",https://www.24urdu.com/07-Jan-2026/158138,اے ٹی سی کے جج امجد علی شاہ نے بانی پی ٹی آئی کی بہن علیمہ خان کے خلاف درج مقدمے کی سماعت کی، ملزمہ کی جانب سے ان کے وکیل فیصل ملک جبکہ سرکار کی جانب سے پراسیکیوٹر ظہیر شاہ عدالت پیش ہوئے۔ سماعت کے دوران 5 ملزمان کے وکلاء کی جانب سے 10 گواہوں پر جرح مکمل کر لی گئی جبکہ ملزمان کے وکلاء کی جانب سے ان گواہان پر آج جرح نہ ہو سکی۔ مقدمہ کے پراسیکیوٹر ظہیر شاہ نے کہا کہ اس مقدمہ کی 28 سماعتیں ہو چکی ہیں، علیمہ خان کی کنڈکٹ کی وجہ سے یہ مقدمہ مسلسل تاخیر کا شکار ہے لہٰذا مقدمہ کی روزانہ کی بنیاد پر سماعت کا حکم دیا جائے۔ یہ بھی پڑھیں علیمہ خان کی حاضری سے استثنیٰ کی درخواست پر بھی پراسیکیوشن نے اعتراض اٹھاتے ہوئے کہا کہ حاضری سے استثنیٰ کی درخواست کے ساتھ لاہور میں زیر سماعت مقدمات کی کاز لسٹ موجود نہیں ہے جس پر عدالت نے ملزمہ علیمہ خان کی حاضری سے استثنیٰ کی درخواست مسترد کرتے ہوئے ان کے وارنٹ گرفتاری جاری کر دیئے۔ بعدازاں عدالت نے علیمہ خان کے خلاف مقدمہ کی سماعت کل (جمعرات) تک ملتوی کر دی ہے۔,N/A,24_news,14:44:PM
26نومبر احتجاج کیس؛ علیمہ خانم کی بریت کی درخواست پرفیصلہ محفوظ,"Jan 05, 2026",https://www.24urdu.com/05-Jan-2026/157902,انسداد دہشتگردی عدالت راولپنڈی میں علیمہ خانم کے  خلاف 26نومبر احتجاج پر درج مقدمہ کی سماعت ہوئی،علیمہ خانم کی جانب سے دائر بریت کی درخواست پر فریقین کے وکلاء کی بحث مکمل  ہونے پرعدالت نے فیصلہ محفوظ کرلیا۔ وکیل فیصل ملک نے کہاکہ 26نومبر احتجاج میں علیمہ خانم کا قصور یہ ہے،کہ بھائی سے جیل میں ملاقات کی،انہوں نے بانی پی ٹی آئی کا پیغام پارٹی اور عوام تک پہنچایا،بانی پی ٹی آئی نے پُرامن احتجاج کا پیغام دیا تھا،پرامن احتجاج کو جمہوری و آئینی تحفظ حاصل ہے،مقدمہ میں بتایا گیا کہ علیمہ خانم نے میڈیا کے ذریعے احتجاج کا پیغام دیا،کسی صحافی یا میڈیا چینل کو اس مقدمہ میں گواہ یا نامزد نہیں کیا گیا۔ عدالت نے کہاکہ آپکا مطلب ہے میڈیا کو بھی اس مقدمہ میں پھنسایا جائے جس پروکیل فیصل ملک نے کہاکہ میرے کہنے کا مطلب ہے کہ علیمہ خانم اور صحافیوں نے ایک جیساپیغام رپورٹ کیا،جیل ملاقات میں ہونے والی گفتگو کا کوئی گواہ موجود نہیں۔ یہ بھی پڑھیں: عدالت نے کہاکہ آپ کا کہنا ہے کہ علیمہ خانم سے صرف احتجاج کا پیغام دیا،وکیل صفائی فیصل ملک نے کہاجی ہاں علیمہ خانم نے پُرامن احتجاج کا پیغام دیا،مقدمے میں شامل دفعات کسی طور ملزمہ پر لگے الزامات کو ثابت نہیں کرتیں،قانون میں ایسا نہیں لکھا کہ پیغام دینے والا ملزم ہو،انسداد دہشتگری ایکٹ کی سیکشن6میں درج شقیں ملزمہ کے جرم کو ثابت نہیں کرتیں،یہ کیس بنتا ہی نہیں،یہ سیاسی انتقامی کارروائی ہے۔ پراسیکیوٹر ظہیر شاہ نے کہاکہ ملزمہ پر اینٹی ٹیررازم ایکٹ کی5شقوں کے تحت فرد جرم عائد کی،ملزمہ پر فرد جرم تفتیشی رپورٹ کی بنیاد پر لگائی گئی،سیاسی احتجاج کے دوران سارا کنٹرول منتظمین کے پاس ہوتا ہے،تھیوری آف کنٹرول کہتی ہے کسی بھی ایسے احتجاج میں ملزم کے پاس ساراکنٹرول ہوتا ہے،میڈیا کا اس مقدمے سے کوئی تعلق نہیں،میڈیا نے کونسا اپنا وزیراعظم بنا ناتھا،لوگ میڈیا کے کہنے پر باہر نہیں آئے،میڈیا کو گواہ کیوں بنائیں جب یہ خود مان رہے ہیں ہم نےاس احتجاج کیا۔ پراسیکویٹر ظہیر شاہ نے کہایہ دعویٰ کرتے ہیں کہ لوگ ہمارے کہنے پر باہر آئے لیکن عدالت کے سامنے نہیں مان رہے،پراسیکیوٹر نے علیمہ خانم کی میڈیا ٹاکس کا ٹرانسکرپٹ پڑھ کر عدالت کو سنایا۔ پراسیکیوٹر ظہیر شاہ نے کہاآئین میں لکھا ہے،کوئی بھی احتجاج،ریلی قانون کے دائرے میں ہو گی،ملزمان نے حکومت گرانے کے لئے پرتشدد احتجاج کی مذمت کی،علیمہ خانم نے میڈیا ٹاک میں بتایا کہ بانی پی ٹی آئی نے کہا احتجاج کا این او سی ہو یا نہ ہو ہم نہیں مانیں گے،یہ کیسا پرامن احتجاج تھا جس میں ایک پولیس اہلکار شہیداور170زخمی ہوئے،پورے ملک میں کاروباری سرگرمیاں معطل رہیں،ملک کو جام کر دیا گیا،احتجاج کے وقت ملزمان خود مان رہے تھے،ہم نے ملک بند کر دیا،خیبر پختون خوا سے مسلح جتھے پنجاب لائے گئے،مقدمے میں 18گواہان ریکارڈ ہو چکے ہیں،اس سٹیج پر بریت کی درخواست کو کوئی جواز نہیں،عدالت سے استدعا ہے ملزمہ کی درخواست بریت خارج کی جائے۔,N/A,24_news,14:30:PM
ٹک ٹاک پر پولیس کو چیلنج کرنا مہنگا پڑ گیا،نوجوان گرفتار,"Jan 06, 2026",https://www.24urdu.com/06-Jan-2026/158049,پولیس نے وائرل ویڈیو پر فوری کارروائی کرتے ہوئے  ٹک ٹاکر حراست میں لیا۔ پولیس نے چیلنج ویڈیو بنانے اور وائرل کرنے والوں کے خلاف بھی کارروائی کا اعلان کیا ہے۔ سوشل میڈیا کے غلط استعمال سے نوجوانوں کا مستقبل خراب ہونے کا یہ پہلا کیس نہیں،ریاستی اداروں کو چیلنج کرنا خطرناک رجحان بن گیا۔ ماہرین کے مطابق والدین کی عدم نگرانی اور تعلیم کی کمی اس کی اہم وجہ ہے۔,N/A,24_news,19:28:PM
صادق آباد  میں خواجہ سرا کو  بے دردی سے قتل کردیا گیا,"Jan 10, 2026",https://www.24urdu.com/10-Jan-2026/158509,مقتولہ کی شناخت شریف عرف عالیہ کے نام سے ہوئی۔  ڈی پی او عرفان علی سموں نے خواجہ سرا کے قتل کے واقعہ کا  فوری نوٹس لے لیا۔  پولیس نے موقع پر پہنچ کر تحقیقات کا آغاز کردیا ہے۔ مقتولہ عالیہ خواجہ سراء عرصہ دراز سے محلہ حسین آباد میں مقیم تھی۔ عالیہ کے ذاتی مکان کی تعمیر  آخری مراحل میں تھی۔ ابتدائی تحقیقات میں یہ سامنے آیا ہے کہ مقتولہ عالیہ کی چند روز پہلے شبو اور شمع سے پیسوں کے معاملے پر تکرار ہوئی تھی۔ ڈی اوعرفان علی سموں نے قتل کے اس واقعہ کا نوٹس لے لیا ہے۔  پولیس کی نفری جائے واردات،پہنچ  ہے۔  پولیس کے مطابق واقعے کی مختلف زاویوں سے تحقیقات کی جارہی ہے۔,N/A,24_news,20:14:PM
رشتہ ایپ سے  رابطہ کرنےوالی لڑکی کو ریپ کرنےوالا انکاؤنٹر میں ہلاک,"Jan 07, 2026",https://www.24urdu.com/07-Jan-2026/158180,ملزم نےرشتہ ایپ سےرابطہ کر کے بعد میں لڑکی کو جنسی زیادتی کانشانہ بنا دیا۔ ملزم عمر حیات و دیگر کیخلاف تھانہ ڈیفنس اے میں مقدمہ درج ہوا۔  بعد میں ملزم عمر حیات سی سی ڈی پولیس مقابلہ میں ہلاک ہو گیا۔ سی سی ڈی نے شریک ملزم بلال حسن کو آج عدالت میں پیش کیا۔ انسداد دہشت گردی عدالت کے جج منظر علی گل نے اس مقدمہ کی سماعت کی۔ سی سی ڈی اہلکاروں کی طرف سے عدالت کو بتایا گیا کہ شریک ملزم بلال حسن مرکزی ملزم عمر حیات کا ڈرائیور ہے۔ سی سی ڈی کی طرف سے عدالت کو جو تفصیل پیش کی گئی اس کے مطابق  ملزم عمر حیات نے رشتہ ایپ کے ذریعہ رابطہ کرنے کے بعد لڑکی سے ملاقاتیں شروع کر دیں۔ یہ بھی پڑھیں: اعتماد قائم کرنے کے لئے  ملزم لڑکی کو گاڑی میں لے کر گھومتا رہا۔ اس دوران ملزم نے دھوکہ سے لڑکی کو زیادتی کا نشانہ بنایا ،سی سی ڈی حکام نے بتایا کہ ملزم نے لڑکی کو اپنا آبائی گھر دکھانے کا بہانہ کیا اور اپنے ساتھ حافظ آباد لے گیا۔ زیادتی س کے خطرہ سے دوچار ہوتے ہی خوفزدہ لڑکی کے والدین کو اپنے موبائل  فون کے ذریعہ اپنی موجودہ لوکیشن بھیجی لیکن والدین بروقت مدد نہ کر سکے اور ملزم نے لڑکی کو ریپ کر دیا۔ لڑکی کے موبائل لوکیشن بھیجنےپرملزمان گرفتارہوئے ۔,N/A,24_news,19:56:PM
مفت عمرے کی آر میں منشیات سمگل کروانےوالا پانچ کلو چرس سمیت پکڑا گیا,"Jan 09, 2026",https://www.24urdu.com/09-Jan-2026/158392,پولیس کا کہنا ہے کہ ملزم کو 5 کلو سے زائد چرس برآمد ہونے پر رنگے ہاتھوں گرفتار کیا گیا، گرفتار ملزم کے خلاف تھانہ کھرڑیا نوالہ میں مقدمہ درج ہے۔ ملزم نے 3 خواتین سمیت 5 پاکستانیوں کو مفت عمرہ کا جھانسہ دیکر منشیات کی ترسیل کیلئے استعمال کیا تھا، مفت عمرہ پر جانے والے پانچوں افراد کو سعودی عرب میں 25، 25 سال قید کی سزا ہوئی۔ پولیس کا کہنا ہے کہ ایف آئی اے کے مقدمے میں گرفتار ملزم چند روز قبل ضمانت پر رہا ہوکر جیل سے آیا تھا۔ یہ بھی پڑھیں:,N/A,24_news,19:02:PM
اسلام آباد: ڈاکو گھر سے 8 تولہ سونا اور ہزاروں روپے لوٹ کر فرار,"Jan 10, 2026",https://www.24urdu.com/10-Jan-2026/158435,ذرائع کے مطابق سیکٹر جی سیون میں ڈاکو  ایک گھر سے 8 تولہ سونا اور ہزاروں روپے لوٹ کر فرار ہوگئے۔ اسلام آباد پولیس نے بچوں کے اغوا اور زیادتی کے واقعے میں سب انسپکٹر کو گرفتار کرلیا۔ تھانہ سنبل کےعلاقے میں چور موٹرسائیکل سوار شہری سے موبائل چھین کر فرار ہوگئے۔ ادھر تھانہ کھنہ اور تجارتی مرکز بلیو  ایریا سے کئی شہریوں کی موٹرسائیکلیں چوری کر لی گئیں۔,N/A,24_news,09:15:AM
ANFکا کریک ڈاؤن،15 کروڑ کی منشیات برآمد,"Jan 06, 2026",https://www.24urdu.com/06-Jan-2026/157987,ترجمان کے مطابق اینٹی نارکوٹکس فورس  نے ملک کے مختلف شہروں میں منشیات سمگلنگ کے خلاف 4 کارروائیاں کرتے ہوئے 2 ملزمان کو گرفتار کیا۔ گرفتار ملزمان سے مجموعی طور پر 15 کروڑ 12 لاکھ روپے سے زائد مالیت کی 1532.11 کلوگرام منشیات برآمد کرلی۔ کارروائیوں کی تفصیلات کے مطابق حاجی شاہ بس ٹرمینل، ڈسٹرکٹ اٹک میں ایک گاڑی کی تلاشی کے دوران 960 گرام چرس برآمد کی گئی، جس پر ملزم کو گرفتار کر لیا گیا۔ اسی طرح سٹی بائی پاس سکھر کے قریب ایک گاڑی سے 150 گرام کوکین برآمد ہوئی، اس کارروائی میں بھی ملزم کو حراست میں لے لیا گیا۔ مزید کارروائیوں میں کلی شادزئی سرنان، ڈسٹرکٹ پشین کے قریب سے 1500 کلوگرام چرس گردہ برآمد کی گئی ۔ گوٹھ شیر خان، ڈسٹرکٹ حب میں جھاڑیوں میں چھپائی گئی 31 کلوگرام ہیروئن برآمد کر لی گئی۔ کریک ڈاؤن کے بعد انسداد منشیات ایکٹ 1997 کے تحت مقدمات درج کر کے تحقیقات کا آغاز کر دیا گیا ہے۔,N/A,24_news,10:21:AM
مصطفیٰ قتل کیس میں ملزم ارمغان کی ضمانت منظور,"Jan 05, 2026",https://www.24urdu.com/05-Jan-2026/157910,عدالت نے ملزم ارمغان کو ایک لاکھ روپے کے مچلکے جمع کرانے کا حکم دے دیا۔ یہ بھی پڑھیں: عدالت نے کہاکہ ملزم اگر کسی اور مقدمے میں مطلوب نہیں تو رہا کیا جائے۔,N/A,24_news,15:40:PM
علی امین گنڈاپور اشتہاری قرار، وارنٹ گرفتاری جاری,"Jan 07, 2026",https://www.24urdu.com/07-Jan-2026/158150,جوڈیشل مجسٹریٹ مبشر حسن چشتی نےعلی امین گنڈا پور کے خلاف شراب و اسلحہ برآمدگی کیس پر سماعت کی، علی امین گنڈا پور آج عدالت میں پیش نہ ہوئے۔ عدالت نے مسلسل عدم پیشی پرانہیں اشتہاری قرار دیا، عدالت نے علی امین گنڈا پور کو اشتہاری قرار دینے کا زبانی فیصلہ سنایا۔ یہ بھی پڑھیں: واضح رہے کہ علی امین گنڈا پور کے خلاف تھانہ بارہ کہو میں مقدمہ درج ہے۔,N/A,24_news,16:20:PM
کرک میں دو گروہوں کے تصادم میں ایک خاندان کے چار افراد جاں بحق,"Jan 04, 2026",https://www.24urdu.com/04-Jan-2026/157821,"مقامی پولیس حکام نے بتایا ہے کہ دوطرف فائرنگ کے واقعہ میں ایک ہی خاندان کے 4 افراد جاں بحق ہو گئے جب کہ  ایک شدید زخمی کو کرکک کے ڈسٹرکٹ ہیڈکوارٹر ہسپتال پہنچایا گیا ہے۔ غنڈی میاں خیل کے علاقہ جنگڑ خیل مین ہونے والے اس خونریز تصادم کے بعد  واقعے کی اطلاع ملنے پر پولیس کی بھاری نفری نے علاقے کو گھیرے میں لے لیا۔۔پولیس نے مرنے والوں کی لاشوں اور زخمی کو ہسپتال منتقل کیا۔ مقتولوں کے نام سہیل,واحد اللہ,کاشف اور گوہر  بتائے گئے ہیں۔ قتل ہونے والوں میں سے ایک  پشاور سے آیا ہوا مہمان تھا۔ پولیس نے اس سانھہ کی ابتدائی تحقیقات شروع کر دی ہیں تاہم ابھی مقدمہ کے اندراج کی کوئی اطلاع نہیں۔",N/A,24_news,19:09:PM
کراچی: مین ہول سے چار لاشیں ملنے کا معمہ حل،ملزم گرفتار,"Jan 04, 2026",https://www.24urdu.com/04-Jan-2026/157828,مائی کلاچی روڈ پر مین ہول سے چار لاشیں ملنے کا معمہ حل ہوگیا، خاتون انیلہ اور 3 بچوں کو قتل کرنے والے ملزم کو پولیس نے گرفتار کرلیا، ملزم مسرورحسین نے تفتیش کے دوران چاروں افراد کے قتل کا اعتراف  کرلیا۔ مقتولین کی شناخت انیلہ، عشرت زہرہ، کونین اور حسنین علی کے ناموں سے ہوئی ،مقتولہ انیلہ کے بھائی کاکہنا ہے انیلہ اور اُس کے  3 بچے کھارادر میں رہتے تھے، چاروں نیوایئر نائٹ سے غائب تھے، بہن کو ایک سال پہلے طلاق ہوگئی تھی۔ ملزم نے خاتون انیلہ، بیٹی عشرت زہرہ اور بیٹوں کو نین اور حسنین علی کو تیزدھارآلے سے قتل کیا گیا۔ ملزم مسرور نے پولیس کو بیان دیا کہ انیلہ سے دوسال سے رابطے میں تھا، بیزار ہو کر قتل کیا۔,N/A,24_news,20:29:PM
مائی کلاچی روڈ پرماں اور3 بچوں کے قتل کا ملزم گرفتار،اہم انکشاف,"Jan 04, 2026",https://www.24urdu.com/04-Jan-2026/157773,ملزم مسرور حسین نے قتل کا اعتراف کرتے ہوئے دعویٰ کیا کہ خاتون تعویذ کرتی تھی،میں نے پریشان ہو کر خاتون اور بچوں کو قتل کیا۔ مقتولہ انیلا کے بھائی مصطفیٰ کاکہناہےکہ بہن سے ایک ہفتہ قبل آخری بار فون پر بات ہوئی تھی، 30 دسمبر سے بہن کا موبائل نمبر بند تھا، 2 روز قبل بہن کے گھر گیا تو تالا لگا ہوا تھا۔ یہ بھی پڑھیں: بھائی مصطفیٰ نے مزید کہا کہ ڈھائی سال قبل بہن کو شوہر نے طلاق دے دی تھی۔ جس کے بعد انیلا بچوں کی کفالت کر رہی تھی، بھانجی اور دو بھانجے پڑھتے تھے، انیلا کھارادر کی رہائشی تھی۔,N/A,24_news,11:30:AM
پشاور؛ ورسک روڈ پر فائرنگ، خواجہ سرا قتل,"Jan 02, 2026",https://www.24urdu.com/02-Jan-2026/157567,پولیس کے مطابق نامعلوم مسلح افراد نے ورسک روڈ حسن گھڑی کے قریب فائرنگ کی جس کے نتیجے میں خواجہ سرا بجلی جاں بحق ہوگیا،پولیس نے بتایا کہ ابتدائی طور پر خواجہ سرا بجلی کے قتل کے محرکات سامنے نہیں آسکے تاہم تفتیش شروع کردی گئی ہے۔,N/A,24_news,18:43:PM
رجب بٹ کے وکیل کا لائسنس معطلی کا اقدام ہائیکورٹ میں چیلنج,"Jan 02, 2026",https://www.24urdu.com/02-Jan-2026/157532,عدالت نے میاں علی اشفاق کو کراچی بار کو درخواست میں فریق بنانے کے لیے 5 جنوری تک کی مہلت دے دی۔ یہ بھی پڑھیں: جسٹس ملک محمد اویس خالد نے ایڈووکیٹ میاں علی اشفاق کی درخواست پر سماعت کی۔,N/A,24_news,13:23:PM
کراچی میں لیاری گینگ وار رحمان ڈکیت کا بھتیجا گرفتار,"Jan 04, 2026",https://www.24urdu.com/04-Jan-2026/157750,تفصیلات کے مطابق لیاری گینگ وار رحمان ڈکیت کےبھتیجا کو دوران واردات ساتھی سمیت رنگے ہاتھوں گرفتار کر لیا گیا ،ملزمان سے اسلحہ اور چھینی ہوئی موٹر سائیکل بھی برآمد  کر لی گئی ۔ ملزمان کو علاقہ تھانہ کلاکوٹ کی حدود سے دوران واردات رنگے ہاتھوں گرفتار کیا گیا ،ملزمان کی شناخت حارث اور راشد علی کے ناموں سے ہوئی ہے ۔ ملزم حارث لیاری گینگ وار رحمان ڈکیت کا بھتیجا ہے ،ملزمان اس سے قبل بھی کئی مقدمات میں گرفتار ہوکر جیل جا چکے ہیں ۔ برآمدہ چھینی موٹر سائیکل نمبری KTB-0057 کا مقدمہ تھانہ کلاکوٹ میں درج ہے ،ملزم حارث اس سے قبل غیر قانونی اسلحہ کے مقدمہ میں گرفتار ہوکر جیل جا چکا ہے ۔ ملزم راشد علی اس سے قبل منشیات فروشی سمیت گٹکے کے مقدمہ میں بھی گرفتار ہوکر جیل جا چکا ہے ،ملزمان کے خلاف مزید قانونی کاروائی عمل میں لائی جا رہی ہے.,N/A,24_news,08:42:AM
گلوکارکوسرکاری میوزک شو میں پی ٹی آئی کے بانی کی تعریفیں کرنا مہنگا پڑگیا,"Jan 04, 2026",https://www.24urdu.com/04-Jan-2026/157809,"""قیدی نمبر804"" گانے کا واقعہ لاہور کے شالا مار باغ میں سرکاری سرپرستی میں ہو رہی ""میوزیکل نائٹ""  کے دوران ہوا۔ ایک سنگر نے پی ٹی آئی کے بانی کی تعریفوں پر مبنی گانا گا دیا، اس گانے میں بانی کو  ""قیدی 804 "" کے نام سے یاد کیا گیا ہے۔ شکایت موصول ہونے پر گلوکار فراز  کے خلاف مقدمہ درج کرلیا گیا۔ شالا مار باغ سرکاری باگ ہے جو مقررہ اوقات کے دوران پبلک کے لئے کھلا رہتا ہے اور حکومتی ادارے یہاں تقریبات بھی کرواتے رہتے ہیں۔ خاص طور سے ثقافتی تقریبات کے لئے اس وینیو کو شہر کے پرائم وینیوز میں شمار کیا جاتا ہے۔ گزشتہ رات یہاں  لاہور کی والڈ سٹی اتھارٹی کے زیر اہتمام میوزک اینڈ کلچرل شو کا اہتمام کیا گیا تھا جسے میوکل نائٹ کا نام دیا گیا تھا۔ اس شو میں  کئی گلوکاروں کو موقع دیا گیا تھا۔ ان میں ایک کم معروف قوال فراز  بھی تھے۔ فراز نے اپنے ہمنواؤں کے ساتھ قوالی پیش کی اور پھر ""قیدی نمبر 804"" کی تعریفوں پر مبنی ایک کانا گانا شروع کر دیا۔ پروگرام کے دوران اڈیالہ جیل میں قید کی سزا کاٹ رہے پی ٹی آئی کے بانی سے منسوب گانا گانے پر قوال فراز کے خلاف ایف آئی آر درج کرلی گئی۔ یہ مقدمہ شالامار باغ  کی انتظامیہ کے انچارج  ضمیر کی مدعیت میں تھانہ شالیمار میں درج کیا گیا جس میں تعزیرات پاکستان کی مختلف دفعات شامل ہیں۔ قوال فراز خان نے بعد میں یہ عذر پیش کیا کہ ان سے اس گانے کی فرمائش کی گئی تھی۔ انہوں نے فرمائش پر گانا گایا۔ شالیمار باغ میں سرکاری خرچ سے  ہونے والا یہ میوزک شو  عوام کے لیے کھلا تھا،  سرکاری افسران بھی یہان اپنی فیملیز کے ساتھ میوزک سننے کے لئے آئے ہوئے تھے اور عام شہری بھی  بیوی بچوں کے ساتھ موجود تھے۔ یہ واضح نہیں کہ قوال فراز نے ""قیدی نمبر 804"" کے حوالے سے کیا گایا جس پر تعزیرات پاکستان کی کئی دفعات پر مشتمل ایف آئی آر کٹ گئی۔ میڈیا رپورٹس کے مطابق اس واقعے نے ثقافتی تقریبات کے دوران نظم و ضبط  اور اخلاقی حدود  پر سوالات اٹھا دیئے ہیں اور اظہارِ فن اور قانون کی عملداری پر  نئی بحث شروع ہوگئی ہے۔ پولیس کے مطابق انہوں نے مقدمہ درج کرنے کے بعد واقعہ کی تفتیش شروع کر دی ہے۔ قانون کے مطابق کارروائی کی جا رہی ہے، واقعے کے مختلف پہلوؤں کا جائزہ لیا جا رہا ہے۔ آج شام تک کسی گرفتاری کی کوئی اطلاع سامنے نہیں آئی۔ پی ٹی آئی کے بانی کو 5 اگست 2023 کو توشہ خانہ کیس میں قید سزا سنائے جانے کے بعد لاہور سے گرفتار کر کے اٹک جیل منتقل کیا گیا تھا، جہاں وہ تقریباً ایک ماہ  21 دن تک رہے۔ اس جیل میں جیل مینویل کے مطابق پی ٹی آئی کے بانی کو قیدی نمر 804 کا ٹیگ الاٹ کیا گیا تھا۔  اس کے بعد انہیں اڈیالہ جیل منتقل کیا گیا جہاں انہیں کوئی ""قیدی نمبر"" اسائن نہیں کیا گیا لیکن بہت سے حامی اور مخالف بانی کا ""قیدی نمبر804"" کے نام سے بھی ذکر کرتے ہیں۔ گزشتہ مہینوں کے دوران کچھ گانے والوں نے قیدی نمبر 804 کے الفاظ کو اپنے گانوں میں بھی شامل کیا۔ ان میں عطا اللہ عیسیٰ خیلوی نمایاں ہیں جو پی ٹی آئی کے سرگرم کارکن بھی ہیں۔",N/A,24_news,17:05:PM
فیض حمید کے بھائی نجف حمید کے خلاف جعلسازی کا مقدمہ درج,"Jan 05, 2026",https://www.24urdu.com/05-Jan-2026/157894,اسلام آباد پٹوار سرکل میں اراضی کے ریکارڈ میں جعل سازی کا انکشاف ہوا ہے جس پر فیض حمید کے بھائی  نجف حمید کے خلاف مقدمہ درج کر لیا گیا۔ اینٹی کرپشن سرکل ایف آئی اے اسلام آباد میں درج کیس میں سابق حلقہ پٹواری نجف حمید اور ریونیو افسرعبدالظہور کو ملزم نامزد کیا گیا ، ملزمان پر ایک کنال قیمتی زمین بوگس انتقال کے ذریعے ہتھیانے کا الزام ہے،مقدمے میں دھوکہ دہی ، جعلسازی اور اختیارات کے ناجائز استعمال کی دفعات شامل ہیں ۔ ایف آئی آر کے مطابق نجف حمید نے ایک اور پٹواری کے ساتھ مل کر ایک کنال پلاٹ کی ملکیت تبدیل کی ، جعلی رجسٹری اور بوگس انتقالات کے ذریعے ملزمان نے ایک کنال کے بجائے صرف دس مرلے اراضی منتقل کی ۔ زمین کی فرد ملکیت اور سرکاری ریکارڈ میں جعلسازی 2009 اور 2010 میں کی گئی، ایف آئی اے حکام نے مقدمہ درج کر کے تفتیش شروع کر دی ہے۔,N/A,24_news,13:28:PM
چونیاں: کتوں کی لڑائی کا میلہ میدانِ جنگ بن گیا,"Jan 03, 2026",https://www.24urdu.com/03-Jan-2026/157631,تفصیلات کےمطابق تھانہ صدر چونیاں کی حدود میں کتوں کی لڑائی کے  دوران  دو گروپوں میں شدید تصادم ہو گیا ۔ گاؤں مستوال اور نین وال کے درمیان کتوں کی لڑائی کے بعد تماشائی اور مالکان آپس میں لڑ پڑے۔ تماشائیوں اور مالکان میں لڑائی گالی گلوچ گتھم گتھا ہو گئے جس سے علاقہ میں خوف و ہراس پھیل گیا۔ پولیس نے کارروائی کرتے ہو ئے  کتوں کی لڑائی کا مقدمہ درج کر لیا ۔,N/A,24_news,09:27:AM
ڈکی بھائی سمیت تمام ملزمان پر فرد جرم کے لیے تاریخ مقرر,"Jan 03, 2026",https://www.24urdu.com/03-Jan-2026/157654,"یوٹیوبر سعد الرحمان عرف ڈکی بھائی سمیت دیگر کے خلاف جوئے کی پروموشن کے کیس کی سماعت ہوئی،جوڈیشل مجسٹریٹ نعیم وٹو نے کیس کی سماعت کی،عدالت نے ملزمان کو چالان کی کاپیاں فراہم کردیں۔ عدالت نےڈکی بھائی سمیت دیگر ملزمان کو 16 جنوری کو فرد جرم کے لیے طلب کرلیا، سعد الرحمان عرف ڈکی بھائی،اہلیہ عروب جتوئی سمیت دیگر ملزمان عدالت میں پیش ہوئے۔ عدالت نے ڈکی بھائی سے استفسارکیاکہ آپ کا بغیر اجازت یوٹیوب چینل پر وی لاگ کرنا غیر قانونی ہے،آپ کو وی لاگ کی اجازت کے لیے عدالت میں درخواست دائر کرنا چاہیے تھی۔ یوٹیوبر ملزم ڈکی بھائی نے کہاکہ گزشتہ سماعت پر بیان حلفی دیا تھا میرے نزدیک وہی اجازت دی تھی ،اس پر عدالت نے کہاکہ آپ خود سے کیسے خود کو اجازت دے سکتے ہیں ،اجازت صرف عدالت دیتی ہے, آپ کو باقاعدہ درخواست دینی چاہیے تھی،کیا آپ وی لاگنگ نہیں کرنا چاہتے?وکیل ڈکی بھائی نے کہاکہ ہمیں نہیں سمجھ آرہی کہ ہم کس چیز کی اجازت لیں،ہم تو اپنے چینل پر وی لاگ کر ہی نہیں رہے ۔ یہ بھی پڑھیں: عدالت نے کہاڈکی بھائی کا یوٹیوب چینل مال مقدمہ ہے  جو این سی سی آئی نے ضبط کر رکھا ہے،آپ وی لاگنگ کریں ،مگر اس چینل سے اپلوڈنگ غیر قانونی ہے۔ این سی سی آئی اے نے ملزمان کے خلاف آن لائن جوئے کی پروموشن کے مقدمے کا چالان پیش کر رکھا ہے۔",N/A,24_news,11:58:AM
نازیبا حرکت کی ویڈیو وائرل ہونے کے بعد پولیس  ایکشن،ملزم گرفتار,"Jan 03, 2026",https://www.24urdu.com/03-Jan-2026/157715,کراچی میں یونیورسٹی روڈ پر  ایک شخص کی جانب سے گاڑی میں نازیبا حرکت کی ویڈیو  سوشل پلیت فارمز پر وائرل ہونے کے ایک دن بعد سندھ پولیس حرکت میں آ گئی۔ پولیس نے ویڈیو مین نظر آنے والے شخص کا سراغ لگا کر اسے گرفتار کر لیا۔ سوشل میڈیا پر سامنے آنے والی ویڈیو یکم جنوری کو بنائی گئی۔  اس ویدیو مین صاف دیکھا جا سکتا تھا کہ ملزم سڑک پر یونیورسٹی کی لڑکیوں کے گزرنے کے دوران مسلسل اخلاق سے گری ہوئی حرکتین کر رہا تھا۔ اس دوران کسی شہری نے اس کی ویڈیو بنا لی اور یہ ویڈیو سوشل پلیٹ فارم پر بھی ڈال دی۔ اس ویڈیو کے سوشل میڈیا پر گردش مین آنے کے بعد پولیس نے برق رفتار کارروائی کر کے ملوث شخص کا پتہ لگا لیا۔ ذرائع کے مطابق ایڈیشنل آئی جی کراچی کے احکامات پر  پولیس حکام نے برق رفتار کارروائی کی۔ یہ بھی پڑھیئے: ایس ایس پی ایسٹ زبیر نزیر شیخ نے خود اس آپریشن کی نگرانی کی۔ انہوں نے ایس ایچ او مبینہ ٹاؤن کو ملزم کی گرفتاری کا حکم دیا۔ ایس ایچ او نے اپنی ٹیم کے ساتھ  جدید تکنیکی بنیادوں پر  تحقیق کر کے ملزم کا سراغ لگایا اور اس کی گرفتاری کے لئے فوری چھاپے شروع کئے۔ 24 گھنٹوں کے اندر ملزم گرفتار ہو گیا۔ اس شخص کا نام محی الدین علی ہے۔ ملزم کے خلاف مقدمہ درج کیا جا چکا ہے اور اس سے تفتیش کا آغاز ہو چکا ہے۔ کراچی پولیس کا کہنا ہے کہ عوامی مقامات پر غیر اخلاقی حرکات کو نظر انداز نہیں کیا جائے گا۔  قوانین کی خلاف ورزی کرنے والوں کے خلاف سخت کارروائی جاری رہے گی۔ گرفتاری کے بعد ملزم کی پولیس حراست مین ایک ویڈیو بھی سامنے آئی ہے جس میں اسے اپنی  اخلاق سے گری ہوئی ھرکتوں کا اعتراف کرتے ہوئے اور معافیاں مانگتے ہوئے دیکھا جا سکتا ہے۔,N/A,24_news,19:53:PM
امریکہ میں ہم وطن خاتون کو قتل کرنے والا بوائے فرینڈ بھارت بھاگ آیا,"Jan 05, 2026",https://www.24urdu.com/05-Jan-2026/157895,ہاورڈ کاؤنٹی پولیس کے مطابق مقتولہ کی شناخت نکیتھا گوڈیشالا کے نام سے ہوئی، جو ایلی کاٹ سٹی میں مقیم تھیں اور بطور ڈیٹا اینڈ اسٹریٹجی اینالسٹ کام کر رہی تھیں۔ پولیس کا کہنا ہے کہ مقتولہ کی لاش ارجن شرما نامی شخص کے اپارٹمنٹ سے برآمد ہوئی، جو ان کا سابق بوائے فرینڈ تھا۔ 26 سالہ ارجن شرما کے خلاف فرسٹ اور سیکنڈ ڈگری قتل کے الزامات کے تحت وارنٹِ گرفتاری جاری کر دیے گئے ہیں۔ تحقیقات کے مطابق ارجن شرما نے 2 جنوری کو پولیس کو اطلاع دی تھی کہ نکیتھا لاپتہ ہیں اور دعویٰ کیا تھا کہ اس نے انہیں آخری بار 31 دسمبر کو اپنے اپارٹمنٹ میں دیکھا تھا۔ تاہم پولیس نے 3 جنوری کو اسی اپارٹمنٹ پر سرچ وارنٹ پر کارروائی کی، جہاں سے نکیتھا کی لاش چاقو کے گہرے زخموں کے ساتھ برآمد ہوئی۔ پولیس کے مطابق ارجن شرما جس دن نکیتھا کی گمشدگی کی رپورٹ جمع کروائی اسی دن وہ بھارت جانے والی پرواز کے ذریعے امریکا سے روانہ ہو گئے۔ تفتیش کاروں کا خیال ہے کہ قتل 31 دسمبر کی شام تقریباً 7 بجے کے قریب کیا گیا۔ تاحال قتل کی وجہ سامنے نہیں آ سکی، جبکہ پولیس کا کہنا ہے کہ تحقیقات جاری ہیں۔ ہاورڈ کاؤنٹی پولیس اب وفاقی قانون نافذ کرنے والے اداروں کے ساتھ مل کر ملزم کی گرفتاری کے لیے کام کر رہی ہے۔,N/A,24_news,13:38:PM
چلاس سے اغوا ہونے والی لڑکی تین دن بعد   برآمد ہو گئی,"Jan 03, 2026",https://www.24urdu.com/03-Jan-2026/157737,چلاس  سے آنے والی تازہ خبروں میں بتایا جا رہا ہے کہ اغواء شدہ لڑکی تیسرے روز بازیاب  ہو گئی ہے۔ چلاس میں حالیہ دنوں تھور ویلی میں پیش آنے واے فائرنگ کے واقعہ کے بعد پولیس نے اہم کاروائی  کی ہے۔ چلاس کے علاقہ تھور  بڑوگاہ کے مقام پر ماں کے قتل کے بعد اغوا ہونے والی لڑکی کو گیچی ٹاپ سے بازیاب کرلیا گیا۔ پولیس حکام نے بتایا کہ چلاس کے علاقہ تھور کے مقام پر ماں کا قتل کے بعد اغوا ہونے والی لڑکی کو پولیس نے تیسرے روز بازیاب کرلیا ہے۔چلاس پولیس نے عمائدین کے تعاون سے گیچی ٹاپ سے مغویہ لڑکی کو بازیاب کرلیا ہے۔ ایس۔ایچ۔او تھانہ تھور عبدالغفار نے اپنی ٹیم کے ہمراہ شمیم نامی مغویہ لڑکی کے ساتھ اغواء کاروں کی بہن کو  بھی گرفتار کرلیا ہے جو مغویہ کے ہمراہ تھی۔ پولیس حکام نے بتایا کہ مغویہ شمیمگل خان کو پولیس نے بازیابی کے بعد ایس۔پی دیامر کے حوالہ کیا ہے۔ مغویہ لڑکی کو کل اس کے ورثاء کے حوالے کیا جائے گا۔  پولیس  کا کہنا ہے کہ اغواء کار وقوعہ کے دن ہی تھور کی حدود سے نکل چکے تھے اور محفوظ ٹھکانہ ڈھونڈنے کی کوشش میں گیچی پہنچ گئے تھے۔ اغواء کار مغویہ کے ساتھ اپنی بہن کو بھی لے گئے تھے جسے پولیس نے حراست میں لے لیا ہے۔ گزشتہ دنوں چلاس کے علاقہ تھور کے مقام پر متعدد  افراد  نے رات گئے گل خان کے گھر میں گھس کر فائرنگ کی تھی اور  ان کی اہلیہ کو قتل کر دیا تھا اور نوجوان بیٹی کو اغوا کر کے اپنے ساتھ لے گئے تھے۔ ملزموں کی فائرنگ سے دو بچوں سمیت تین افراد زخمی ہوئے۔ واقعے کی FIR  میں 6 ملزمان کو نامزد کیا  گیاہے۔ یہ بھی پڑھیئے:,N/A,24_news,23:17:PM
قتل کے مشہور کیس کی تحقیقات میں پیش رفت، امیر فتح کے گھر پر چھاپہ، ملازم گرفتار,"Jan 03, 2026",https://www.24urdu.com/03-Jan-2026/157721,پولیس ذرائع نے بتایا کہ جوائنٹ انوسٹی گیشن ٹیم اس قتل کے مقدمہ میں نامزد مرکزی ملزم امیر فتح کے ملازمین سے ان کے بارے میں پوچھ گچھ کرے گی۔ میڈیا رپورٹس کے مطابق لاہور پولیس نے طیفی بٹ کے بہنوئی جاوید بٹ کے قتل کے کیس میں  مزید معلومات سامنے آنے کے بعد آج  مقدمہ  میں مقتول کے وارثا کی طرف سے نامزد کئے گئے مرکزی ملزم کے گھر پر چھاپہ مارا اور تین ملازمین کو حراست میں لے کر ان سے تفتیش شروع کردی ہے۔ پولیس کے اس کیس کی تحقیقات سے باخبر ذرائع نے بتایا کہ طیفی بٹ کے بہنوئی جاوید بٹ کے قتل کے مرکزی ملزم امیر فتح کے رنگ محل میں واقع  گھر پر پولیس کی جوائنٹ انویسٹی گیشن ٹیم نے چھاپہ مارا ہے۔ ذرائع نے بتایا کہ امیر فتح اہل خانہ کے ساتھ اس گھر سے غائب ہیں اور کہیں روپوش ہیں۔ گھر  پر ریڈ ہوئی تو اس وقت گھر پر تالے پڑے ہوئے تھے۔ امیر فتح اپنے اہل خانہ سمیت روپوش ہو چکا تھا۔ ذرائع نے بتایا کہ جوائینت انویسٹی گیشن ٹیم نے امیر فتح  کے تین ملازمین کو حراست میں لے لیا۔ ذرائع نے بتایا کہ آج حراست میں لئے گئے ملازمین سے مرکزی ملزموں کے بارے میں پوچھ گچھ کی جائے گی۔ لاہور کی مقامی عدالت نے امیر فتح کی ضمانت آج خارج کر دی تھی۔ اس مقدمہ کی تفتیش کے لئے خاص طور سے تشکیل دی گئی جوائنٹ انویسٹی گیشن ٹیم نے اپنی اب تک کی تحقیقات کے نتیجہ میں امیر فتح کو مرکزی ملزم قرار دیا تھا۔ یہ بھی پڑھیئے: یہ بھی پڑھیئے: طیفی بٹ کے بہنوئی جاوید بٹ کو گزشتہ سال مال روڈ لاہور پر  نامعلوم موٹرسائیکل سواروں نے گولیاں مار کر قتل کیا تھا۔ طیفی بٹ جو ٹیپو ٹرکاں والا کے بیتے امیر بالاج کے قتل کے الزام مین پولیس کو مطلوب تھا، وہ پاکستان سے فرار ہو کر بیرون ملک چلا گیا تھا۔ پنجاب پولیس نے انٹرپول کے ذریعہ اس کر بیرون ملک سے گرفتار کروا کر پاکستان واپس لائی تھی لیکن کراچی سے لاہور منتقلی کے دوران طیفی بٹ ایک پولیس انکاؤنٹر میں مارا گیا تھا۔ امیر بالاج کے قتل کے بعد طیفی بٹ کے بہنوئی جاوید بٹ کا لاہور کی مصروف سڑک پر قتل ہو گیا تھا جسے ان کے اہل خانہ نے امیر بالاج کے بھائیوں سے منسوب کیا تھا۔ مقدمہ میں ملزم نامزد ہونے کے بعد امیر فتح ابتدا میں روپوش ہو گیا تھا، بعد میں اس نے سرنڈر کر دیا، عدالت نے امیر فتح کی ضمانت لے لی تھی اور وہ ضمانت پر اپنے گھر پر موجود تھا، آج عدالت نے ضمانت منسوخ کی تو اس کے بعد سے وہ ایک بار پھر روپوش ہے۔ یہ بھی پڑھیئے: یہ بھی پڑھیئے:,N/A,24_news,20:50:PM
16 سال بعد قاتل کو سعودی عرب سے گرفتار کرلیا گیا,"Jan 05, 2026",https://www.24urdu.com/05-Jan-2026/157899,ترجمان آر پی او کے مطابق اسپیشل آپریشن سیل ٹیم نے انٹرپول کے ذریعے ملزم کو گرفتار کیا ہے،انہوں نے کہا کہ ملزم 2009 میں خوشاب میں ایک شخص کو قتل کر کے فرار ہو گیا تھا۔,N/A,24_news,14:08:PM
صوابی:پولیس پر فائرنگ کرنیوالاموٹر سائیکل سوار زخمی حالت میں گرفتار,"Jan 03, 2026",https://www.24urdu.com/03-Jan-2026/157621,(24 ںیوز )صوابی میں تھانہ آئی ڈی ایس پولیس پر نامعلوم موٹر سائیکل سوار  نے  فائرنگ کر دی،  پولیس کی جوابی فائرنگ سے  ملزم کو زخمی حالت میں گرفتار کر لیا گیا۔ ڈی پی او کے مطابق تھانہ آئی ڈی ایس پولیس نے ملزم کو چیکنگ کے لئے روکا تھا توملزم نے پولیس پر اندھا دھند  فائرنگ کر دی، ضیاالدین احمد نے بتایا کہ جوابی فائرنگ میں ملزم کو  زخمی حالت میں گرفتار کیا گیا ہےجس سے پستول برآمد کر لیا گیا. ملزم کی فائرنگ سے خوش قسمتی کے ساتھ کوئی پولیس اہلکار زخمی نہیں ہوا ، پولیس کی جانب سے زخمی ملزم کو بی ایم سی ہسپتال منتقل کر دیا گیا ہے۔,N/A,24_news,01:04:AM
عادل راجہ، حیدر مہدی،صابر شاکراور معید پیرزادہ کو 2،2 بار عمر قید کی سزا,"Jan 02, 2026",https://www.24urdu.com/02-Jan-2026/157529,عدالت نے ملزمان کو دیگر دفعات میں بھی مجموعی طور پر 35 سال قید کی سزائیں سنانے کے علاوہ ملزمان کو مجموعی طور پر 15 لاکھ روپے جرمانے کی سزا بھی سنائی ہے۔ پراسیکیوشن کی جانب سے مجموعی طور پر 24 گواہان کو عدالت میں پیش کیا گیا،تھانہ آبپارہ کے مقدمہ میں صابر شاکر، معید پیرزادہ اور سید اکبر حسین کو عمر قید کی سزاسنائی گئی۔ تھانہ رمنا کے مقدمہ میں شاہین صہبائی، حیدر مہدی اور وجاہت سعید کو سزا سنائی گئی،عدالت نے پراسیکیوشن کی استدعا پر ملزمان کی غیر موجودگی میں ٹرائل مکمل کیا۔ یہ بھی پڑھیں: عدالت نے تھوڑی دیر قبل ٹرائل مکمل ہونے پر فیصلہ محفوظ کیا تھا ،پراسکیوشن کیجانب سے مجموعی طور پر 24 گواہان کو عدالت میں پیش کیا گیا،عدالت میں ملزمان کی جانب سے گلفام اشرف گورائیہ ایڈووکیٹ عدالت میں پیش ہوئے،گلفام گورائیہ ایڈوکیٹ کو عدالت کیجانب سے ملزمان کا وکیل مقرر کیا گیا تھا۔ انسداددہشت گردی قوانین کے مطابق ملزمان کی عدم موجودگی میں ٹرائل کیا جاسکتا ہے۔,N/A,24_news,12:52:PM
کراچی ایئر پورٹ پر کروڑوں روپے مالیت کے سونے کی سمگلنگ ناکام,"Dec 27, 2025",https://www.24urdu.com/27-Dec-2025/156867,تفصیلات کے مطابق بین الاقوامی روانگی لاونج میں کسٹمز کے عملے نے امریکہ جانے والی فیملی سے سونے کے 4 بسکٹ برآمد کئے ہیں۔ مزید قانونی کارروائی کیلئے کسٹم ایکٹ کے تحت سونے کے بسکٹ ضبط کئے گئے۔ دوسری کاروائی میں بین الاقوامی آمد لاونج میں شک کی بنیاد پر مسافر کے سامان سے سونے کے 8 بسکٹ برآمد ہوئے۔ کسٹمز حکام کے مطابق سونے کے بسکٹوں کی مالیت 4 کروڑ 40 لاکھ روپے سے زائد ہے۔ برآمد شدہ سونے کے بسکٹوں کو کسٹم ایکٹ کے تحت قبضے میں لے کر مزید قانونی کارروائی شروع کر دی گئی ہے۔,N/A,24_news,13:46:PM
ڈاکٹر وردہ قتل کیس؛جے آئی ٹی نے رپورٹ صوبائی حکومت کو بھجوا دی,"Dec 31, 2025",https://www.24urdu.com/31-Dec-2025/157297,(24نیوز)ایبٹ آباد میں ڈاکٹر وردہ قتل کیس کی تحقیقات کرنے والی جے آئی ٹی نے رپورٹ صوبائی حکومت کو بھیج دی۔ ممبر جے آئی ٹی اسحاق زکریاکے مطابق  تحقیقات کے دوران 100 سے زائد افراد کے بیانات قلمبند کئے گئے، قتل کیس کی تحقیقاتی رپورٹ صوبائی حکومت منظر عام پر لائےگی۔ یہ بھی پڑھیں: اس حوالے سے ممبر اسحاق زکریانے میڈیا سے گفتگوکرتے ہوئے کہاکہ تحقیقات کے دوران سو سے زائد افراد کے بیانات قلمبند کئے گئے،تحقیقاتی رپورٹ صوبائی حکومت منظر عام پر لائےگی، جے آئی ٹی سات ممبران پر مشتمل ہے۔,N/A,24_news,15:37:PM
مالک سے 1 کروڑ کی ڈکیتی کرنیوالا منیجر گرفتار,"Dec 29, 2025",https://www.24urdu.com/29-Dec-2025/157095,ایس ایس پی ملیئر کے مطابق ملزم کی نشاندہی پر اس کے تین ساتھیوں کو بھی گرفتار کر لیا ہے۔ گرفتار ملزمان میں سابق جیل پولیس کے اہلکار کا بیٹا بھی شامل جبکہ قبضے سے 54 لاکھ کیش، 2 پستول اور 5 موبائل فون بھی برآمد کئے گئے ہیں۔ مالک سے ڈکیتی کرنے والا عبدالمنان نامی ملزم عادی جرائم پیشہ جو پولٹری فارم پر مینجر کے طور پر کام کرتا تھا ۔ پولٹری فارم کا منیجر بننے کے بعد ملزم نے گینگ بنایا۔ ملزمان  نے 30 لاکھ روپے ملیر جیل کی رہائشی کالونی میں چھپا رکھے تھے جو ایک گھر سے ملے ہیں۔ ایس ایس پی ملیر کے مطابق ملزم اس سے قبل بھی دومرتبہ گرفتار ہو چکا ہے۔ پولیس کے مطابق ملزمان کے دیگر ساتھیوں کی تلاش جاری ہے۔,N/A,24_news,15:56:PM
تیزاب سے قتل کئے گئے 3 معصوم بچوں کی لاشیں برآمد,"Jan 01, 2026",https://www.24urdu.com/01-Jan-2026/157405,بھمبر آزاد کشمیر میں انسانیت سوز واقعہ پیش آیا، جہاں تیزاب سے قتل کئے گئے 3 معصوم بچوں کی لاشیں برآمد کر لی گئیں،پولیس نے بتایا کہ بچوں کی والدہ نے مبینہ طور پر اپنے آشنا کے ساتھ مل کر اپنے ہی بچوں کو قتل کیا اور بعد ازاں لاشیں قریبی نالے میں دفن کر دیں۔ پولیس ذرائع کا کہنا ہے کہ ملزمہ کا تعلق سرائے عالمگیر سے ہے اور اس کے آشنا کی شناخت بابر کے نام سے ہوئی ہے،خاتون مبینہ طور پر دس روز قبل اپنے تینوں بچوں کو ساتھ لے کر گھر سے فرار ہو کر بھمبر پہنچی تھی۔ ابتدائی تحقیقات کے مطابق ملزموں نے تینوں بچوں پر تیزاب ڈال کر انہیں قتل کیا، جاں بحق بچوں میں 7 سالہ فجر فاطمہ، 4 سالہ حرم فاطمہ اور 2 سالہ محمد ذکریا شامل ہیں۔ واقعے کا انکشاف اس وقت ہوا جب بچوں کے والد نے پولیس میں درخواست دی، اطلاع ملنے پر سرائے عالمگیر کے تھانہ صدر میں مقدمہ درج کیا گیا۔ بعد ازاں پنجاب پولیس اور بھمبر پولیس نے مشترکہ کارروائی کرتے ہوئے دونوں ملزمان کو گرفتار کر لیا اور دورانِ تفتیش ملزمان کی نشاندہی پر بچوں کی لاشیں برآمد کی گئیں۔,N/A,24_news,13:10:PM
کرائم کنٹرول ڈیپارٹمنٹ کا لٹیرا سب انسپکٹر گرفتار,"Jan 01, 2026",https://www.24urdu.com/01-Jan-2026/157449,لاہور میں فیصل ٹاون پولیس نے سی سی ڈی اوکاڑہ کے سب انسپکٹر  کو گرفتار کیا اور آج عدالت میں پیش کر کے اس کا جسمانی ریمانڈ حاصل کر لیا ۔ ماڈل ٹاؤن کورٹ سے سیف الرحمن کا دو روزہ ریمانڈ حاصل کیا گیا ۔ فیصل ٹاون پولیس نے چند روز قبل  سب انسپکٹر کو ساتھیوں سمیت رنگے ہاتھوں گرفتار کر لیا  تھا۔  سیف الرحمن کو فیصل ٹاون پولیس اوکاڑہ سے گرفتار کرکے لاہور لائی تھی ۔ ملزم  اپنے ساتھیوں کے ساتھ مل کر شہریوں سے فراڈ کرتا تھا ۔ ملزم کے ساتھی نے قاسم نامی شہری سے گاڑی رینٹ پر لی تھی ۔ ملزمان گاڑی لے کر فرار ہو گئے۔  اس وادات کا نشانہ بننے والے شہری نے ان کے خلاف فراڈ کا  مقدمہ درج کروایا ۔ پولیس تفتیش میں پتہ چلا سب انسپکٹر بھی ملزمان کے ساتھ شامل ہے۔اور اس کا تعلق کرائم کنترول ڈیپارٹمنٹ سے ہے۔ ملزمان متعدد شہروں کو لوٹ چکے جن سے تفتیش کی جارہی ہے۔,N/A,24_news,19:04:PM
گھر سے بھاگی ہوئی خاتون کی بچی کے ساتھ بدسلوکی، ملزم گرفتار,"Dec 30, 2025",https://www.24urdu.com/30-Dec-2025/157239,"ذمہ دار صحافتی ذرائع نے بتایا کہ  تین ماہ پہلے شیخوپورہ سے ایک خاتون آسیہ اپنی تین بیٹیوں اور ایک بیٹے کے ساتھ بھاگ کر کراچی آ گئی تھیں۔ انہوں نے گزر بسر کرنے کے لئے اورنگی ٹاون میں سموسے رول کا ٹھیلا لگانا شروع کر دیا تھا۔ اور اپنے بچوں کے ساتھ  اسی علاقہ میں مقیم تھیں۔ خاتون کے شوہر نے شیخوپورہ  کے علاقہ مانوانوالا کے  تھانے میں بیوی بچوں کے اغوا کا مقدمہ درج کروا دیا تھا۔ تین ماہ بعد سی پی ایل سی اور پاکستان بازار پولیس نے خاتون کو تلاش کرکے سہراب گوٹھ پر واقع شیلٹر ہوم منتقل کیا، تو خاتون نے اپنی 8 سالہ بیٹی مریم سے زیادتی کا انکشاف کیا، اور کہا کہ وہ گلشن ضیا الطاف نگر میں اپنے رول سموسے کے ٹھیلے پر موجود تھی، خاتون کے مطابق انہوں نے اسی دوران اپنی بیٹی سے  کہا تمھارے کپڑے میلے ہیں،  تبدیل کر کے آجاؤ۔ آسیہ نے بتایا کہ ان کی بیٹی جب واپس آئی تو اس کے ہاتھ میں 40 روپے تھے اور وہ ڈری ہوئی تھی۔ اس وقت بچی نے ان کے پوچھنے کے باوجود کچھ نہیں بتایا،  ایک ہفتے بعد بیٹی نے بتایا کہ اس روز جب وہ  گھر جا رہی تھی تو ""حلیم والے انکل افتخار""  پیچھے آئے، میرے کپڑے اتار کر زبردستی کی اور کہا کہ کسی کو بتایا تو جان سے مار دوں گا۔ خاتون نے کہا اسی دوران پولیس اور سی پی ایل سی نے ہمیں شیخوپورہ  میں درج کیس کی تفتیش کرتے ہوئے کراچی میں تلاش کر لیا اور شیلٹر ہوم لے گئی۔ کراچی کی  پاکستان بازار پولیس نے خاتون کے بیان پر فوری کارروائی کرتے ہوئے ملزم افتخار حسین کو گرفتار کر لیا اور متاثرہ بچی کا میڈیکل بھی کروا لیا۔ پاکستان بازار پولیس نے شیخوپورہ پولیس کو بھی معاملے سے آگاہ کر دیا ہے۔",N/A,24_news,23:19:PM
شوگر ملوں کی مانیٹرنگ ڈیوٹی سےغیرحاضر چھ ایف بی آراہلکار معطل,"Dec 28, 2025",https://www.24urdu.com/28-Dec-2025/156995,ایف بی آر کےمطابق اہلکارشوگرکی پیداوارکی مؤثر،شفاف اوربلا تعطل نگرانی یقینی بنانے کیلئے تعینات کیےگئےتھے،ان کی غیرحاضری کا انکشاف ایل ٹی او لاہورکی معمول کی مانیٹرنگ کے دوران ہوا،ایل ٹی اولاہور نےمتعلقہ افسران کیخلاف تادیبی کارروائی شروع کرنے کی سفارش کی ہے۔ یہ بھی پڑھیں: ایف بی آر کا کہنا ہے کہ غفلت برتنے پر ان اہلکاروں کوفوری  طورمعطل کرنے کے احکامات جاری کر دیئے گئے ہیں،ایف بی آرتمام فیلڈ فارمیشنز میں نظم و ضبط،دیانتداری اور پیشہ ورانہ معیاربرقرار رکھنےکیلئےپرعزم  ہے،فرائض میں غفلت، بدانتظامی یا تفویض کردہ ذمہ داریوں کی عدم تعمیل پر قانون کےتحت سختی سے نمٹا جائے گا,N/A,24_news,15:24:PM
توشہ خانہ ٹو کیس؛بانی پی ٹی آئی اور بشریٰ بی بی کی اپیلیں تیارہوگئیں,"Dec 27, 2025",https://www.24urdu.com/27-Dec-2025/156850,بانی پی ٹی آئی اور بشریٰ بی بی کی جانب سے اپیلیں اسلام آباد ہائیکورٹ میں دائر کی جائیں گی۔ اپیل کا متن ہے کہ انعام اللہ شاہ جس کو برطرف کیا جا چکا تھا عدالت نے اس کے بیان پر انحصار کیا۔ اپیل کے متن میں کہاگیاہے کہ عدالت نے وعدہ معاف گواہ کے بیان پر انحصار کیا جو نہیں کیا جا سکتا تھا، بانی اور بشریٰ بی بی کے خلاف استغاثہ کیس ثابت کرنے میں ناکام رہی۔ یہ بھی پڑھیں: بیرسٹر سلمان صفدر کے ذریعے دو الگ الگ اپیلیں پیر کے روز ہائیکورٹ میں دائر ہوں گی جس میں بانی پی ٹی آئی اور بشریٰ بی بی کے خلاف توشہ خانہ ٹو فیصلہ کالعدم قرار دینے کی استدعا کی جائے گی۔,N/A,24_news,12:04:PM
کراچی:سہراب گوٹھ گنا منڈی میں گھر سے 4 لاشیں برآمد,"Dec 28, 2025",https://www.24urdu.com/28-Dec-2025/156997,ریسکیو حکام کے مطابق مرنے والوں میں ایک خاتون اور تین بچے شامل ہیں، بظاہر یہ معاملہ خودکشی کا لگ رہا ہے۔ اس حوالے سے پولیس کا کہنا ہے کہ خاتون کا تعلق افغانستان جبکہ شوہر کا تعلق لیہ سے ہے، چاروں لاشیں پھندا لگی ہیں۔ یہ بھی پڑھیں: لاشوں کو ہسپتال منتقل کردیا گیا ہے جبکہ پولیس اس حوالے سے مزید تفتیش کر رہی ہے۔ پولیس کے مطابق مقتولہ خاتون نے دو شادیاں کی تھیں، مرنے والی ایک بچی سوتیلی بیٹی ہے،پولیس نے دوسرے خاوند کو حراست میں لےلیا۔ صوبائی وزیر داخلہ ضیالنجار نے واقعے کا نوٹس لیتے ہوئے ایس ایس پی سے رپورٹ طلب کرلی ہے ۔,N/A,24_news,15:33:PM
پشاور: پاکستان مخالف بیان دینے والا افغان باشندہ گرفتار,"Dec 31, 2025",https://www.24urdu.com/31-Dec-2025/157273,پولیس کا کہنا ہے کہ افغان شہری شاہ نواز کی پاکستان مخالف بیان کی ویڈیو کل سوشل میڈیا پر وائرل ہوئی تھی۔ پولیس کے مطابق افغان شہری شاہ نواز کو داؤدزئی میں مہاجر کیمپ خزانہ سے گرفتار کیا گیا، افغان شہری نے پاکستان مخالف بیان دینے کا اعتراف کرتے ہوئے اپنے بیان پر معافی بھی مانگی ہے۔ پولیس کا کہنا ہے کہ ملزم کو قانونی تقاضے پورے کرنے کے بعد افغانستان ڈی پورٹ کیا جائے گا۔ یاد رہے کہ پاکستان نے یکم اپریل 2025 سے غیر قانونی طریقے سے رہنے والے افغان شہریوں کے خلاف آپریشن شروع کر رکھا ہے اور اب تک لاکھوں افغان باشندوں کو وطن واپس بھیجا جا چکا ہے۔ یہ بھی پڑھیں,N/A,24_news,12:21:PM
وفاقی دارالحکومت میں میوزیکل نائٹ کے دوران نوجوان قتل,"Dec 28, 2025",https://www.24urdu.com/28-Dec-2025/157026,(24نیوز) نئے سال کی آمد کی خوشی میں منعقد کی گئی تقریب میں اچانک خون خرابہ ہو گیا۔ یہ  واقعہ وفاقی دارالحکومت میں مرکزی تفریح گاہ میں پیش آیا ہے۔ پولیس کے مطابق ایف آئی آر مقتول کے کزن عمران اللہ نے درج  کروائی ہے، جس میں چار افراد  صدر اسلام، اسحاق، رضوان اور سوار خان کو  ملزم نامزد کیا گیا ہے۔ عمران اللہ کے مطابق ان کا مقتول  کزن سمیع اللہ اپنے دوستوں کے ہمراہ تفریح کی غرض سے شکرپڑیاں آیا تھا، جہاں میوزیکل نائٹ کے دوران ملزموں نے اسے نشانہ بنا کر فائرنگ کر دی۔ ایف آئی آر  میں کہا گیا ہے کہ ملزموں نے مقتول سمیع اللہ پر کئی گولیاں چلائیں، جس کے نتیجے میں وہ موقع پر ہی جاں بحق ہو گیا۔ ایف آئی آر کے مطابق فائرنگ کے بعد مقتول کو شدید تشدد کا بھی نشانہ بنایا گیا۔ واقعہ گزشتہ رات گئے پیش آیا، جس سے وہاں موجود شہریوں میں خوف و ہراس پھیل گیا۔ پولیس حکام کا کہنا ہے کہ فائرنگ  کی زد میں آ کر وہاں تعینات ایک پولیس کانسٹیبل غلام حسنین بھی زخمی ہوا، جسے فوری طور پر طبی امداد کے لیے ہسپتال منتقل کیا گیا۔ زخمی اہلکار کی حالت خطرے سے باہر بتائی جا رہی ہے۔ آبپارہ پولیس نے جائے وقوعہ سے شواہد اکٹھے کر لیے ہیں۔ ملزموں کی گرفتاری کے لیے مختلف مقامات پر چھاپے مارے جا رہے ہیں، جبکہ سی سی ٹی وی فوٹیجز اور دیگر تکنیکی شواہد کی مدد سے بھی تفتیش کو آگے بڑھایا جا رہا ہے۔ پولیس حکام کے مطابق یہ واقعہ ٹارگٹ کلنگ کا شاخسانہ معلوم ہوتا ہے، تاہم تمام پہلوؤں سے تحقیقات جاری ہیں۔ اسلام آباد پولیس نے یقین دہانی کرائی ہے کہ واقعے میں ملوث ملزمان کو جلد گرفتار کر کے قانون کے کٹہرے میں لایا جائے گا۔,N/A,24_news,22:44:PM
سی سی ڈی اوکاڑہ کا سب انسپکٹر شہریوں کو لوٹنے میں ملوث نکلا,"Dec 30, 2025",https://www.24urdu.com/30-Dec-2025/157236,سیف الرحمن کو فیصل ٹاون پولیس اوکاڑہ سے گرفتار کرکے لاہور لائی،ملزم  اپنے ساتھیوں کے ساتھ مل کر شہریوں سے فراڈ کرتا تھا،ملزم کے ساتھی نے قاسم نامی شہری سے گاڑی رینٹ پر لی ۔ پولیس ذرائع  کے مطابق ملزمان گاڑی لے کر فرار ہو گئے،چند روز قبل گاڑی مالک نے مقدمہ درج کروایا ،پولیس تفتیش میں پتہ چلا سب انسپکٹر بھی ملزمان کے ساتھ شامل ہے۔ پولیس نے افسران کے نوٹس میں لانے کے بعد سب انسپکٹر کو گرفتار کیا ،ملزمان متعدد شہروں کو لوٹ چکے۔,N/A,24_news,22:58:PM
26 نومبر احتجاج کیس؛ علیمہ خان کی حاضری سے استثنی کی درخواست منظور,"Jan 02, 2026",https://www.24urdu.com/02-Jan-2026/157510,26 نومبر احتجاج کیس کی راولپنڈی عدالت میں سماعت ہوئی،علیمہ خان عدالت میں پیش نہ ہوئیں ،ان کے وکیل کی جانب سے حاضری سے استثنی کی درخواست عدالت میں دی گئی جو عدالت نےمنظور کر لی۔ یہ بھی پڑھیں: عدالت میں 8 گواہان پیش ہوئے اور دو گواہوں پر جرح مکمل ہوگئی ،کیس کی سماعت انسداد دہشت گردی عدالت کے جج امجد علی شاہ کررہے ہیں۔,N/A,24_news,11:21:AM
سی ٹی ڈی اور پولیس کی لکی مروت میں مشترکہ کارروائی، انتہائی مطلوب دہشتگرد ہلاک,"Dec 25, 2025",https://www.24urdu.com/25-Dec-2025/156654,ترجمان لکی مروت پولیس کے مطابق کارروائی ضلع لکی کے علاقے وانڈہ امیر خان کے مضافات میں کی گئی، جس میں عوامی امن کمیٹیوں کے رضاکاروں نے بھی پولیس کے ساتھ حصہ لیا،انسپکٹر جنرل آف پولیس خیبرپختونخوا ذوالفقار حمید کی خصوصی ہدایات پر صوبے بھر میں دہشت گردوں کے خلاف ٹارگٹڈ آپریشنز جاری ہیں۔ اسی سلسلے میں ڈی آئی جی بنوں ریجن سجاد خان اور ڈسٹرکٹ پولیس آفیسر لکی مروت نذیر خان (PSP) کی قیادت میں سی ٹی ڈی اسپیشل ویپنز اینڈ ٹیکٹکس ٹیمز اور مقامی پولیس نے فتنۃ الخوارج کے خلاف کارروائی کی۔ آپریشن کے دوران دہشت گرد کمانڈر نے ساتھیوں سمیت پولیس پارٹی پر فائرنگ کی، جس پر دوطرفہ فائرنگ کا تبادلہ ہوا۔ فائرنگ کے نتیجے میں دہشت گرد کمانڈر موقع پر ہلاک ہوگیا۔ بعد ازاں سرچ آپریشن کے دوران اس کی لاش اور زیرِ استعمال اسلحہ برآمد کر لیا گیا، جبکہ اس کے ساتھی علاقے کی دشوار گزار صورتحال کا فائدہ اٹھاتے ہوئے فرار ہوگئے، جن کی تلاش جاری ہے۔,N/A,24_news,16:05:PM
شادی کی تقریب میں خواتین کو ہراساں کرنے کا انجام  سامنے آ گیا,"Dec 28, 2025",https://www.24urdu.com/28-Dec-2025/157033,لاہور میں پولیس نے شادی کی تقریب میں خواتین کو ہراساں کرنے کی شکایت ملنے پر دو افراد کو گرفتار کر لیا۔ لاہور کے علاقہ غازی آباد میں شادی والے گھر میں خواتین کو ہراساں کرنے والے 2 ملزموں کو  گرفتار کر کے باقاعدہ مقدمہ درج کر لیا گیا ہے۔ غازی آباد پولیس نے بتایا کہ خواتین کو ہراساں کرنے کے سبب گرفتار کئے گئے  ملزموں میں ساجد اور عزیر شامل ہیں۔ ان کے خلاف ہراسانی کا مقدمہ درج کیا جا رہا ہے، پولیس نے بتایا کہ ان ملزموں نے خواتین کو ہراساں کرنے سے روکنے پر ایک محلے دار  غلام صابر کو بھی لوہے کا راڈ مار کر زخمی کیا، مزید تحقیقات جاری ہیں۔,N/A,24_news,23:31:PM
گوجرانوالہ؛جعلی سفری دستاویزات پر یورپ جانے کی کوشش ناکام، 4مسافر آف لوڈ,"Dec 19, 2025",https://www.24urdu.com/19-Dec-2025/156005,(زاہد اقبال چودھری)گوجرانوالہ میں جعلی سفری دستاویزات اور وزٹ ویزے کی آڑ میں غیر قانونی سمندر کے راستے یورپ جانے کی کوشش ناکام بنا دی گئی،4 مسافروں کو  آف لوڈ کر دیاگیا۔ تفصیلات کے مطابق ایف آئی اے امیگریشن نے سیالکوٹ ایئرپورٹ پر بڑی کارروائیاں کرتے ہوئے جعلی سفری دستاویزات اور وزٹ ویزے کی آڑ میں غیر قانونی سمندر کے راستے یورپ جانے کی کوشش ناکام بنا دی اور4 مسافر آف لوڈکر دیئے۔ مسافروں میں محمد اسد، ندیم، سفیان ارشد اور قیصر فاروق شامل ہیں۔ مسافر اسد اور ندیم فلائٹ نمبر FZ338 کے ذریعے وزٹ ویزے پر انڈونیشیا جا رہے تھے۔مسافروں کا تعلق سیالکوٹ اور گوجرانوالہ سے ہے۔ابتدائی تفتیش کے مطابق مسافر کراچی کے ایجنٹ کے ساتھ رابطے میں تھے۔ایجنٹ نے مسافروں کو غیر قانونی سمندر کے راستے اٹلی بھجوانا تھا۔مسافروں نے مجموعی طور پر 40 لاکھ روپے میں معاملات طے کئے ۔مسافروں نے غیر قانونی طور پر لیبیا کے سمندری راستے سے یورپ جانا تھا۔ مسافر سفیان ارشد ورک ویزے پر فلائٹ نمبر FZ338 کے ذریعے ترکی جا رہا تھا۔مسافر کے پاسپورٹ پر ترکی کا جعلی ورک ویزا لگا ہوا تھا۔مسافر نے 16 لاکھ روپے کے عوض ایجنٹ سے مذکورہ ویزا حاصل کیا۔ قیصر فاروق نامی مسافر فلائٹ نمبر FZ316 کے ذریعے وزٹ ویزے پر ترکی جا رہا تھا۔گوجرانوالہ سسٹم کے سفری ریکارڈ کے مطابق مسافر سال 2023 میں ایران گیا تھا جبکہ مسافر کا پاکستان واپس آمد کا کوئی سفری ریکارڈ سسٹم میں موجود نہ تھا۔ ترجمان ایف آئی اے کاکہنا تھا کہ مسافروں کو بعد ازاں مزید کارروائی اور ایجنٹ کی نشاندہی کیلئے کمپوزٹ سرکل گوجرانوالہ منتقل کر دیا گیا۔ یہ بھی پڑھیں:,N/A,24_news,18:56:PM
ڈاکٹر وردہ قتل کیس میں تفتیشی ٹیم کو اہم شواہد مل گئے,"Dec 22, 2025",https://www.24urdu.com/22-Dec-2025/156311,تفتیشی ذرائع کے مطابقملزمہ ردہ کے خاوند وحید کے خلاف پولیس نے اہم شواہد جمع کر لئے،ملزم وحید کے خلاف قتل کیس میں دفعات میں اضافہ کیا جائے گا۔ تفتیشی ذرائع کے مطابقملزم ڈاکٹر وردہ قتل کیس میں بیوی ردہ کے ساتھ برابر کا شریک ہے،کیس میں مزید گرفتاریوں کا بھی امکان ہے۔ یہ بھی پڑھیں: تفتیشی ٹیم نےڈاکٹر وردہ کے خاوند راحیل شاہ سے ملاقات اوریقین دہانی کروائی کہ کیس میں ٹھوس مضبوط شواہد ثبوت موجود ہیں،ملزم سزا سے بچ نہیں سکیں گے۔,N/A,24_news,15:46:PM
کلب چوک جی او آر گیٹ حملہ کیس؛شاہ محمود قریشی کی درخواست ضمانت نمٹا دی گئی,"Dec 19, 2025",https://www.24urdu.com/19-Dec-2025/156010,(جمال الدین جمالی)انسداد دہشتگردی عدالت نے کلب چوک جی او آر گیٹ حملہ کیس میں شاہ محمود قریشی کی ضمانت کی درخواست غیرموثر ہونے پر نمٹا دی۔ انسداد دہشت گردی عدالت لاہورمیں شاہ محمود قریشی کی تین مقدمات میں بعد از گرفتاری ضمانت پر سماعت ہوئی، انسداد دہشتگردی عدالت کے جج منظر علی گل نے سماعت کی، عدالت نے ایک مقدمہ میں شاہ محمود قریشی کی درخواست کو نمٹا دیا،درخواست ضمانت غیر موثر ہونے پر نمٹائی گئی ہے۔ شاہ محمود قریشی کوکلب چوک جی او آر گیٹ حملہ کیس میں بری کردیاگیا،مقدمہ میں بری ہونے پر ضمانت غیر موثر ہو گئی ہے،دیگر مقدمات میں ضمانتوں پر سماعت 23 دسمبر تک ملتوی کردی گئی۔ عدالت نے پراسکیوشن سے مقدمات کا ریکارڈ طلب کر لیا، شاہ محمود قریشی نے مقدمات میں جیل سے ضمانت دائر کر رکھی ہے،ملزم کی گلبرگ، مغلپورہ اور جناح ہاؤس کے قریب پولیس کی گاڑیاں جلانے کے مقدمات میں ضمانت دائر ہے، دو ضمانت کی درخواستیں اے ٹی سی کورٹ 1 میں زیر سماعت ہیں جبکہ شاہ محمود قریشی کی ایک ضمانت کی درخواست اے ٹی سی کورٹ نمبر 3 میں زیر سماعت ہے،شاہ محمود قریشی اب نو مئی کے پانچ مقدمات میں بری ہو چکے ہیں،عدالتی فیصلوں میں شاہ محمود قریشی کو بے گناہ قرار دیا گیا ہے۔ عدالتی فیصلے کے بعد دیگر مقدمات میں ان کی ضمانت منظور ہو سکتی ہے،نو مئی کے دیگر مقدمات میں وہ پہلے ہی عبوری ضمانت پر ہیں،ضمانت منظور ہونے پر شاہ محمود قریشی جیل سے رہا ہو جائیں گے۔ یہ بھی پڑھیں:,N/A,24_news,19:10:PM
20 کلو سونے کے غبن کے معاملے میں اہم پیشرفت,"Dec 20, 2025",https://www.24urdu.com/20-Dec-2025/156101,مدعی مقدمہ کے مطابق وسیم اختر کے پاس ڈھائی کلو سے زائد سونا امانتاً رکھوایا تھا ،امانتاً رکھوائے گئے سونے کی قیمت سات کروڑ بیالیس لاکھ سے زائد ہے ۔ پولیس کے مطابق اچھرہ تھانے میں سونا غائب ہونے کی واردات کے اب تک سات مقدمات درج ہو چکے ہیں ،تاہم پولیس تاحال مقدمات میں نامزد ملزم وسیم اختر کو گرفتار نہیں کر سکی۔ یہ بھی پڑھیں: پولیس کے مطابق نامزد ملزم وسیم اختر کی ٹریول ہسٹری بھی حاصل کر لی گئی ہے اورجلد گرفتار کر لیا جائے گا۔,N/A,24_news,14:25:PM
امریکی خاتون جلاد بن گئی، ایک ہی دن میں دو سابق شوہروں کو قتل کر ڈالا,"Dec 21, 2025",https://www.24urdu.com/21-Dec-2025/156177,پولیس نے ملزمہ کو گرفتار کر لیا ہے، جس نے دورانِ تفتیش دونوں قتل کا اعتراف بھی کر لیا۔ پولیس کے مطابق 48 سالہ ملزمہ سوسن ایولون نے پہلے ٹمپا کے علاقے میں دن دہاڑے اپنے ایک سابق شوہر کو گولیاں مار کر قتل کیا۔ اس واردات کے بعد ملزمہ نے پچاس میل سے زائد کا فاصلہ طے کیا اور مانٹی کاؤنٹی پہنچی، جہاں اس نے اپنے دوسرے سابق شوہر کو بھی فائرنگ کرکے ہلاک کر دیا۔ قانون نافذ کرنے والے اداروں کا کہنا ہے کہ ابتدائی تفتیش کے مطابق دونوں وارداتیں ممکنہ طور پر بچوں کی کفالت اور تحویل سے متعلق تنازعات کا نتیجہ تھیں۔ پولیس کے مطابق دونوں واقعات علیحدہ علیحدہ مقامات پر پیش آئے، تاہم ملزمہ ہی دونوں قتل میں ملوث پائی گئی۔ پولیس نے ملزمہ کو حراست میں لے کر مقدمہ درج کر لیا ہے جبکہ مزید تفتیش جاری ہے۔ حکام کا کہنا ہے کہ واقعے کے تمام پہلوؤں کا باریک بینی سے جائزہ لیا جا رہا ہے اور قانونی کارروائی قانون کے مطابق آگے بڑھائی جائے گی,N/A,24_news,09:33:AM
راولپنڈی میں ٹک ٹاکر پر تشدد، ثنا عباس، جبار خان کی ضمانتیں خارج,"Dec 22, 2025",https://www.24urdu.com/22-Dec-2025/156345,(24 نیوز)راولپنڈی میں ٹک ٹاکر لڑکی پر تشدد اور زبردستی بال کاٹنے کے کیس کی سماعت کے دوران ایڈیشنل ڈسٹرکٹ اینڈ سیشن جج اکرام الحق چوہدری نے ثنا عباس اور جبار خان کی عبوری ضمانت کی درخواستیں خارج کر دی۔ ںدونوں ملزمان نے ضمانت قبل از گرفتاری کے لیے درخواستیں دائر کی تھیں، عدالت نے سماعت کے بعد قرار دیا کہ متاثرہ لڑکی ایمان فاطمہ نے دفعہ 164 کے تحت بیان میں ملزمان کی شناخت کی۔ پولیس کے مطابق ثنا عباس نے لڑکی کو متعلقہ جگہ پر بلایا اور وہاں موجود ساتھیوں نے زبردستی اس کے بال کاٹے، تفتیش میں بھی ملزمان کے ملوث ہونے کے شواہد سامنے آئے ہیں۔ ملزمان نے واقعہ کی ویڈیو سوشل میڈیا پر بھی وائرل کی، جس پر عدالت نے کسی رعائت سے انکار کر دیا، تھانہ نصیر آباد پولیس نے 25 نومبر کو مقدمہ درج کیا تھا۔ مقدمہ تعذیرات پاکستان کی دفعہ 337V/34 کے تحت درج کیا گیا، اسد حسین مدعی ہیں، ابتدائی تحقیقات کے مطابق نظار خان، محمد انیس عرف درانی اور جلیل خان عرف مٹھو سمیت دیگر افراد نے ایمان فاطمہ کو کرسچن کالونی لے جا کر زبردستی بال کاٹے۔ سوشل میڈیا پر وائرل ویڈیو کے بعد تحقیقات مزید زور پکڑ گئیں اور ملزمان کی شناخت ممکن ہوئی۔,N/A,24_news,19:43:PM
محکمہ اینٹی کرپشن سندھ کی بڑی کارروائی، فراڈ اسکیم کامرکزی ملزم گرفتار,"Dec 25, 2025",https://www.24urdu.com/25-Dec-2025/156649,ترجمان  نے کہا کہ اینٹی کرپشن اسٹیبلیشمنٹ، ضلع ویسٹ کراچی کی ٹیم نے وفاقی اسپیشل ایجنسی کی معاونت سے نعمت اللہ کو کیس نمبر 11/2025 میں گرفتار کیا،  نعمت اللہ مبینہ طور پر مرکزی ملزم ہے، ڈی جی اینٹی کرپشن  امتیاز علی ابڑو نے کہا کہ ملزم ایک نجی فرد ہے، جس نے لیجنڈ ٹرسٹ کا مجاز شخص بن کر فراڈ کیا اور اس کا چیک بک حاصل کیا، ملزم نے ساتھی ملزموں کے ساتھ تقریباً 2 کروڑ 50 لاکھ روپے کے چیک اپنے نام پر نکلوائے۔ ڈی جی اینٹی کرپشن امتیاز ابڑو  کا کہنا تھا کہ جبکہ مجموعی بدعنوانی کے الزامات تقریباً 5 کروڑ 80 لاکھ روپے ہیں، ملزم کو حراست میں لے لیا گیا اور اسے مزید قانونی کارروائی کیلئے مجاز عدالت میں پیش کیا جائے گا، گرفتار کئے گئے ملزم سے مزید تفتیش جاری ہے۔,N/A,24_news,15:37:PM
ڈکی بھائی کیس میں اہم پیشرفت؛ سائبر کرائم افسران کی ضمانتیں منظور,"Dec 22, 2025",https://www.24urdu.com/22-Dec-2025/156314,ایف آئی اے سنٹرل کورٹ لاہور نے نیشنل سائبر کرائم انویسٹی گیشن ایجنسی کے نامزد افسران کی ضمانتیں منظور کر لیں جبکہ عدالت میں ملزمان پر عائد الزامات سے متعلق مختلف قانونی نکات بھی سامنے آگئے ۔ سماعت کے دوران بتایا گیا کہ ملزمان پر 90 لاکھ روپے رشوت لینے کا الزام عائد کیا گیا ہے، تاہم تفتیش کے دوران 4 کروڑ روپے کی ریکوری کی گئی۔ ملزمان کے وکلا ءنے مؤقف اختیار کیا کہ اس ریکوری کا رشوت کے الزام سے کوئی براہِ راست تعلق ثابت نہیں ہوتا۔ یہ بھی پڑھیں: دفاع کی جانب سے عدالت کو آگاہ کیا گیا کہ ملزمان اس کیس میں رشوت لینے میں ملوث نہیں ہیں اور ان پر جو مقدمہ منتھلی لینے کے الزام میں درج کیا گیا، اس میں اب تک کوئی متاثرہ شخص سامنے نہیں آیا،مقدمہ محض الزامات پر مبنی ہے، جسے شواہد کے ذریعے ثابت نہیں کیا جا سکا۔ عدالت نے فریقین کے دلائل سننے کے بعد این سی سی آئی اے افسران کی ضمانتیں منظور کرتے ہوئے ان کی رہائی کا حکم دے دیا۔,N/A,24_news,16:08:PM
نو مئی کے دو مزید مقدمات کے فیصلے ؛یاسمین راشد سمیت دیگر ملزمان کو 10،10سال قید کی سزا,"Dec 20, 2025",https://www.24urdu.com/20-Dec-2025/156141,(جمال الدین جمالی)انسداد دہشتگردی عدالت لاہور نے نو مئی کے دو مزید مقدمات کے فیصلے  سنا دیئے۔کلمہ چوک پر کنٹینراور گلبرگ میں پولیس  کی گاڑی جلانے کے مقدمات کا فیصلہ سنایا گیا۔عدالت نے ڈاکٹر یاسمین راشد  سمیت دیگر رہنماؤں کو دس دس قید کی سزا سنا دی ۔ عدالت نے اعجاز چودھری  اور عمر سرفراز چیمہ کو دس دس سال قید کی سزا کا حکم  سنایا،میاں محمود الرشید کو دونوں مقدمات میں10،10سال قید کی سزا کا حکم   سنایاگیاہے۔ تھانہ نصیر آباد کے مقدمہ 1078/23 اور تھانہ گلبرگ کے مقدمہ 1280/23 کا فیصلہ آیا ہے ،ان دو مقدمات میں شاہ محمود قریشی کا چالان ابھی جمع نہیں کرایا گیا ،دونوں مقدمات میں پی ٹی آئی رہنماؤں کو 10،10 سال قید کی سزا سنائی گئی ۔انسداد دہشتگردی عدالت کے جج ارشد جاوید  نے کوٹ لکھپت جیل میں فیصلہ سنایا۔ یہ بھی پڑھیں: پراسیکیوشن نے دونوں کیسز میں ملزمان کیخلاف 78 گواہان پیش کئے۔گلبرگ گاڑیاں جلانے کے  مقدمہ میں 33  ملزمان کا چالان جمع کرایا تھا ۔چار ملزمان دوران ٹرائل سزا کے ڈر سے اشتہاری ہو گئے ۔ کلمہ چوک کنٹینر جلانے کے مقدمہ میں 36 ملزمان کا چالان جمع ہوا ۔کلمہ چوک کنٹینر کیس میں حماد اظہر،مراد سعید،زبیر نیازی اور اسلم اقبال سمیت 12 ملزمان اشتہاری ہوئے ،نو مئی لاہور کے 14 میں سے7 مقدمات کے فیصلے ہو گئے ہیں ۔پراسیکیوٹر کی جانب سے الزام عائد کیا گیا کہ پی ٹی آئی رہنماؤں نے کارکنان کو بغاوت اور  فسادات پر اکسایا ۔ یہ بھی پڑھیں: گلبرگ میں پولیس کی گاڑیاں جلانے کے مقدمہ میں 7 ملزمان کو سزا  جبکہ 22 کو بری کیا گیا ہے۔ کلمہ چوک میں کنٹینر کے مقدمہ میں 20 ملزمان کو سزا سنائی گئی جبکہ پانچ کو بری کر دیاگیا۔ جن کو سزائیں ہوئیں ان میں ڈاکٹر یاسمین راشد دس سال ،عمر سرفراز چیمہ دس سال ،میاں محمود الرشید دس سال،اعجاز چودھری دس سال ،غلام محی الدین دس سال ،محمد ندیم دس سال ،سرفراز احمد دس سال ،عمران منیر دس سال ،عبد الحمید دس سال ،شاہد فرید دس سال،نعمان سیف دس سال،سلمان خان  دس سال ،محمد تنویر دس سال ،امیر حمزہ  دس سال ،عمار مسعود  دس سال ،علی رضا  دس سال ،عادل امجد  دس سال ،عتیق رحمان  دس سال ،حسن جہانگیر  دس سال اورخلیق  دس سال شامل ہیں۔,N/A,24_news,20:34:PM
این سی سی آئی اے کی کارروائی، ریاستی اداروں کے خلاف مہم چلانے والا ملزم گرفتار,"Dec 24, 2025",https://www.24urdu.com/24-Dec-2025/156553,این سی سی آئی اے کے مطابق راولپنڈی میں 23 دسمبر 2025 کو کارروائی کرتے ہوئے سوشل میڈیا پر ریاستی اداروں کے خلاف مہم چلانے والے ملزم کو گرفتار کرلیا گیا، جن کے خلاف پیکا ایکٹ 2016 کی دفعات 20 اور 26(اے) کے تحت قائم مقدمہ درج کرلیا گیا ہے۔ بیان میں کہا گیا کہ گرفتار شخص پر الزام ہے کہ وہ سوشل میڈیا کے ذریعے حکومتی و ریاستی اداروں کی ساکھ کو نقصان پہنچا رہا تھا اور کارروائی کے دوران ملزم کا موبائل فون تحویل میں لے لیا گیا اور متعلقہ شواہد ضبط کر لیے گئے۔ این سی سی آئی اے کے مطابق کارروائی ضلع راولپنڈی میں کی گئی جبکہ مقدمے کی مزید تفتیش این سی سی آئی اے راولپنڈی کے سب انسپکٹر غیور عباس جعفری کر رہے ہیں۔,N/A,24_news,17:46:PM
اہلیہ اور بیٹی کے قاتل ڈی ایس پی عثمان حیدر کی ضمانت منسوخ,"Dec 20, 2025",https://www.24urdu.com/20-Dec-2025/156077,برکی پولیس نے مقدمے میں جرم 201 اور 302 ایزاد کردیے ہیں، جس کے بعد عدالت کی جانب سے اہلیہ اور بیٹی کو قتل کرنے والے ڈی ایس پی کی ضمانت منسوخ کردی گئی۔ یہ بھی پڑھیں: ایس ایس پی انویسٹی گیشن محمد نوید کے مطابق شواہد کی روشنی میں مضبوط چالان مرتب کرکے ملزم کو جلد کیفرِ کردار تک پہنچایا جائے گا، کوئی بھی شخص قانون سے بالاتر نہیں، عوام کو انصاف فراہم کرنا اولین ترجیح ہے۔,N/A,24_news,11:43:AM
خلیل الرحمان قمر کیس میں اہم پیشرفت، آمنہ عروج کی ضمانت خارج,"Dec 22, 2025",https://www.24urdu.com/22-Dec-2025/156292,ضلع کچہری لاہور میں ملزمہ آمنہ عروج کی درخواست ضمانت پر سماعت ہوئی جس میں وکیل چوہدری مدثر ایڈووکیٹ نے مدعی کی جانب سے اس مقدمے میں دلائل دیے۔ ملزمہ کے وکیل نے کہا کہ مقدمہ ایک سال تین ماہ کی تاخیر سے درج کیا گیا اور ملزمہ کا اس کیس میں کوئی کردار نہیں ہے، یہ مقدمہ سزا کی معطلی کے بعد درج کیا گیا تھا لیکن پراسیکیوٹر نے مختلف دلائل دیئے اور کہا کہ ملزمہ نے ویڈیو بنوانے اور وائرل کرنے میں اہم کردار ادا کیا ہے۔ یہ بھی پڑھیں: پراسکیوٹر نے مزید بتایا کہ شریک ملزمان کو صرف سہولت کاری کے طور پر نامزد کیا گیا تھا اور ملزمہ کے خلاف ریکارڈ پر موجود ثبوت نے اس کیس کو مضبوط کیا۔ عدالت نے اس کیس کی سنگینی کو مدنظر رکھتے ہوئے ملزمہ کی درخواست ضمانت خارج کر دی، یہ مقدمہ این سی سی آئی اے کی جانب سے درج کیا گیا ہے۔ ۔,N/A,24_news,13:15:PM
ایمان مزاری، ہادی علی چٹھہ اور دیگر کی عبوری ضمانتوں میں توسیع,"Dec 22, 2025",https://www.24urdu.com/22-Dec-2025/156319,انسداد دہشت گردی عدالت اسلام آباد میں صدر ہائیکورٹ بار واجد گیلانی کے ساتھ مبینہ لڑائی جھگڑے اور تشدد کے کیس کی سماعت ہوئی،انسداد دہشت گردی عدالت کے جج ابوالحسنات محمد ذوالقرنین نے کیس پر سماعت کی۔ عدالت نے ایمان مزاری، ہادی علی چٹھہ و دیگر کی عبوری ضمانتوں میں توسیع کر دی، ملزمان کی ضمانت قبل از گرفتاری کی درخواستوں پر دلائل نہ ہوسکے۔ یہ بھی پڑھیں: عدالت نے تفتیشی افسر کو ضمنی مکمل کرنے کی ہدایت کردی، عدالت نے اگلی سماعت پر فریقین کے وکلاء کو دلائل دینے کی ہدایت کی اور کیس کی مزید سماعت 5 جنوری تک ملتوی کردی۔ ایمان مزاری، ہادی علی چٹھہ ودیگر کیخلاف تھانہ سیکرٹریٹ میں مقدمہ درج ہے۔,N/A,24_news,16:37:PM
بچوں کے تفریحی میلے میں بالی ووڈ کے نامناسب گانے پر ڈانس کرنے پر سکول پرنسپل پر مقدمہ درج,"Dec 23, 2025",https://www.24urdu.com/23-Dec-2025/156468,"یہ مقدمہ سبز پیر تھانے میں اس فوٹیج کے بڑے پیمانے پر گردش کرنے کے بعد درج کیا گیا تھا، جس میں چوبارہ کے نواحی علاقے میں واقع اسکول میں منعقدہ تفریحی میلے کے دوران طلباء کو رقص کرتے ہوئے دکھایا گیا تھا۔ تقریب کے دوران بچوں کو دلجیت دوسانجھ کے ہندوستانی گانے لہنگا پر جوش و خروش سے رقص کرتے ہوئے دیکھا گیا، جسے ہائی والیوم میں چلایا گیا۔ دھن میں شامل ہیں: ""جی تم نچی نا میرے نال گوریئے نی لہنگے تیرے شراب ڈول دو "" جو کہ ڈھیلے الفاظ میں شراب اور بالغوں کے موضوعات کے گرد گھومتے ہیں، شاید ہی اس قسم کے مواد کی توقع کسی سکول کے پروگرام میں کی جائے جہاں کچھ بچے پینے کے فیڈر سے بھی بڑے نہیں ہوئے ہوں گے۔ ویڈیو کے آن لائن گردش کرنے کے بعد پولیس نے ناقص فیصلے اور نگرانی کی کمی کا حوالہ دیتے ہوئے غفلت کے الزام میں سکول کے پرنسپل کے خلاف مقدمہ درج کیا۔",N/A,24_news,23:24:PM
جنسی ہراسانی کے الزامات پر بنگلہ دیشی سفارتکار برطانیہ میں گرفتار,"Dec 21, 2025",https://www.24urdu.com/21-Dec-2025/156187,انہیں 16 دسمبر کو برمنگھم کے سولہل علاقے سے حراست میں لیا گیا، جہاں ان پر حملہ کرنے اور جنسی ہراسانی کی دھمکیوں کے الزامات عائد کیے گئے۔ پولیس نے بتایا ہے کہ فیصل احمد کو تحقیقات مکمل ہونے تک ضمانت پر رہا کر دیا گیا ہے۔ برطانوی پولیس نے تصدیق کی کہ 16 دسمبر کو 50 سالہ ایک شخص کو حملہ کرنے اور جنسی ہراسانی کی دھمکیوں کے شُبہہ میں گرفتار کیا گیا ہے۔ بعد ازاں تحقیقات مکمل ہونے تک ضمانت پر رہا کر دیا گیا، متاثرہ خاتون کو مناسب مدد فراہم کی جا رہی ہے۔ یاد رہے کہ فیصل احمد کو 27 مئی کو ماسکو میں بنگلہ دیش کے سفارتخانے سے ”اسٹینڈ ریلیز“ یعنی فوری واپس طلبی کے نوٹس کے تحت ہٹا دیا گیا تھا۔ ان کے پیچھے داخلی انتظامی مسائل اور ساتھیوں کے ساتھ نامناسب رویے کے الزامات تھے۔ انہیں فوری طور پر ڈھاکہ واپس آنے کا حکم دیا گیا تھا، لیکن انہوں نے اپنے سفارتی پاسپورٹ کا استعمال کرتے ہوئے برطانیہ کا سفر کیا۔ برمنگھم میں ایک گھر کے مالک کے مطابق فیصل احمد کی اہلیہ 2017 سے وہاں رہائش پذیر ہیں۔ لندن میں بنگلہ دیش ہائی کمیشن نے بھی اس معاملے کی تصدیق کی ہے۔,N/A,24_news,10:48:AM
فیصل آباد میں معمولی تکرار پر مونگ پھلی فروش قتل,"Dec 20, 2025",https://www.24urdu.com/20-Dec-2025/156066,پولیس کے مطابق یہ واقعہ فیصل آباد کی ڈی ٹائپ کالونی میں پیش آیا۔ ملزم کی شناخت مدثر کے نام سے ہوئی ہے، جس نے مبینہ طور پر پیسے دیے بغیر ریڑھی سے مونگ پھلی اٹھا کر کھائی۔ پولیس کا کہنا ہے کہ مونگ پھلی فروش کی جانب سے منع کرنے پر ملزم طیش میں آ گیا اور فائرنگ کر دی۔ فائرنگ کے نتیجے میں ریڑھی بان موقع پر جاں بحق ہو گیا جبکہ اس کا بھائی زخمی ہو گیا، جسے فوری طور پر اسپتال منتقل کر دیا گیا۔ واقعے کے بعد مقتول کے ورثا نے احتجاج کیا، جبکہ پولیس نے موقع پر پہنچ کر شواہد اکٹھے کیے اور مقدمہ درج کر کے ملزم کی گرفتاری کے لیے کارروائی شروع کر دی ہے۔ پولیس کے مطابق واقعے کی مزید تحقیقات جاری ہیں۔,N/A,24_news,10:26:AM
ڈاکٹر وردہ قتل کیس:گرفتار ملزم کے تفتیشی ٹیم کے سامنے اہم انکشافات,"Dec 14, 2025",https://www.24urdu.com/14-Dec-2025/155458,ملزم پرویزکے مطابق ملزمہ ردہ نے ڈاکٹر وردہ کو قتل سے قبل شدید تشدد کا نشانہ بنایا۔ ملزم پرویزکاکہناہے کہ ملزمہ ردہ مسلسل ڈاکٹر وردہ کو مارتی رہی ،ڈاکٹر وردہ مار کھاتے ہوئے بھی سونا واپسی کا بولتی رہی ۔ یہ بھی پڑھیں: ملزم پرویزکے مطابق ملزمہ جواب دیتی رہی کہ میری جوتی سونا واپس دیتی ہے۔,N/A,24_news,15:08:PM
ایمان مزاری اور ہادی علی چٹھہ کیخلاف متنازع ٹویٹ کیس کی سماعت ملتوی,"Dec 15, 2025",https://www.24urdu.com/15-Dec-2025/155524,ایڈیشنل ڈسٹرکٹ اینڈ سیشن جج محمد افضل مجوکا نے کیس کی سماعت کی،اس دوران  ایمان مزاری اور ہادی علی چٹھہ عدالت میں پیش ہوئے۔ ہادی علی چٹھہ نے کہا کہ سپریم کورٹ نے ہائیکورٹ میں زیر سماعت اپیل کے فیصلے تک حکم امتناع جاری کیا ہے،اس پرجج افضل مجوکا نے ریمارکس دیئے کہ ابھی اس کو پرسوں کے لیے رکھ لیتے ہیں، اس کے بعد دیکھ لیں گے کیا آرڈر آتا ہے۔ یہ بھی پڑھیں: عدالت نے ایمان مزاری اور ہادی علی چٹھہ کے خلاف کیس کی سماعت 17 دسمبر تک ملتوی کر دی۔,N/A,24_news,10:13:AM
38 لاکھ 50 ہزار روپے مالیت کا ساڑھے 5 سو کلو چلغوزہ چوری,"Dec 15, 2025",https://www.24urdu.com/15-Dec-2025/155536,گوجرانوالہ میں چوری کی انوکھی واردات سامنے آئی ہے،جہاں ساڑھے 5 سو کلو چلغوزہ چوری ہوگیا جس کی سی سی ٹی وی فوٹیج بھی منظر عام پر آگئی ہے۔ فوٹیج میں3چوروں کو دن دیہاڑے چلغوزے کی 6 بوریاں لے جاتے دیکھا جاسکتا ہے،گوجرانوالہ ماڈل ٹاؤن پولیس نے مقدمہ درج کرلیا ہے۔ یہ بھی پڑھیں: متاثرہ شخص کا کہنا ہےکہ نقصان ساڑھے 38 لاکھ کا ہے جبکہ پولیس نے ساڑھے تین لاکھ کا درج کیا ہے۔,N/A,24_news,11:42:AM
سنگین جرائم میں مطلوب اشتہاری ملزم سعودی عرب سے گرفتار,"Dec 10, 2025",https://www.24urdu.com/10-Dec-2025/154958,ملزم تیمور کو سعودی عرب سے گرفتار کر کے اسلام آباد ایئرپورٹ منتقل کر دیا گیا،گرفتار ملزم گزشتہ 4 سال سے پنجاب پولیس کو مطلوب تھا۔ ملزم کے خلاف قتل کی دفعات کے تحت تھانہ صدر منڈی بہاءالدین میں مقدمہ درج تھا،ایف آئی اے این سی بی انٹرپول نے ملزم کی گرفتاری کے لئے ریڈ نوٹس جاری کیا تھا۔ ملزم کو بعد ازاں ایف آئی اے امیگریشن اسلام آباد نے پنجاب پولیس حکام کے حوالے کر دیا۔ یہ بھی پڑھیں: ملزم کی حوالگی انٹرپول اسلام آباد کی انٹرپول ریاض کے ساتھ قریبی رابطہ کاری کی وجہ سے ممکن ہوئی۔,N/A,24_news,10:35:AM
ہالی وڈ ڈائریکٹر اور اہلیہ کا قتل، بیٹا گرفتار,"Dec 16, 2025",https://www.24urdu.com/16-Dec-2025/155639,غیر ملکی میڈیا کے مطابق ہدایتکار روب رائنر اور بیوی کی لاشیں 2 روز قبل ان کے گھر سے ملی تھیں اور بعد ازاں پولیس نے تحقیقات کے بعد مقتولین کے بیٹے نک رائنرکو ان کی موت کا ذمہ دار قرار دیا۔ دوسری جانب امریکی صدرٹرمپ نے روب رائنر کے قتل پرطنز  کرتےہوئے نامناسب الفاظ استعمال کئے تھے ۔ انہوں نے کہا تھا  کہ روب رائنرکبھی نہایت باصلاحیت فلم ڈائریکٹر اور کامیڈی سٹارہواکرتےتھے مگر روب رائنر کوٹرمپ ڈیرینجمنٹ سنڈروم لاحق تھاجو اس کی موت کاسبب بنا۔ ہدایت کار روب رائنر صدرٹرمپ کےکھلے ناقد اورڈیموکریٹک پارٹی کےبڑےڈونر تھے۔ روب رائنر مشہور ٹی وی سیریز All in the Family کے اداکار اور فلموں When Harry Met Sally اور The Princess Bride کے ہدایت کار کے طور پر جانے جاتے ہیں۔,N/A,24_news,10:38:AM
متنازع ٹویٹس کیس؛ سپریم کورٹ کا ایمان مزاری کے خلاف ٹرائل روکنے کا حکم,"Dec 11, 2025",https://www.24urdu.com/11-Dec-2025/155080,جسٹس ہاشم کاکڑ کی سربراہی میں تین رکنی بینچ نے ایمان مزاری کی ٹرائل رکوانے کی درخواست پر سماعت کی، بینچ میں جسٹس صلاح الدین پنہور اور جسٹس اشتیاق ابراہیم بھی شامل تھے۔ سپریم کورٹ نے حکم دیا کہ اسلام آباد ہائیکورٹ کے فیصلے تک ٹرائل روکا جائے اور اسلام آباد ہائی کورٹ تمام فریقین کو سن کر فیصلہ کرے۔ عدالتی حکم میں مزیدکہا گیا کہ توقع کی جاتی ہے کہ ہائی کورٹ دونوں فریقین کو مکمل سن کر جلد فیصلہ کرے گی۔ دوران سماعت جسٹس ہاشم کاکڑ نے کہا کہ ہم آرڈر لکھوا رہے ہیں آپ کو کوئی اعتراض نہیں ہے،ایڈیشنل اٹارنی جنرل رانا اسد نے کہا کہ اعتراض تو درخواست کے قابل سماعت ہونے پر اٹھایا ہے لیکن چلیں ٹھیک ہے۔ وکیل فیصل صدیقی نے کہا کہ میں ایڈیشنل اٹارنی جنرل کا شکریہ ادا کرتا ہوں، ہم اس شہر میں صرف آپ کے پاس ہی آسکتے ہیں،جسٹس ہاشم کاکڑ نے جواب دیا کہ اب آپ سیاسی باتیں کرنا شروع ہوگئے ہیں، جس پر کمرہ عدالت میں قہقہے لگ گئے۔ جسٹس ہاشم کاکڑ نے کہا کہ اس مرتبہ آپ نے کوئی شعر نہیں سنایا،وکیل فیصل صدیقی نے کہا کہ ابھی شعر سنا دیتا ہوں۔ انہوں نے شعر سنایا: ہم آہ بھی کرتے ہیں ہو جاتے ہیں بدنام وہ قتل بھی کرتے ہیں تو بدنام نہیں ہوتے یہ بھی پڑھیں: فیصل صدیقی کے شعر سنانے پر جسٹس ہاشم کاکڑ نے کہا کہ یہ تو پرانا شعر ہے جو آپ پچھلی مرتبہ سنا چکے تھے، جج کے ریمارکس پر کمرہ عدالت میں قہقہے لگ گئے۔ عدالت نے فیصلہ دونوں فریقین کی باہمی رضامندی سے جاری کیا، عدالتی کارروائی کے دوران ناروے کے سفیر بھی کمرہ عدالت میں موجود رہے۔,N/A,24_news,13:17:PM
کراچی: ڈکیتی کے الزام میں خاتون سمیت 5 ملزم گرفتار,"Dec 15, 2025",https://www.24urdu.com/15-Dec-2025/155531,پولیس کے مطابق ڈکیتی کی واردات 10 دسمبر کو ہوئی جس میں 3 ملزموں نے ایک گھر کا صفایا کردیا،گزری تھانے میں درج ایف آئی کے مطابق  ملزمان گھر سے سونے کا سیٹ ، 4 سونے کی چوڑیاں ، 4انگوٹھیاں اور ہزاروں پاکستانی روپے اور درہم لوٹ کر لے گئے تھے ۔ پولیس کا کہنا ہےکہ ڈکیتی کے الزام میں 5 افراد کو گرفتار کرلیا گیا ہے جن میں ایک خاتون بھی شامل ہے۔,N/A,24_news,10:39:AM
سابق وزیراعلیٰ کے پی علی امین گنڈاپور کے وارنٹ گرفتاری جاری,"Dec 10, 2025",https://www.24urdu.com/10-Dec-2025/154955,علی امین گنڈاپورکے وارنٹ گرفتاری حقیقی آزادی مارچ کے دو کیسز میں جاری کیےگئے. سابق وزیراعلیٰ خیبر پختونخواان کیسز میں متعدد بار طلبی کے باوجود پیش نہیں ہوئے۔ یہ بھی پڑھیں: عدالت نے کیس کی مزید سماعت 5 جنوری تک ملتوی کردی۔,N/A,24_news,10:22:AM
ڈی ایس پی عثمان حیدر کی بیوی اور بیٹی کے قتل کا ڈراپ سین،قاتل کون؟,"Dec 14, 2025",https://www.24urdu.com/14-Dec-2025/155446,ڈی ایس پی ہی اپنے بیٹی اور بیوی کا قاتل نکلا،اس نے اپنی بیوی اور بیٹی کو مبینہ طور پر فائرنگ کرکے قتل کیا،پولیس نے ڈی ایس پی عثمان حیدر کو گرفتار کرلیا ہے ڈی ایس پی عثمان حیدر نے بیوی اوربیٹی کے اغوا کی ایف آئی آر تھانہ برکی میں درج کراوئی تھی، تاہم ملزم ڈی ایس پی عثمان حیدر نے اعتراف جرم کرلیا ہے۔ پولیس نے بیٹی کی لاش کاہنہ اور بیوی کی لاش شیخوپورہ سے برآمد کرلی، ڈی ایس پی عثمان حیدر نے گھر یلو ناچاقی پر اپنی بیوی اور بیٹی کو قتل کیا، میاں بیوی کے درمیان عرصے سے گھریلو ناچاقی چل رہی تھی۔ یہ بھی پڑھیں: بتایاگیاہے کہ ڈی ایس پی عثمان حیدر نے دو شادیاں کر رکھی تھیں اور مقتولہ پہلی بیوی تھی جن سے انہوں نے محبت کی شادی کی تھی جبکہ دوسری شادی کے بعد جھگڑے شروع ہو گئے تھے۔ کیس میں مزید تفتیش جاری ہے اورمزید حقائق سامنے آئیں گے۔,N/A,24_news,13:58:PM
سابق وائس چیئرمین ن لیگ عامر فاروق پر قاتلانہ حملہ، بھتیجا، 2بھائی زخمی,"Dec 10, 2025",https://www.24urdu.com/10-Dec-2025/154939,سابق لیگی وائس  چیئرمین عامر فاروق نے بتایا کہ  مجھ پر قاتلانہ حملہ میرے گھر کے باہر کیا گیا،قاتلانہ حملہ ملک اقبال اور ساتھیوں کی جانب سے کیا گیا۔ انہوں نے بتایا کہ قاتلانہ حملے میں میرا بھتیجا عون علی گولی لگنے سے زخمی ہوا،حملہ میں میرے دو بھائی احمد فاروق اور تنویر فاروق بھی زخمی ہوئے۔ عامر فاروق نے بتایا کہ ملک اقبال اور ساتھی علاقہ میں منشیات فروشی کا کام کرتے ہیں، منشیات فروشی اور جواء کے اڈا چلانے سے منع کرنے پر قاتلانہ حملہ ہوا۔ حملہ کے بعد ملک اقبال ساتھیوں سمیت فرار ہوگیا،پولیس نے سابق لیگی وائس چیئرمین عامر فاروق کی درخواست پر اقدام قتل سمیت دیگر دفعات کے تحت مقدمہ درج کر لیا۔ یہ بھی پڑھیں تفتیشی ٹیموں نے موقع سے شواہد جمع کر لئے،پولیس کی انوسٹگیشن ونگ نے ملزمان کی گرفتاری کے لئے ٹیم تشکیل دے دی ۔,N/A,24_news,08:58:AM
اہلیہ اور بیٹی کو قتل کا کیس؛ملزم عثمان حیدر کا 3روزہ جسمانی ریمانڈ منظور,"Dec 15, 2025",https://www.24urdu.com/15-Dec-2025/155593,(جمال الدین جمالی)اہلیہ اور بیٹی کو قتل کرنے کے مقدمے میں ملزم عثمان حیدر کا 3روزہ جسمانی ریمانڈ منظور کرلیاگیا۔ تفصیلات کے مطابق پولیس نے ملزم عثمان حیدر کواہلیہ اور بیٹی کو قتل کرنے کے مقدمے میں جوڈیشل مجسٹریٹ کے روبرو پیش کیا۔جوڈیشل مجسٹریٹ علی اکبر  نے پولیس کی درخواست پر سماعت کی ۔پولیس نے ملزم کے چودہ روزہ جسمانی ریمانڈ کی استدعا کی ۔عدالت نے ملزم عثمان کا تین روزہ جسمانی ریمانڈ منظور کرلیا یادرہے کہ تھانہ برکی پولیس نے ملزم کیخلاف مقدمہ درج کررکھا ہے۔ یہ بھی پڑھیں:,N/A,24_news,20:59:PM
رجب بٹ اورندیم نانی والا کو عدالت سے ریلیف مل گیا,"Dec 15, 2025",https://www.24urdu.com/15-Dec-2025/155527,ایڈیشنل سیشن جج منصور احمد قریشی نے جوا ایپ کیس میں دائر عبوری ضمانت کی درخواست پر سماعت کی، سماعت کے دوران رجب بٹ کے وکیل میاں علی اشفاق عدالت میں پیش ہوئے۔ عدالت کو آگاہ کیا گیا کہ رجب بٹ اسلام آباد ہائی کورٹ سے پہلے ہی ضمانت حاصل کر چکے ہیں، جس پر ہائی کورٹ نے انہیں سیشن کورٹ میں پیش ہونے کی ہدایت جاری کی تھی۔ یہ بھی پڑھیں: عدالت نے دلائل سننے کے بعد رجب بٹ اور ندیم نانی والا کی عبوری ضمانت منظور کرتے ہوئے 6 جنوری تک توسیع دے دی۔ کیس کی مزید سماعت مقررہ تاریخ کو ہوگی۔,N/A,24_news,10:30:AM
عدالت میں عدم پیشی پر علیمہ خان کے ضمانتی مچلکے ضبط کرنے کا حکم,"Dec 11, 2025",https://www.24urdu.com/11-Dec-2025/155078,راولپنڈی کی انسداد دہشت گردی عدالت میں علیمہ خان سمیت 11 ملزمان کے خلاف 26 نومبر کے احتجاج پر درج مقدمے کی سماعت ہوئی ،علیمہ خان اور ان کے وکلا عدالت میں پیش نہیں ہوئے۔ عدم حاضری پر پراسیکیوشن نے علیمہ خان کے ضمانتی مچلکے ضبط کرنے کی استدعا کرتے ہوئے کہا کہ ملزمہ نےعدالت کو یقین دہانی کرائی ہے وہ ہر سماعت پر پیش ہوں گی۔ پراسیکیوٹر کی استدعا پر عدالت نے علیمہ خان کے ضمانتی مچلکے ضبط کرنے کا حکم دیتے ہوئے ان کے قابل ضمانت وارنٹ اور ضمانت منسوخی کے نوٹس بھی جاری کردیے۔ عدالت نے علیمہ خان کے 10، 10 لاکھ کے 2 ضمانتی مچلکے ضبط کرنے کا حکم دیا۔ یہ بھی پڑھیں: بعد ازاں عدالت نے کیس کی مزید سماعت 15 دسمبر تک ملتوی کردی اور عدالتی کارروائی ملتوی کیے جانے کے بعد علیمہ خان اپنے وکیل کے ہمراہ عدالت پہنچیں۔,N/A,24_news,13:05:PM
ڈاکٹر وردہ قتل کیس:چاروں ملزمان کا مزید 3روزہ ریمانڈ منظور,"Dec 12, 2025",https://www.24urdu.com/12-Dec-2025/155192,ایبٹ آباد پولیس کی جانب سےچاروں ملزمان کے مزید ریمانڈ کی استدعا کی گئی تھی۔ ملزمان کو پولیس کی بھاری نفری میں عدالت لایا گیاتھا۔ یہ بھی پڑھیں: واضح رہے کہ 4دسمبر کو ڈاکٹر وردہ کو اغواء کیاگیا تھاجبکہ 8دسمبر کوٹھنڈیانی کے جنگلات سے لاش ملی تھی۔,N/A,24_news,13:09:PM
این سی سی آئی کے تین اہلکاروں کی ضمانت کی درخواستوں پرسماعت  ملتوی,"Dec 17, 2025",https://www.24urdu.com/17-Dec-2025/155762,سپشل کورٹ سینٹرل میں معروف یوٹیوبر سعد الرحمان عرف ڈکی بھائی سے رشوت کے مقدمہ میں نیشنل سائبر کرائم انویسٹی گیشن ایجنسی کے تین اہلکاروں کی ضمانتوں پر سماعت ہوئی۔ یہ بھی پڑھیں: سپیشل سینٹرل کورٹ نے ضمانت کی درخواستوں پر کارروائی 19 دسمبر تک ملتوی کردی،عدالت نے آئندہ سماعت پر وکلاء کو دلائل دینے کی ہدایت کردی۔ اس کیس میں سلمان عزیز ، اسسٹنٹ ڈائریکٹر مجتبیٰ اور انسپکٹر علی رضا نے ضمانتیں دائر کی ہیں۔,N/A,24_news,14:13:PM
رحیم یار خان میں پولیس مقابلےکے دوران 5 ڈاکو ہلاک,"Dec 14, 2025",https://www.24urdu.com/14-Dec-2025/155417,پولیس کے مطابق ڈاکوؤں نے شہری ہاشم سے 6 لاکھ روپے کی نقد رقم چھین لی پولیس نے 15 کال پر فوری کارروائی کرتے ہوئے فرار ہونے والے ڈاکوؤں کا تعاقب کیا۔ تھانہ کوٹسمابہ پولیس نے شاہ گڑھ کے نزدیک ناکہ پر روکنے کی کوشش کی تو ڈاکوؤں نے فائرنگ کر دی جوابی کارروائی کے دوران 5ڈاکو مارے گئے، پولیس نےکار ، چھینی گئی نقدی اور اسلحہ قبضہ میں لے لیا۔ پولیس کے ساتھ فائرنگ کے تبادلے میں مارے گئے ڈاکوؤں کی شناخت کی جا رہی ہے۔ ڈی پی او عرفان علی سموں کی جانب سے پولیس پارٹیز کو شاباش دی گئی۔ یہ بھی پڑھیں,N/A,24_news,09:53:AM
سابق صوبائی وزیرمیاں محمودالرشید کے 3بھائیوں کی عبوری ضمانت منظور,"Dec 06, 2025",https://www.24urdu.com/06-Dec-2025/154528,ملزم میاں مصطفی رشید ، میاں حامد رشید ، میاں ضیارشید اینٹی کرپشن کورٹ میں پیش ہوئے۔ عدالت نےتینوں بھائیوں کی عبوری ضمانت کنفرم کرنےکاحکم دےدیا۔ عدالت نےملزمان کو ایک ایک لاکھ کے ضمانتی مچلکے جمع کرانے کا حکم دیا۔ اینٹی کرپشن کورٹ کے جج محمد جمیل نے فیصلہ سنایا۔ ملزمان نے گرفتاری سے ڈر سے عبوری ضمانت کی درخواست دائر کی تھی۔ یہ بھی پڑھیں اینٹی کرپشن ڈیپارٹمنٹ نے  عدالت میں ملزمان کیخلاف تفتیشی رپورٹ پیش کی۔ مدعی فریق کی جانب سے آفتاب مصطفی ایڈووکیٹ بھی پیش ہوئے۔,N/A,24_news,12:33:PM
سی سی ڈی کا مبینہ مقابلہ،6 منشیات فروش اپنے ہی ساتھیوں کی فائرنگ سے ہلاک,"Dec 04, 2025",https://www.24urdu.com/04-Dec-2025/154367,ترجمان سی سی ڈی کے مطابق شاہ کوٹ کے 5رہائشی منشیات فروش مبینہ پولیس مقابلے میں ہلاک ہوئے جبکہ ایک منشیات فروش کا تعلق فیصل آباد سے ہے، ہلاک ملزمان کی شناخت اکرم،عثمان،عابد،ایوب،خرم  اورافضل کے نام سے ہوئی ہے۔,N/A,24_news,23:06:PM
موبائل سکواڈکی کارروائی،کراچی سے لاہور آنے والی خاتون مسافر کو ہراساں کرنے والانوجوان گرفتار,"Dec 07, 2025",https://www.24urdu.com/07-Dec-2025/154683,ترجمان موبائل سکواڈ کے مطابق ملزم سلیم نے دوران سفر بس میں کراچی سے لاہور آنے والی خاتون کو ہراساں اور تنگ کئے رکھا ،متاثرہ خاتون نے ناکہ شیراکوٹ پر مامور موبائل سکواڈ پولیس کو مطلع کیا ،شکایت موصول ہونے پر موبائل سکواڈ ٹیم نے ملزم کو فوری حراست میں لے لیا، جسے قانونی کارروائی کیلئے شیراکوٹ پولیس کے حوالے کر دیا گیا ۔ متاثرہ خاتون نے بروقت تحفظ فراہم کرنے پر ناکہ شیراکوٹ پر مامور پولیس اہلکاروں کا شکریہ ادا کیا۔,N/A,24_news,19:03:PM
باپ نے 3 سالہ بیٹی سمیت نہر میں چھلانگ لگا دی,"Dec 06, 2025",https://www.24urdu.com/06-Dec-2025/154517,ریسکیو ذرائع کے مطابق افسوسناک واقعہ  پھلروان کی حدود میں پیش آیا جہاں 35 سالہ شخص نے3 سالہ بیٹی سمیت نہر میں چھلانگ لگا دی، ریسکیو ٹیموں کی جانب سے کئی کلومیٹر تک تلاش کے بعد 3 سالہ بچی کی لاش مل گئی۔ بچی کی لاش کو قانونی کارروائی کے بعد ورثا کے حوالے کردیا گیا ہےتاہم بچی کے والد کی تلاش جاری ہے۔ پولیس کا کہنا ہے کہ واقعہ کی تمام پہلوؤں سے تفتیش کی جا رہی ہے۔,N/A,24_news,10:48:AM
برطانیہ، لڑکی سے زیادتی پر افغان شہریوں کو قید,"Dec 09, 2025",https://www.24urdu.com/09-Dec-2025/154844,برطانوی میڈیا کی رپورٹ کے مطابق جان جہانزیب نامی افغان ملزم کو 10 سال 8 ماہ جبکہ اسرار نیا زال کو 9 سال 10 ماہ قید کی سزا سنائی گئی ہے۔ استغاثہ نے بتایا کہ رواں سال مئی میں 17 سالہ جان جہانزیب اور  اسرار  نیازال لیمنگٹن  کے ایک پارک  سے  15 سالہ لڑکی کو  اُس وقت  زبردستی  اپنے ساتھ لے گئے  جب وہ نشے کی حالت میں تھی۔ سماعت کے دوران عدالت میں ملزمان کی جانب سے متاثرہ لڑکی کو زبردستی پارک سے لے جانے کی ویڈیو بھی چلائی گئی۔ رپورٹس کے مطابق عدالت میں شواہد پیش کرنے کے بعد جج نے دونوں ملزمان کو  9 اور 10 سال قید کی سزا سنائی، سزا مکمل ہونے کے بعد دونوں کو ملک بدر کیا جائےگا۔ رپورٹس میں بتایا گیا کہ 17 سالہ  ملزمان افغان شہری گزشتہ سال برطانیہ پہنچے تھے اور دونوں نے پناہ کی درخواست دے رکھی تھی۔,N/A,24_news,09:46:AM
قتل کیس :ملزم عمران خان کو سزائے موت کا حکم,"Dec 06, 2025",https://www.24urdu.com/06-Dec-2025/154534,ایڈیشنل ڈسٹرکٹ اینڈ سیشن جج افشاں اعجاز صوفی نے مجرم پر 5 لاکھ روپے ہرجانہ بھی عائد کرنے کا فیصلہ کیا تاکہ متاثرہ خاندان کو مالی تلافی فراہم کی جا سکے۔ عدالت کے ریکارڈ کے مطابق مجرم نے دشمنی کے باعث یہ قتل انجام دیا، واقعے کے وقت مقتول نماز جمعہ ادا کرنے کے بعد مسجد سے باہر نکل رہا تھا اور اسی دوران اسے ہلاک کر دیا گیا۔ یہ مقدمہ راولپنڈی میں سماجی اور قانونی حلقوں میں سنجیدگی کے ساتھ زیر بحث رہا اور عدالت نے مجرم کو قرار واقعی سزا سناتے ہوئے انصاف کے تقاضے پورے کیے ہیں۔ یہ بھی پڑھیں,N/A,24_news,14:38:PM
ایبٹ آباد;ہسپتال سے لیڈی ڈاکٹر مبینہ طور پر اغوا،ڈاکٹر ایسوسی ایشن کاہڑتال کا اعلان,"Dec 05, 2025",https://www.24urdu.com/05-Dec-2025/154495,لیڈی ڈاکٹر وردہ دو روز قبل ہسپتال سے قریبی دوست کے ہمراہ نکلی جو لاپتہ ہو گئی ڈاکٹر وردہ جس دوست کے ساتھ ہسپتال سے نکلی اس دوست کے پاس 67 تولہ سونا امانت کے طور پر رکھا گیا تھا، سونا لیڈی ڈاکٹر بیرون ممالک جانے سے قبل رکھوا کر گئی تھی۔ بیرون ممالک واپسی پر دوست سے جمعرات کے روز سونا واپس لینے نکلی اور لاپتہ ہو گئی، ہسپتال اور خاندانی ذرائع کے مطابق دوست نے ڈاکٹر کو اغواہ کروا لیا ہے، پولیس نے قریبی خاتون دوست کو شامل تفتیش کر لیا ہے، ڈاکٹر کی عدم بازیابی کے خلاف ڈاکٹرز ایسوسی ایشن اور ہسپتال کے طبی عملہ نے ہڑتال اور احتجاج کی کال دے دی،ڈاکٹر ایسوسی ایشن کا مطالبہ ہے کہ پولیس 12 گھنٹوں میں ڈاکٹر کو بازیاب کروائے۔,N/A,24_news,23:06:PM
"رکشہ ڈرائیور کی منت سماجت کرتےہوئےوائرل ویڈیو کامعاملہ,دونوں اہلکارحوالات میں بند,مقدمہ درج","Dec 05, 2025",https://www.24urdu.com/05-Dec-2025/154476,ڈی پی او قصور محمد عیسیٰ خاں نےرکشہ ڈرائیور کی پولیس اہلکاروں کی منت سماجت کرتے وائرل ویڈیو پر سخت نوٹس لیتے ہوئے دونوں پولیس اہلکاروں کے خلاف تھانہ اے ڈویژن میں مقدمہ درج کرکےحوالات میں بند کردیا۔ اہلکاروں کو معطل کر کے چارج شیٹ کر کے SP انویسٹی گیشن کو انکوائری کے احکامات جاری کئے گئے۔ ڈی پی او قصورکا کہنا تھا کہ ٹریفک قوانین پر عملدرآمد کی آڑ میں کسی شہری سے بدسلوکی ہرگز برداشت نہیں کی جائے گی،شہریوں کے ٹیکسز سے ہمیں تنخواہیں ملتی ہیں، کسی شہری کی تضحیک قابل قبول نہیں،فرائض کی انجام دہی کے دوران شہریوں سے خوش اخلاقی سے پیش آئیں،غریب اور محنت کش کا خیال رکھیں۔ انہوں نے ہدایت کی ہےکہ خلاف ورزی کی صورت میں مثالی کاروائی عمل میں لائی جائے گی۔,N/A,24_news,21:05:PM
فیصل آباد؛شوہر نے کلہاڑی کے وار سے بیوی کو قتل کردیا,"Dec 07, 2025",https://www.24urdu.com/07-Dec-2025/154700,مبینہ تعلقات کے شک پر شوہر نے 50 سالہ ثریا بی بی پر کلہاڑی کے وار کردئی، کلہاڑی کے وار سے 50 سالہ ثریا بی بی موقع پر جاں بحق ہوئی۔ پولیس نے موقع پر پہنچ کر لاش کو تحویل میں لے لیا،پولیس نے ملزم کو گرفتار کر لیا،پولیس نے کاروائی کا آغاز کردیا۔,N/A,24_news,21:08:PM
ایمان مزاری اور ہادی علی چٹھہ کیخلاف متنازعہ ٹویٹ کیس کی سماعت ملتوی,"Dec 08, 2025",https://www.24urdu.com/08-Dec-2025/154721,ڈسٹرکٹ اینڈ سیشن کورٹس اسلام آباد میں ایڈیشنل ڈسٹرکٹ اینڈ سیشن جج محمد افضل مجوکہ نے کیس پر سماعت کی،ایمان مزاری اور ہادی علی چٹھہ عدالت میں پیش ہوئے۔ یہ بھی پڑھیں: وکیل صفائی نے بتایاکہ درخواست ابھی اسلام آباد ہائیکورٹ میں پینڈنگ ہے،عدالت نے کیس کی سماعت15 دسمبر تک ملتوی کردی۔,N/A,24_news,09:39:AM
سی ٹی ڈی کے پنجاب بھر میں 364 آئی بی اوز آپریشن، 24 دہشت گرد گرفتار کئے,"Dec 06, 2025",https://www.24urdu.com/06-Dec-2025/154519,تفصیلات کے مطابق سی ٹی ڈی نے رواں ہفتے بھر پور کارروائیاں کرتے ہوئے 24 دہشتگردوں کو گرفتار کیا جبکہ5604 کومبنگ آپریشنز میں 501 مشتبہ افراد گرفتار جبکہ 228138 سے پوچھ گچھ کی گئی۔ ترجمان سی ٹی ڈی کے مطابق لاہورسےفتنہ الخوارج کاخطرناک دہشتگردشاکرگرفتار  کیا گیا۔ دہشتگردوں سےدھماکہ خیزمواد،4ای آئی ڈی بم،24ڈیٹونیٹر،حفاظتی فیوزوائر58فٹ،پمفلٹ ،نقدی،پرائمہ کارڈبرآمد ہوئے۔ گرفتار ہونیوالے دہشتگردوں میں شکیل احمد،محب اللہ،حیات،عجب خان،شعیب ،عرفان،امجد،علی رضا،نعمان،رشیدخان،شاکرودیگرشامل تھے۔ حکام کے مطابق دہشتگردمختلف مقامات پرکارروائی کرکےعوام میں خوف وہراس پھیلاناچاہتےتھے۔,N/A,24_news,11:32:AM
ٹبی سٹی پولیس کی کارروائی، 3 ون ویلرز گرفتار،مقدمات درج,"Dec 09, 2025",https://www.24urdu.com/09-Dec-2025/154912,پولیس کے مطابق گرفتار ملزموں میں عبد الرحمٰن،سجاد اور ساحل شامل ہیں۔ ملزمان نے ون ویلنگ اور خطرناک کرتب کی متعدد ویڈیوز سوشل میڈیا پر وائرل کیں،ملزموں کے زیر استعمال موٹر سائیکل بھی قبضے میں لے لی گئی جبکہ ملزمان کے خلاف مقدمات درج کرلئے گئے۔,N/A,24_news,18:50:PM
دیپالپور؛شادی کا جھانسہ دے کر خاتون سے زیادتی کرنے والا ملزم گرفتار,"Dec 05, 2025",https://www.24urdu.com/05-Dec-2025/154478,تفصیلات کے مطابق بصیر پور کے رہائشی امتیاز احمد نے امر سدھو لاہور کی خاتون کو شادی کا جھانسہ دے کر دیپالپور بلوایا،اوباش نوجوان ساتھی کی مدد سے خاتون صباء بی بی کو زیادتی کا نشانہ بنا ڈالا پولیس کے مطابق تھانہ سٹی دیپالپور نے مقدمہ درج کرکےملزم گرفتار کیا گیا ہے،تھانہ سٹی دیپالپور نے جدید ٹیکنالوجی اور ہومن ریسورس نے مرکزی ملزم امتیاز احمد کو گرفتار کر لیا۔,N/A,24_news,21:12:PM
قتل کے مقدمے میں نامزد اشتہاری22 سال بعد گرفتار,"Dec 08, 2025",https://www.24urdu.com/08-Dec-2025/154767,ایس ایس پی کیماڑی امجد شیخ کے مطابق ملزم نے 2003 میں ذاتی رنجش کی بنا پر باپ اور بیٹے سہیل اور محمد اسماعیل کو سر اور چہرے پر گولیاں مار کر قتل کیا تھا۔ تھانہ بلدیہ میں 5 نامزد ملزمان کے خلاف قتل کا مقدمہ درج تھا، جس کا مرکزی ملزم عرصہ دراز سے فرار تھا اور فرضی نام استعمال کر رہا تھا۔ کیماڑی اور بلدیہ پولیس نے تکنیکی بنیاد پر کارروائی کرتے ہوئے ملزم عمران ناگوری عرف اقبال کو گرفتار کیا، مزید تفتیش اور قانونی کارروائی جاری ہے۔,N/A,24_news,14:55:PM
سی ڈی اے میں جعلی دستاویزات پر بھرتیاں، 58 ملازمین کیخلاف مقدمہ درج,"Dec 05, 2025",https://www.24urdu.com/05-Dec-2025/154420,ایف آئی اے اینٹی کرپشن سرکل اسلام آباد نے 58 ملازمین کے خلاف مقدمہ درج کرلیا،ان  پر سی ڈی اے میں جعلی تعلیمی اسناد اور جعلی سرٹیفکیٹ پر نوکریاں لینے کا الزام ہے۔ ملزمان نے جعلی دستاویزات پر سیکیورٹی گارڈ، لفٹ آپریٹر، ڈرائیور اور ٹیوب ویل آپریٹر کی گریڈ 5 سے گریڈ 14 تک نوکریاں حاصل کیں۔ ملزمان کو صوبائی میرٹ کوٹہ کی خلاف ورزی کرتے ہوئے بھرتی کیا گیا۔ یہ بھی پڑھیں: ایف آئی اے ذرائع کا کہنا ہے کہ سی ڈی اے میں خلاف قانون کی گئی بھرتیوں کے حوالے سے تحقیقات جاری ہیں۔,N/A,24_news,13:19:PM
سیالکوٹ: تھانہ مُرادپور کے علاقے میں نوبیاہتا دلہن شوہر کے مبینہ تشدد سے قتل,"Dec 08, 2025",https://www.24urdu.com/08-Dec-2025/154804,پولیس کے مطابق مقتولہ 35 سالہ نبیلہ کی شادی صرف 25 روز قبل کاشف نامی شخص سے ہوئی تھی۔ پولیس ترجمان نے بتایا کہ نبیلہ کی لاش پر تشدد کے واضح نشانات موجود ہیں  جس کے بعد لاش کو پوسٹ مارٹم کے لیے ڈیڈ ہاؤس منتقل کر دیا گیا ہے۔ مقتولہ کی والدہ کی مدعیت میں دفعہ 302 کے تحت مقدمہ درج کیا جا رہا ہے،والدہ کے مطابق ان کی بیٹی کو شوہر کاشف نے شدید تشدد کا نشانہ بنایا جس کے باعث اس کی موت واقع ہوئی۔ پولیس نے فوری کارروائی کرتے ہوئے ملزم کاشف کو حراست میں لے لیا ہے،ترجمان پولیس کے مطابق تفتیش تمام پہلوؤں کو مدنظر رکھتے ہوئے جاری ہے۔ ڈی پی او سیالکوٹ فیصل شہزاد نے کہا کہ قتل کے مقدمے کی تفتیش میرٹ پر کی جائے گی۔,N/A,24_news,20:28:PM
19 خواتین اور بچوں کو بےدردی سے قتل کرنے کا اعتراف کرنے والا ملزم عدالت سے بری,"Nov 26, 2025",https://www.24urdu.com/26-Nov-2025/153376,بھارتی سپریم کورٹ نے مقدمے کے آخری ملزم سرندر کُولی کو بھی بری کر دیا ہے، 12 نومبر کو عدالتِ عظمیٰ نے اُن کے خلاف زیرِ التوا آخری مقدمے میں سابقہ فیصلے کالعدم قرار دیتے ہوئے کہا کہ ان کا اعترافی بیان جس میں انسانیت سوز جرائم کا ذکر تھا، تشدد کے ذریعے حاصل کیا گیا اور قابلِ اعتماد نہیں تھا۔ یہ کیس دسمبر 2006 میں اُس وقت منظرِ عام پر آیا جب نوئیڈا کے علاقے نٹھاری میں واقع بنگلے کے قریب گٹر اور نالیوں سے 19 خواتین اور بچوں کی ہڈیاں، کھوپڑیاں اور کپڑے ملے۔ بنگلے کے مالک تاجر موندر سنگھ پنڈہر اور اُن کے خادم سرندر کُولی کو اسی وقت گرفتار کر لیا گیا تھا، ابتدائی تحقیقات اور منظرِ عام پر آنے والے شواہد نے ملک بھر میں غم و غصے کی لہر دوڑا دی تھی۔ سالوں تک دونوں ملزمان کو مختلف مقدمات میں سزائے موت سنائی جاتی رہی، تاہم تحقیقاتی عمل میں سنگین خامیوں کے باعث 2023 میں پنڈہر اور اب 2025 میں کُولی کو بھی بری کر دیا گیا۔ یہ بھی پڑھیں عدالت نے اپنے فیصلے میں کہا کہ پولیس اور تحقیقاتی اداروں نے ’آسان راستہ‘ اختیار کرتے ہوئے ایک غریب ملازم کو ملوث کیا جبکہ حقیقی قاتل تک پہنچنے میں سنگین غفلت برتی گئی۔ متاثرہ خاندانوں کی اکثریت اب نٹھاری چھوڑ چکی ہے، مگر وہ دو خاندان جو آج بھی وہاں مقیم ہیں، بے یقینی اور صدمے کا شکار ہیں، بچوں کے والدین سوال اٹھا رہے ہیں کہ اگر پنڈہر اور کُولی بے گناہ ہیں تو پھر اُن کے بچوں کو قتل کس نے کیا؟۔ قانونی ماہرین کا کہنا ہے کہ سپریم کورٹ سے دوبارہ تحقیقات کی درخواست کی جا سکتی ہے، لیکن 19 سال گزر جانے کے بعد اس کے کامیاب ہونے کے امکانات انتہائی کم ہیں۔,N/A,24_news,09:55:AM
رشتے سے انکار پر خاتون کو ہراساں کرنے والا شخص گرفتار,"Nov 27, 2025",https://www.24urdu.com/27-Nov-2025/153492,مدعی مقدمہ نے کہا کہ زیر حراست شخص نے میری بہن کو ہراساں کیا اور تشدد کیا، تھانہ بنی پولیس نے مقدمہ درج کر کے گرفتار کر لیا۔ پولیس حکام کا کہنا  کہ زیر حراست شخص کو قرار واقعی سزا دلوانے کے لیے تمام قانونی تقاضے پورے کیے جائیں گے ، خواتین،بچوں پر تشدد، ہراسمنٹ یا زیادتی ناقابل برداشت ہیں۔,N/A,24_news,11:22:AM
بانی پی ٹی آئی کے خلاف خاتون جج دھمکی کیس،سماعت 17 دسمبر تک ملتوی,"Dec 03, 2025",https://www.24urdu.com/03-Dec-2025/154225,تفصیلات کے مطابق سول جج مرید عباس نے بانی تحریک انصاف کے خلاف خاتون جج دھمکی کیس میں سماعت کی۔سماعت کے موقع پر بتایا گیا کہ اسلام آباد ہائی کورٹ کو لکھے گئے خط کا جواب تاحال نہیں آیا ہے، جس  پر  سول جج مرید عباس نے کیس کی سماعت 17 دسمبر تک ملتوی کردی ۔ واضح رہے کہ بانی پی ٹی آئی کیخلاف خاتون جج دھمکی کا مقدمہ تھانہ مارگلہ میں درج ہے۔ یہ بھی پرھیں:,N/A,24_news,19:32:PM
بورے والا: طالبہ سے مبینہ ہراسانی پر پروفیسر معطل، یونیورسٹی میں داخلہ بند,"Nov 28, 2025",https://www.24urdu.com/28-Nov-2025/153593,بورے والا میں فیصل آباد زرعی یونیورسٹی کے سب کیمپس میں پروفیسر کی جانب سے طالبہ سے مبینہ طور پر ہراسانی کا واقعہ پیش آیا۔ پروفیسر کی جانب سے مبینہ طور پر نتائج میں اضافی نمبر دینے کی پیشکش کی ویڈیو وائرل ہو گئی ۔ یونیورسٹی انتظامیہ کے مطابق طالبہ نے  پروفیسر کے خلاف تحریری درخواست دی جس کے بعد معاملہ ہائر  ایجوکیشن کمیشن پاکستان کے وومن ہراسمنٹ یونٹ کو بھیجا گیا۔ یونیورسٹی انتظامیہ کے مطابق ہائر  ایجوکیشن کمیشن پاکستان کے ویمن ہراسمنٹ یونٹ نے طالبہ کی شکایت وائس چانسلر کو بھیج دی جس کے بعد وائس چانسلر  نے ایکشن لیتے ہوئے پروفیسر کو  معطل کرکے یونیورسٹی میں اس کا داخلہ بند کر دیا۔ یہ بھی پڑھیں پرنسپل نے بھی انکوائری مکمل ہونے تک اپنا استعفا جمع کرادیا۔ پروفیسر کی جانب سے مبینہ طور پر نتائج میں اضافی نمبر دینے کی پیشکش پر طالبہ نے 31 اکتوبر کو پروفیسر کے خلاف تحریری شکایات دی تھی۔,N/A,24_news,09:15:AM
سوشل میڈیا پر لڑائی حقیقت میں بدل گئی، چھریوں کے وار سے دو افراد زخمی، تین گرفتار,"Dec 01, 2025",https://www.24urdu.com/01-Dec-2025/153955,جیکسن کے علاقے کیماڑی سکندر آباد میں پڑوسیوں کے درمیان جھگڑے میں امین اللہ اور ان کے والد سعید شریف چھریوں کے وار سے زخمی ہوگئے جنہیں سول ہسپتال منتقل کیا گیا۔ پولیس کے مطابق جھگڑے کے دوران چھری کے وار کرکے باپ اور بیٹے کو  زخمی کرنے والے تین ملزمان جنید، امجد باسط اور عبید کو گرفتار کرکے خون آلود چھری برآمد کرلی ہے۔ پولیس نے بتایا کہ ابتدائی جانچ میں معلوم ہوا ہے کہ پڑوسیوں کے درمیان جھگڑا سوشل میڈیا ایپلیکیشن کی پوسٹ پر کمنٹس کرنے کی وجہ سے پیش آیا تھا تاہم واقعے کی مزید تفتیش جاری ہے۔,N/A,24_news,10:25:AM
گھریلو ناچاقی : بیوی کو قتل کرنیوالے شوہر کو سزائے موت,"Nov 28, 2025",https://www.24urdu.com/28-Nov-2025/153613,ایڈیشنل سیشن جج مرزااورنگزیب  نے جرم ثابت ہونے پر کیس کافیصلہ سنایا۔ مجرم زوہیب جاویدکو5لاکھ روپےجرمانےکی بھی سزاسنائی گئی۔ مجرم نےبیوی کوقتل کرکےمکان سےچھلانگ لگاکربھاگنےکی کوشش بھی  کی تھی۔ چھلانگ لگاتے ہوئے مجرم چھت سےگرگیااورٹانگ ٹوٹ گئی بعد ازاں پولیس نےگرفتارکرلیا۔ غازی آباد پولیس نے 2024میں مقدمہ درج کرکے چالان عدالت میں پیش کیاتھا۔,N/A,24_news,10:52:AM
بھارت:خاتون کو تنگ کرنے سے روکنے پر کھلاڑی قتل,"Dec 01, 2025",https://www.24urdu.com/01-Dec-2025/153967,ویٹ لفٹنگ ایتھلیٹ روہت پر شادی کی تقریب میں تقریباً 10 مہمانوں نے ہتھیاروں اور ڈنڈوں سے حملہ کیا، انہیں ابتدائی طور پر ہسپتال منتقل کیا گیا۔ ہسپتال میں دو روز تک زیر علاج رہنے کے  بعد روہت دم توڑ گئے۔ ذرائع کے مطابق تقریب کے دوران راہول نامی نشے کی حالت میں خواتین پر قابلِ اعتراض الفاظ کہنے لگا۔ روہت نے اس کی مخالفت کی جس پر ابتدائی جھگڑا ہوا لیکن مہمانوں نے معاملہ رفع دفع کرا دیا۔ شادی کی تقریب سے واپسی کے دوران راہول اور اس کے ساتھیوں نے روہت کی گاڑی روک کر ڈنڈوں اور لوہے کی راڈوں سے اس پر حملہ کر دیا جس سے وہ شدید زخمی ہو ا۔,N/A,24_news,11:36:AM
بھائی نے غیرت کے نام پر بہن کے بال مونڈ دیے ،4افراد گرفتار,"Nov 26, 2025",https://www.24urdu.com/26-Nov-2025/153411,پولیس کے مطابق لاہور میں 15 سالہ لڑکی شاہدرہ ٹاؤن سے بابا فرید کالونی اپنے بھائی کے گھر آئی تھی، جہاں غیرت کے نام پر بھائی نے بہن ے بال مونڈ دیے۔ ایس ایچ او کوٹ لکھپت نے متاثرہ لڑکی کے والد دلبر کی درخواست پر مقدمہ درج کرکے ٹیم کے ہمراہ کارروائی کرتے ہوئے فرید کالونی سے 4 ملزمان کو گرفتار کرلیا ۔ ملزمان میں بھائی، بھابھی اور دیگر 2 رشتے دار شامل ہیں۔ یہ بھی پڑھیں اے ایس پی کشمالہ فاروق نے  بتایا کہ ملزمان کو کسی کے ساتھ لڑکی کی  دوستی ہونے کا شک تھا اور شک کی وجہ سے ملزمان نے مل کر لڑکی کے بال مونڈ دیے، ملزمان نے متاثرہ لڑکی کی نازیبا ویڈیوز بنائی اور اسے وائرل کرنے کی بابت دھمکاتے رہے ۔ گرفتار ملزمان میں بھائی قاسم، بھابھی معصومہ، سمیر و گنگر بی بی شامل ہیں۔,N/A,24_news,14:50:PM
ملتان میں کسٹم کی کارروائی؛ سیکیورٹی کمپنی کی کیش وین میں سگریٹ سمگلنگ کی کوشش ناکام,"Dec 02, 2025",https://www.24urdu.com/02-Dec-2025/154138,لسٹم حکام کے مطابق کارروائی عبدالحکیم انٹرچینج کے قریب کی گئی، جہاں سیکیورٹی کیش وین کی تلاشی کے دوران بینسن، میلانو اور ایل اینڈ ایم برانڈز کی 2660 اؤٹرز برآمد ہوئیں۔ حکام کے مطابق وین میں موجود دونوں افراد سیکیورٹی کمپنی کی یونیفارم میں ملبوس تھے، ابتدائی تحقیقات میں ملزمان نے خود کو سیکیورٹی کمپنی کا ملازم ظاہر کیا،کسٹم حکام کے مطابق گرفتار افراد سے سیکیورٹی کمپنی کے نام پر جعلی دستاویزات بھی برآمد ہوئی ہیں  جن کی بنیاد پر مزید تحقیقات جاری ہیں،دونوں گرفتار ملزمان کے خلاف مقدمہ درج کر لیا گیا ہے اور مزید قانونی کارروائی شروع کر دی گئی ہے۔,N/A,24_news,23:07:PM
انسداد سائبر کرائم ونگ ختم ، افسران و اہلکارسی ٹی ڈی میں ٹرانسفر,"Dec 04, 2025",https://www.24urdu.com/04-Dec-2025/154304,سائبر کرائم ونگ میں کام کرنے والے افسران و اہلکاروں کو سی ٹی ڈی میں ٹرانسفر کردیا گیا ہے جبکہ سائبر کرائم ونگ کے پاس موجود مقدمات اور انکوائریز این سی سی آئی اے کے حوالے کردی گئی ہیں۔ سی ٹی ڈی میں ٹرانسفر کیے گئے انسداد سائبر کرائم ونگ میں تعینات افسران و کانسٹیبلز کی تعداد 22  ہے، نوٹیفکیشن کے مطابق انچارج سائبر کرائم ونگ انسپکٹر آصف خان ، 3 سب انسپکٹرز، 2 اسسٹنٹ سب انسپکٹرز، 6 لیڈی کانسٹیبلز اور 10مرد کانسٹیبلز کا تبادلہ کیا گیا ہے۔ یہ بھی پڑھیں: ذرائع کے مطابق اسلام آباد پولیس کے سائبر کرائم ونگ کے پاس 112 شکایات تھیں، 2  مقدمات کے چالان عدالتوں میں پیش کیے جاچکے ہیں جبکہ 20 شکایات انکوائریز کی اسٹیج پر ہیں اور 90  شکایات پر قانونی کارروائی جاری ہے۔,N/A,24_news,12:52:PM
شوہر کا بیوی کو ٹک ٹاک ویڈیو بنانے سے روکنا مہنگا پڑ گیا,"Nov 28, 2025",https://www.24urdu.com/28-Nov-2025/153638,تفصیلات کے مطابق چونیاں کے علاقے ظہیر آباد کالونی میں ٹک ٹاک ویڈیو بنانے سے روکنے پر سسرالیوں نے مبینہ طور پر داماد کو گھر میں گھس کر تشدد کا نشانہ بنا ڈالا،واقعے کی ویڈیو سوشل میڈیا پر وائرل ہوگئی ہے جس میں ملزمان کو کامران کو گلی میں گھسیٹتے اور مکوں، لاتوں اور سوٹوں سے مارنے کی فوٹیج دیکھی جاسکتی ہے۔ متاثرہ شخص کامران نے بتایا کہ اس کا قصور صرف اتنا تھا کہ اس نے بیوی کو ٹک ٹاک ویڈیو بنانے سے منع کیا، جس پر بیوی نے اپنے گھر والوں کو بلوا لیا۔ کامران کا الزام ہے کہ سسر انور اور اس کے ساتھی زبردستی گھر میں داخل ہوئے، اسے شدید تشدد کا نشانہ بنایا اور قتل کی دھمکیاں بھی دیں۔ کامران نے طبی معائنے کے بعد تھانہ سٹی میں کارروائی کے لیے درخواست جمع کرا دی ہے۔ پولیس نے ویڈیو اور درخواست کی بنیاد پر معاملے کی تحقیقات شروع کر دی ہیں۔,N/A,24_news,14:09:PM
جوا ایپس کی پروموشن کیس: ڈکی بھائی سمیت دیگر ملزمان فرد جرم کی کارروائی کیلئے طلب,"Nov 29, 2025",https://www.24urdu.com/29-Nov-2025/153769,جوا ایپس کی پروموشن کے مقدمہ میں ضلع کچہری لاہور میں جج نعیم وٹو نےکیس کی سماعت کی،یوٹیوبرڈکی  بھائی اور عروب جتوئی سمیت دیگر ملزمان نے پیش ہوکرحاضری مکمل کرائی۔ عدالت نےفردجرم عائد کرنےکیلئےیوٹیوبرسعد الرحمان عرف ڈکی سمیت دیگرملزمان کو 20 دسمبر کو طلب کرلیا۔ یہ بھی پڑھیں: جج نعیم وٹو نےاس موقع پرریمارکس دئیےکہ عدالت 20 دسمبر کو فرد جرم عائد کرے گی،نیشنل سائبرکرائم انویسٹی گیشن ایجنسی سےرپورٹ طلب کرلی۔ یوٹیوبر ڈکی نےاین سی سی آئی اے سےلیپ ٹاپ،موبائل اوردیگر اشیا کی سپرداری کی درخواست دائر کر دی، عدالت نے شریک ملزم سبحان کی بریت کی درخواست خارج کردی۔,N/A,24_news,13:28:PM
متنازعہ ٹویٹ کیس: ہادی علی چٹھہ کی بریت کی درخواست خارج,"Nov 29, 2025",https://www.24urdu.com/29-Nov-2025/153764,"ڈسٹرکٹ اینڈ سیشن کورٹس اسلام آباد نے ہادی علی چٹھہ کی بریت کی درخواست پر محفوظ فیصلہ سنا دیا. یہ بھی پڑھیں: ایڈیشنل ڈسٹرکٹ اینڈ سیشن جج محمد افضل مجوکہ نے محفوظ فیصلہ سنایا,عدالت نے تمام فریقین کے دلائل مکمل ہونے پر فیصلہ محفوظ کیا تھا۔",N/A,24_news,12:51:PM
ٹک ٹاکر ثنا یوسف قتل کیس میں اہم پیشرفت,"Nov 26, 2025",https://www.24urdu.com/26-Nov-2025/153404,ڈسٹرکٹ اینڈ سیشن کورٹس اسلام آباد میں ایڈیشنل ڈسٹرکٹ اینڈ سیشن جج محمد افضل مجوکہ نے کیس پر سماعت کی۔ سرکاری وکیل راجہ نوید حسین عدالت میں پیش ہوئے، عدالت نے پراسیکیوشن کے مزید 3 گواہان کے بیانات ریکارڈ کر لئے،ملزم عمر حیات کو گاڑی فراہم کرنے والے شوروم کے مالک، ڈرائیور اور پولیس اہلکار نے عدالت میں بیان ریکارڈ کرایا،تاہم وکلاء صفائی کی جانب سے گواہان پر جرح نہ ہو سکی۔ کیس میں مجموعی طور پر 13 گواہان کے بیانات ریکارڈ ہوچکے ہیں، عدالت نے کیس کی مزید سماعت 6 دسمبر تک ملتوی کردی۔ یہ بھی پڑھیں: واضح رہے کہ 2 جون کو اسلام آباد میں 17 سالہ سوشل میڈیا انفلوئنسر ثنا یوسف کو ان کے گھر میں گولی مار کر قتل کردیا گیا تھا،پولیس نے قتل کا مقدمہ مقتولہ کی والدہ فرزانہ یوسف کی مدعیت میں سمبل پولیس سٹیشن میں پاکستان پینل کوڈ کی دفعہ 302 (ارادی قتل) کے تحت درج کیا گیا تھا، بعد ازاں تکنیکی بنیاد پر کارروائی کرتے ہوئے عمر حیات نامی ملزم کو گرفتار کرلیا گیا تھا۔ 17 سالہ ٹک ٹاکرکے ٹک ٹاک اکاؤنٹ پر تقریباً 8 لاکھ فالوورز اور انسٹاگرام اکاؤنٹ پر تقریباً 5 لاکھ فالوورز تھے۔,N/A,24_news,13:27:PM
عمر ایوب اور زرتاج گل اشتہاری قرار،جائیدادیں ضبط کرنے کا حکم,"Dec 03, 2025",https://www.24urdu.com/03-Dec-2025/154194,انسداد دہشت گردی عدالت کےجج طاہر عباس سپرا نےکیس کی سماعت کی،زین قریشی ،علی بخاری،شیر افضل مروت اورشعیب شاہین کی حاضری سے استثنی کی درخواست منظور کرلی گئی۔ عدالت نے عدم پیشی پر عمر ایوب اورزرتاج گل کو اشتہاری قرار دیتے ہوئے دونوں ملزمان کی جائیداد ضبط کرنےکا بھی حکم جاری کردیا۔ یہ بھی پڑھیں: کیس کی مزید سماعت بیس دسمبر کو ہوگی۔,N/A,24_news,13:33:PM
کراچی میں شاپنگ بیگ سے انسانی دھڑ برآمد,"Nov 30, 2025",https://www.24urdu.com/30-Nov-2025/153894,تفصیلات کے مطابق گلشن اقبال تھانے کے علاقے گلشن اقبال بلاک 5 پوسٹ آفس ہاکی اسٹیڈیم کے قریب شاپنگ بیگ سے انسانی دھڑ ملنے پر علاقے میں خوف و ہراس پھیل گیا۔ واقعے کی اطلاع ملتے ہی پولیس موقع پر پہنچ گئی اور پولیس نے جائے وقوع سے شواہد اکٹھا کرنے کے لیے کرائم سین یونٹ کو طلب کرلیا۔ بعدازاں، ملنے والے انسانی دھڑ کو قانونی کارروائی کے لیے ایدھی ایمبولینس کے ذریعے جناح ہسپتال منتقل کر دیا گیا۔ ایس ایچ او محمد نعیم راجپوت کا کہنا تھا کہ انسانی دھڑ کوئی نامعلوم ملزم یا ملزمان پھینک کر فرار ہوئے ہیں۔ پولیس نے اس حوالے سے تحقیقات شروع کر دی ہے اور اردگرد لگے سی سی ٹی وی کیمروں کی فوٹیجز بھی حاصل کی جا رہی ہے تاکہ انسانی دھڑ پھینکنے والے کا معلوم ہو سکے۔,N/A,24_news,16:23:PM
صادق آباد:چوروں کو ڈھونڈنے والے 4 افراد کھوجی کتوں سمیت اغوا,"Nov 18, 2025",https://www.24urdu.com/18-Nov-2025/152559,صادق آباد پولیس کے مطابق  مغویوں کے اغو ا کا مقدمہ انسانی ہمدردی کی بنیاد پر صادق آباد میں درج کیا گیا ہے۔ پانچ روز قبل لاپتہ کھوجی کتوں اور نجی ٹیم  کو اوباڑو سے اغوا کیا گیا تھا۔ ان مغویوں کوبازیاب کرانےکے لیے  رحیم یارخان،کشمور  اور گھوٹکی  پولیس کی مشترکہ کوششیں جاری ہیں۔,N/A,24_news,22:09:PM
کراچی: ڈیفنس سے نئی نویلی دلہن کی پھندا لگی لاش برآمد,"Nov 18, 2025",https://www.24urdu.com/18-Nov-2025/152494,پولیس کا بتانا ہے کہ زینب زوجہ زین عمر کی پھندا لگی لاش ڈیفنس فیز 5 بدر کمرشل کے فلیٹ سے ملی ہے۔ پولیس کے مطابق ابتدائی طور پر واقعہ خودکشی لگ رہا تھا تاہم مزید تفتیش کے دوران خودکشی کا معاملہ مشکوک لگ رہا ہے، لاش کا پوسٹ مارٹم ہونے کےبعد صورتحال واضح ہوگی۔ پولیس کے مطابق لڑکی کا تعلق سیالکوٹ سے ہے اور اس کی ایک ماہ قبل شادی ہوئی تھی،  شادی کے بعد لڑکی اپنے شوہر کی خالہ کے گھر رہائش پذیر تھی جبکہ واقعے کے وقت شوہر گھر پر موجود نہیں تھا۔ پولیس کے مطابق متوفیہ کی لاش چار منزلہ عمارت کی چھت سے ملی،چوتھی منزل پر متوفیہ کے شوہر کی خالہ کا فلیٹ ہے،لاش چھت کے فرش پر موجود تھی اور دوپٹہ کا پھندا لگا ہوا تھا۔ یہ بھی پڑھیں پولیس کا بتانا ہے کہ متوفی خاتون کا شوہر سکیورٹی ادارے کا ملازم ہے، معاملے کی ہر پہلو سے تحقیقات شروع کر دی ہے،متوفیہ کے شوہر کی خالہ اور کزن کا بیان ریکارڈ کر لیا ہے۔,N/A,24_news,10:24:AM
یوٹیوبر سعد الرحمان عرف ڈکی بھائی کی ضمانت منظور,"Nov 24, 2025",https://www.24urdu.com/24-Nov-2025/153166,ڈکی بھائی کے کیس کی ضمانت کی درخواست پر سماعت لاہور ہائیکورٹ کے جسٹس شہرام سرور نے کی،  دلائل سننے کے بعد عدالت نے ڈکی بھائی کی ضمانت منظور کرتے ہوئے انہیں دس لاکھ روپے کے مچلکوں کی شرط پر رہا کرنے کا حکم دےدیا۔ یاد رہے کہ ڈکی بھائی پر الزام تھا کہ انہوں نے اپنے یوٹیوب چینل کے ذریعے غیر قانونی جوئے کی ایپلیکیشنز کی تشہیر کی، جس کے تحت 17 اگست کی شب نیشنل کرائم ایجنسی لاہور نے ریاست کی مدعیت میں ان کے خلاف مقدمہ درج کیا تھا۔ یہ بھی پڑھیں: واضح رہے کہ یوٹیوبر سعد الرحمان عرف ڈکی بھائی کی اہلیہ اروب جتوئی کی شکایت پر سائبر کرائم ایجنسی کے 9 افسران کیخلاف مقدمہ درج کیا گیا تھا،ایف آئی آر کے مطابق ان افسران نے ڈکی بھائی کو سوشل میڈیا کے ذریعے جوئے کی ایپس کو فروغ دینے کے مقدمے میں گرفتار کیا اور پھر ان سے کروڑوں روپے رشوت لی اور ان کے اکاؤنٹ سے ڈالر بھی اپنے اکاؤنٹ میں ٹرانسفر کیے۔,N/A,24_news,12:37:PM
شوہر نے بیوی کو تشدد کے بعد گلا گھونٹ کر قتل کر دیا,"Nov 21, 2025",https://www.24urdu.com/21-Nov-2025/152846,مقتولہ  کے والد کی مدعیت میں تھانہ صدر چشتیاں میں قتل کا مقدمہ درج کر لیا گیا جس میں شوہر، سسر اور دیور سمیت مرکزی ملزمان کو نامزد کیا گیا۔ پولیس نے بروقت کارروائی کرتے ہوئے تین مرکزی ملزمان کو گرفتار کر لیا۔ وزیر اعلیٰ کی ہدایت پر چیئرپرسن پنجاب ویمن پروٹیکشن اتھارٹی حنا پرویز بٹ نے فوری ایکشن لیتے ہوئے ڈی پی او بہاول نگر سے واقعے کی مکمل اور تفصیلی رپورٹ طلب کر لی،سسرال کی جانب سے واقعے کو طبعی موت ظاہر کرنے کی کوشش، گردن پر پھندے اور جسم پر تشدد کے نشانات سامنے آگئے۔ حنا پرویز بٹ نے کہا کہ خواتین پر تشدد اور جان لیوا حملے کسی صورت برداشت نہیں کیے جائیں گے، ہر مجرم کو کیفرِ کردار تک پہنچایا جائے گا۔ عورت کے کردار پر شک کو جواز بنا کر تشدد اور قتل کرنے والوں کے لیے پنجاب میں زیرو ٹالرنس کی پالیسی ہے،انہوں نے کہا کہ ایسے حساس مقدمات میں شفاف، میرٹ پر مبنی اور بغیر کسی دباؤ کے تفتیش یقینی بنائی جائے گی۔ متاثرہ خاندان کو مکمل قانونی معاونت فراہم کی جائے گی، انہیں ہرگز اکیلا نہیں چھوڑیں گے۔,N/A,24_news,14:38:PM
راولپنڈی؛پولیس کا مختلف علاقوں میں سرچ آپریشنز، 76 غیر قانونی مقیم افغان باشندےگرفتار,"Nov 16, 2025",https://www.24urdu.com/16-Nov-2025/152320,راولپنڈی پولیس کے مطابق سرچ آپریشنز تھانہ کلر سیداں، روات، گوجر خان، چونترہ، دھمیال، کہوٹہ، جاتلی، صدر بیرونی، پیر ودھائی، رتہ امرال، گنج منڈی، سٹی، وارث خان، بنی، نیو ٹاؤن، صادق آباد، صدر واہ، نصیر آباد، سول لائنز، مورگاہ اور کینٹ کے علاقوں میں کیے گئے۔ سرچ آپریشنز کے دوران مجموعی طور پر 1375 گھروں، 412 دکانوں، 28 ہوٹلوں کی تلاشی لی گئی جبکہ 1709 سے زائد افراد کے کوائف بھی چیک کیے گئے۔ پولیس نے کارروائی کے دوران 4 کباڑ خانوں، 3 بس/ٹرانسپورٹ  سٹینڈز اور مختلف مقامات پر کرایہ داروں کے کوائف کی بھی جانچ پڑتال کی جبکہ کرایہ داری کے کوائف کا اندراج نہ کروانے والے 21 افراد کے خلاف مقدمات درج کر لیے گئے ہیں۔,N/A,24_news,17:30:PM
8تولے سونا اور3لاکھ کے پرائزبانڈ چرانے والی گھریلو ملزمہ ساتھی سمیت کاہنہ سے گرفتار,"Nov 25, 2025",https://www.24urdu.com/25-Nov-2025/153301,لاہور کےعلاقہ گلبرگ میں گھریلو ملازمہ کی دو ساتھیوں سےمل کرچوری کی واردات کی،ملازمہ نےگھر سے آٹھ تولےسونا اورتین لاکھ کے پرائزبانڈ چرا لیے۔ پولیس کےمطابق ملزمہ سینٹ میری کالونی میں گھرمیں 2 ماہ سےکام کر رہی تھی،ملزمہ نے اپنے دیگر2 ساتھیوں سےمل کر واردات کا پلان بنایا،چندروزقبل ملزمان 8 تولے سونا، 3لاکھ کےپرائزبانڈ چراکرفرار ہوگئے۔ سی سی ٹی وی میں 2 ملزمان کو بیگ میں چوری شدہ مال لیجاتےدیکھاجاسکتا ہے،گلبرگ پولیس نےخاتون ملزمہ کوجدید ٹیکنالوجی سے ٹریس کرکے کاہنہ سےگرفتارکیا گیا۔ پولیس کےمطابق ملزمان سے8 تولےسونا، 3 لاکھ کے پرائزبانڈ ،2موٹر سائیکلیں، 2 پستول برآمد ہوئے،ملزمان کیخلاف مقدمہ درج کرکےمزید تفتیش کی  جارہی ہے۔ یہ بھی پڑھیں,N/A,24_news,14:59:PM
یوٹیوبر ڈکی بھائی کے جوڈیشل ریمانڈ میں چودہ روز کی توسیع,"Nov 17, 2025",https://www.24urdu.com/17-Nov-2025/152405,ڈکی بھائی کو جوڈیشل ریمانڈ ختم ہونے پر ضلع کچہری میں مجسٹریٹ کی عدالت میں پیش کیا گیا۔ یہ بھی پڑھیں: عدالت نے ایف آئی اے کو ڈکی بھائی کا چالان جلد پیش کرنے کا حکم جاری کرتے ہوئے ان کے جوڈیشل ریمانڈمیں چودہ روزکی توسیع کردی۔,N/A,24_news,15:09:PM
این سی سی آئی اے کی کارروائی ،جعلی اور ڈپلیکیٹ سم ایکٹیویشن گینگ گرفتار,"Nov 21, 2025",https://www.24urdu.com/21-Nov-2025/152853,ملزمان NADRA-linked MBVS(ملٹی فنگر بائیو میٹرک تصدیق کا نظام) استعمال کر کے شہریوں کی جعلی سمز جاری کرتے تھے۔ حکام نے بتایا کہ ڈپلیکیٹ سم کے ذریعے شہریوں کے بینک اکاؤنٹس سے رقوم ٹرانسفر کی جاتی تھیں۔ ملزمان نےشہری شبیراحسین کے UBL اکاؤنٹ سے بھی 4 لاکھ 22 ہزار 500 روپے نکلوائے  تھے۔ ترجمان کے مطابق گرفتار ہونے والوں میں  محمد عثمان، نیئر عباس اور محمد ریاض شامل ہیں۔ چھاپے میں BVS ڈیوائسز، ڈیجیٹل میڈیا اور مشتبہ ریکارڈ برآمد کر لیا گیا۔ یہ بھی پڑھیں,N/A,24_news,15:24:PM
ثانیہ زہرا قتل کیس: مقتولہ کے شوہر کو سزائے موت سنادی گئی,"Nov 19, 2025",https://www.24urdu.com/19-Nov-2025/152599,ثانیہ زہرا قتل کیس میں شوہر علی رضا، ساس عذرا پروین، دیور علی حیدر سمیت 6 ملزمان کو نامزد کیا گیا تھا۔ عدالت نے فیصلہ سناتے ہوئے شوہر علی رضا کو دفعہ 302 کے تحت سزائے موت سنائی جبکہ ساس عذرا پروین اور دیور علی حیدر کو عمر قید کی سزا سنائی گئی، 5 لاکھ روپے جرمانہ بھی عائد کردیا گیا جبکہ 3 ملزمان کو رہا کردیا گیا۔ یہ بھی پڑھیں: فیصلے کے بعد میڈیا سے گفتگو کرتے ہوئے مقتولہ ثانیہ زہرا کے والد اسد عباس شاہ نے کہا کہ میں اپنی بیٹی کے لیے اکیلا لڑتا رہا، آج انصاف اور عدلیہ کی جیت ہوئی ہے، کوئی بھی کسی بچی کو آئندہ قتل نہیں کرسکے گا، واضح رہے کہ ثانیہ زہرا کو گزشتہ سال اس کے شوہر نے قتل کردیا تھا۔,N/A,24_news,11:44:AM
ثانیہ زہرا قتل کیس کا فیصلہ سنا دیا گیا، ایک ملزم کو سزائے موت اور دو کو عمر قید,"Nov 18, 2025",https://www.24urdu.com/18-Nov-2025/152556,تفصیلات کے مطابق ثانیہ زہرا کی پھندا لگی لاش گزشتہ سال 9 جولائی کو گھر کے کمرے سے ملی تھی،  ثانیہ زہرا کے دو ننھے بچے ہیں۔ ایڈیشنل ڈسٹرکٹ اینڈ سیشن جج  ملتان محسن علی خان کی عدالت میں مدعی پارٹی کے وکلاء شہریار احسن اور میاں رضوان ستار نے دلائل پیش کئے تھے ۔ملزمان کے وکیل ضیاء الرحمان رندھاوا نے دلائل پیش کئے تھے،  پراسکیوشن کی جانب سے ڈپٹی پراسیکیوٹر میاں بلال    نے دلائل پیش کئے تھے ،مرکزی ملزم مقتولہ کا شوہر علی رضا پولیس کی حراست میں عدالت میں پیش کیا گیا ،تھانہ نیو ملتان میں ثانیہ شاہ کے شوہر علی رضا ، دیور حیدر علی ، ساس عذرا پروین سمیت 6 افراد کو مقدمہ میں نامزد کیا گیا تھا ۔مقدمہ مقتولہ ثانیہ زہرا کے والد اسد عباس شاہ کی مدعیت میں درج کیا گیا تھا۔ثانیہ زہرا قتل ایک سال 4 ماہ اور 9 دن عدالت میں زیر سماعت رہا۔ثانیہ زہرا قتل کیس میں مجموعی طور پر 42 گواہوں کی شہادتیں قلمبند کی گئیں ۔ثانیہ زہرا قتل کا مقدمہ تھانہ نیو ملتان میں درج کیا گیا تھا ۔عدالتی حکم پر ثانیہ زہرا کی قبر کشائی کی گئی تھی ۔ثانیہ زہرا قتل کیس میں اعلی پولیس افسران کی جوائنٹ انوسٹی گیشن ٹیم بنائی گئی تھی ۔ یہ بھی پڑھیں:,N/A,24_news,21:24:PM
بھارت: خاتون پائلٹ سے زیادتی کی کوشش، سینئر پائلٹ کے خلاف مقدمہ درج,"Nov 22, 2025",https://www.24urdu.com/22-Nov-2025/152955,رپورٹس کے مطابق حیدرآباد کے بیگم پیٹ میں ایک ایوی ایشن کمپنی میں 26 سالہ خاتون پائلٹ پر اسی کمپنی کے سینئر پائلٹ نے بنگلورو میں مبینہ طور پر زیادتی کی کوشش کی۔ رپورٹس کے مطابق خاتون پائلٹ کی شکایت پر بیگم پیٹ پولیس نے مقدمہ درج کرکے واقعے کی نوعیت بنگلورو کے دائرہ اختیار میں ہونے پر کیس بنگلورو کے ہلسور پولیس اسٹیشن منتقل کر دیا۔ پولیس کے مطابق متاثرہ خاتون اور ملزم 60 سالہ روہت شرن دونوں ایک ہی کمپنی میں کمرشل پائلٹس کے طور پر امور انجام دے رہے ہیں۔ حال ہی میں کمپنی کے کام کے سلسلے میں دونوں بنگلورو گئے تھے۔ جہاں ہوٹل کے کمرے میں روہت شرن نے خاتون کے ساتھ زیادتی کی کوشش کی، خاتون نے پولیس میں شکایت درج کروائی۔ پولیس نے خاتون کی شکایت پر روہت شرن کے خلاف مقدمہ درج کرلیا اور واقعہ ہلسور پولیس اسٹیشن کے حدود میں پیش آنے پر کیس کو بنگلورو پولیس کے سپرد کردیا ہے۔,N/A,24_news,12:27:PM
چشتیاں میں ایک ماہ قبل دلہن بن کر آنیوالی شوہر، جیٹھ اور سسر کے ہاتھوں قتل,"Nov 23, 2025",https://www.24urdu.com/23-Nov-2025/153039,پولیس نے مرکزی ملزمان یعنی شوہر، جیٹھ اور سسر کو گرفتار کر لیا ہے جن پر تعلقات کے شبہ میں خاتون کو گلے میں پھندا ڈال کر قتل کرنے کا الزام ہے۔ صدر پولیس نے کارروائی کرتے ہوئے ملزمان کو جرم کے اہم شواہد سمیت حراست میں لے لیا، اور مزید تفتیش جاری ہے۔,N/A,24_news,09:14:AM
5 بچوں کی ماں نے نہر میں چھلانگ لگا دی,"Nov 18, 2025",https://www.24urdu.com/18-Nov-2025/152504,تفصیلات کے مطابق 45 سالہ ام کلثوم کو مقامی افراد اور ریسکیو 1122 کی ٹیم نے نہر سے زندہ نکال لیا، خاتون کو طبی امداد کے بعد تھانہ سرائے مغل پولیس کے حوالے کر دیا گیا۔ تھانہ سرائے مغل پولیس کے مطابق خاتون نے ذہنی دباؤ کے باعث خودکشی کی کوشش کی،پولیس کے مطابق خاتون کا شوہر ایک نجی فیکٹری میں ملازم ہے، واقعے کی تحقیقات کا آغاز کر دیا ہے۔,N/A,24_news,10:20:AM
لاہور؛ ذہنی معذور لڑکی سے زیادتی کرنے والا ملزم گرفتار,"Nov 18, 2025",https://www.24urdu.com/18-Nov-2025/152538,پولیس نے متاثرہ لڑکی کے ابتدائی بیان اورمیڈیکل رپورٹس کی روشنی میں نامزد ملزم کو گرفتارکرلیا ہے،یہ افسوسناک واقعہ 14 نومبرکو پیش آیا تھا جس کا مقدمہ اسی روز تھانہ کوٹ لکھپت میں درج کیا گیا تھا۔ ڈی آئی جی آپریشنز  فیصل کامران نے واقعہ کا نوٹس لے کر خصوصی ٹیم تشکیل دی تھی،ایس پی ماڈل ٹاؤن شہربانو نقوی کی سربراہی میں کوٹ لکھپت ٹیم نے ملزم گرفتارکیا۔ ڈی آئی جی آپریشنز فیصل کامران کے مطابق ملزم واقعے کے بعد لڑکی کو شہرکے ایک ہسپتال میں چھوڑ کر موقع سے فرار ہوگیا تھا۔ ڈی آئی جی آپریشنز کے مطابق ملزم نے بوستان کالونی قینچی سٹاپ کے قریب کوارٹر کرائے پر لیے رکھا تھا ،ملزم متاثرہ ذہنی معذور لڑکی کو بہانے سے ورغلا کر ذیادتی کرتا رہا،حالت غیر ہونے پر ملزم 23 سالہ متاثرہ کو 13 نومبر کو جنرل ہسپتال لے گیا،رپورٹ کے مطابق متاثرہ لڑکی حاملہ ہے۔ ملزم منور نعمان عرف نومی لڑکی کو ہسپتال چھوڑ کر فرار ہو گیا تھا،سی سی ٹی وی فوٹیج میں ملزم کو ہسپتال آتے اور فرار ہوتے دیکھا جا سکتا ہے،پولیس نے سی سی ٹی وی فوٹیجز، لوکیشن ڈیٹا اور دیگر شواہد کی مدد سے ملزم کا سراغ لگایا اوراسے حراست میں لے لیا۔ انہوں نے بتایا کہ ملزم کی گرفتاری کے بعد کیس کومزید تفتیش کے لئے جنڈرکرائم سیل کے حوالے کردیا گیا ہے جہاں جدید تحقیقاتی طریقہ کار کے تحت واقعے کا ہرپہلو تفصیل سے دیکھا جائے گا۔ پولیس حکام کا کہنا ہے کہ متاثرہ لڑکی کو مکمل قانونی، طبی اورنفسیاتی معاونت فراہم کی جا رہی ہے جبکہ ملزم کے خلاف سخت قانونی کارروائی عمل میں لائی جائے گی۔ فیصل کامران  نےاے ایس پی ماڈل ٹاؤن کشمالہ فاروق،ایس ایچ او کوٹ لکھپت کو تعریفی اسناد  دینے کا حکم دے دیا۔ ان کا کہنا تھا کہ خواتین اور بچوں کے خلاف  جرائم حکومت پنجاب کی ریڈ لائن ہیں،خواتین کا استحصال کرنے والے کسی رعایت کے مستحق نہیں۔,N/A,24_news,18:29:PM
علیمہ خان بالآخر عدالت کے سامنے پیش ہو گئیں,"Nov 20, 2025",https://www.24urdu.com/20-Nov-2025/152722,علیمہ خان 26 نومبر کے احتجاج پر درج مقدمے میں پیشی کے لیے عدالت پہنچیں،علیمہ خان کے وکیل فیصل ملک اور سپیشل پراسیکیوٹر ظہیر شاہ بھی اپنی ٹیم کے ہمراہ عدالت پہنچے۔ مقدمے کی سماعت راولپنڈی کی انسدادِ دہشت گردی عدالت کے جج امجد علی شاہ نے کی۔ پولیس نے علیمہ خان سے وارنٹ گرفتاری کی تعمیل کروا دی،عدالت نے علیمہ خان کی پراپرٹی سے متعلق بھی تفصیلات طلب کر لیں۔ یہ بھی پڑھیں: واضح رہے کہ مسلسل غیرحاضری پر عدالت نے علیمہ خان کے 37 بینک اکاؤنٹ منجمد اور ضمانتی مچلکے خارج کر دیئے تھے۔ علیمہ خان کے خلاف 26 نومبر کے احتجاج پر تھانہ صادق آباد میں مقدمہ درج ہے،ان پر کارکنان کو پُرتشدد احتجاج پر اکسانے، جلاؤ گھیراؤ اور کارِ سرکار میں مداخلت کا الزام ہے۔,N/A,24_news,12:42:PM
سیالکوٹ ایئر پورٹ پر دبئی سے قیمتی موبائل فونز سمگل کرنے کی کوشش ناکام، ملزم گرفتار,"Nov 20, 2025",https://www.24urdu.com/20-Nov-2025/152720,تفصیلات کے مطابق ایف آئی اے امیگریشن سیالکوٹ نے دبئی سے آنے والے ایک مسافر کی جانب سے 20 قیمتی موبائل فون سمگل کرنے کی کوشش ناکام بنا دی اور ملزم کو موقع پر گرفتار کر لیا۔ ترجمان ایف آئی اے نے بتایا کہ گرفتار ملزم محمد شعیب رضا بین الاقوامی پرواز کے ذریعے یو اے ای سے سیالکوٹ پہنچا تھا۔ ملزم نے جدید سمارٹ فونز کپڑوں میں چھپا رکھے تھے تاکہ ایئرپورٹ چیکنگ سے بچ سکے۔ ترجمان کا کہنا تھا کہ ملزم کا تعلق سکھر سے ہے اور وہ اس سے قبل بھی پاکستان سے غیر ملکی کرنسی بیرونِ ملک لے جانے میں ملوث رہا ہے۔ ایف آئی اے کے مطابق ملزم متعدد بار متحدہ عرب امارات کے سفر کر چکا ہے، جس کی مزید تفتیش جاری ہے۔ ملزم کو ابتدائی کارروائی کے بعد ایف آئی اے کمپوزٹ سرکل گوجرانوالہ کے حوالے کر دیا گیا ہے۔ جہاں اس کے خلاف سمگلنگ اور منی لانڈرنگ کے قوانین کے تحت مزید تحقیقات کی جائیں گی۔,N/A,24_news,12:36:PM
چیونٹیوں کے خوف میں مبتلا خاتون نے پھندا لگاکر خودکشی کرلی,"Nov 12, 2025",https://www.24urdu.com/12-Nov-2025/151853,حال ہی میں بھارتی ریاست تلنگانہ کے ضلع سنگاریڈی سے تعلق رکھنے والی 25 سالہ منیشا نامی خاتون نے اسی خوف کے سبب پھندا لگا کر اپنی زندگی ختم کرلی۔ پولیس کے مطابق منیشا کی 2022 میں چندم سری کانت نامی شخص سے شادی ہوئی تھی، خودکشی کے روز شوہر کے کام پر جانے کے بعد منیشا نے اپنی 3 سالہ بیٹی کو اپنے رشتے دار کے گھر یہ کہہ کر چھوڑدیا کہ وہ گھر کی صفائی کے بعد اسے لے جائے گی، شوہر کے گھر واپس آنے کے بعد جب اس نے دروازہ کھٹکھٹایا تو اندر سے دروازہ بند تھا، پڑوسیوں کی مدد سے چندم سری کانت نے اپنے گھر کا دروازہ توڑا تو اپنی بیوی کوپھندے سے لٹکاہوا پایا۔ پولیس کا کہنا ہےکہ منیشا کو بچپن سے ہی مائیر میکو فوبیا لاحق تھا، موت سے قبل منیشا نے  اپنے آبائی قصبے کے ایک ہسپتال میں اس خوف سے نجات کیلئے کاؤنسلنگ سیشن بھی لیا تھا۔ بھارتی پولیس کے مطابق ’ شبہ ہے کہ منیشا نے گھر کی صفائی کرتے ہوئے چیونٹیوں کو دیکھ کر خوف سے خودکشی کر لی،  خودکشی سے قبل منیشا نے اپنے شوہر کے لیے ایک نوٹ بھی لکھا، جس میں درج تھا، ’ میں ان چیونٹیوں کے ساتھ نہیں رہ سکتی، بچے کا خیال رکھنا اور اس کیلئے مانی ہوئی منتیں بھی پوری کرلینا‘۔ پولیس نے منیشا کی موت کا  کیس درج  کرتے ہوئے  تحقیقات کا آغاز کردیا ہے۔ میڈیا رپورٹس کے مطابق مائر میکوفوبیا ایک  مخصوص قسم کا فوبیا ہے، متاثرہ  شخص چیونٹیوں کے خوف میں مبتلا ہوتا ہے، ایسے افراد چیونٹیوں کے تصور سے بھی شدید اضطراب اور گھبراہٹ  جیسے حالات کا سامنا کرسکتے ہیں، ایسی خوفناک صورتحال کا بار بار تصور ایسے افراد کو چیونٹیوں کے ایک غول کے ان پر حملہ آور ہونے کا خوف محسوس کرواتا ہے، نتیجتاً ایسے افراد  دل کی تیز دھڑکن ، پسینے میں شرابور اور سانس لینے میں دشواری جیسی صورتحال کا سامنا کرتے ہیں ۔ متاثرہ افراد کی اس غیر معمولی صورتحال کو تھراپیز اور کاؤنسلنگ کے ذریعے بہتر بنایا جاسکتا ہے تاہم علاج نہ ہونے کی صورت مرض دائمی پریشانی یا سماجی دوری کا باعث بن سکتا ہے۔,N/A,24_news,14:40:PM
لاہور ہائیکورٹ:جسٹس فاروق حیدر  کی سعد الرحمان عرف ڈکی بھائی کا کیس سننے سے معذرت,"Nov 11, 2025",https://www.24urdu.com/11-Nov-2025/151783,تفصیلات کے مطابق لاہور ہائیکورٹ میں سعد الرحمان عرف ڈکی بھائی کے جوئے کی ایپ کو پروموٹ کرنے کے کیس میں درخواست ضمانت پر سماعت ہوئی۔جسٹس فاروق حیدر نے کیس سننے سے معذرت کرتے ہوئے کہا کہ کیس کسی دوسرے بینچ کے پاس لگانے کے لیے فائل چیف جسٹس کو بھجوا دی ہے۔عدالت میں تفتیشی افسر آصف جاوید کی جانب سے ریکارڈ پیش کیا گیا۔ جبکہ درخواست میں نیشنل سائبر کرائم انویسٹی گیشن ایجسنی (این سی سی آئی اے) سمیت دیگر کو فریق بنایا گیا ہے۔ ملزم  سعد الرحمان عرف ڈکی بھائی  کی درخواست میں مؤقف اختیار کیا گیا کہ درخواست گزار کو بیرون ملک جانتے ہوئے این سی سی آئی اے نے ایئرپورٹ سے گرفتار کیا۔ جبکہ این سی سی آئی اے نے کبھی نوٹس بھجوا کر طلب نہیں کیا۔ جبکہ درخواست گزار جسمانی ریمانڈ پر 10 دن این سی سی آئی اے کی تحویل میں بھی رہے۔ یہ بھی پڑھیں:,N/A,24_news,20:56:PM
بشریٰ بی بی کے بیٹے موسیٰ مانیکا کے وارنٹ گرفتاری جاری ، گرفتار کرکے پیش کرنے کا حکم,"Nov 16, 2025",https://www.24urdu.com/16-Nov-2025/152301,رپورٹ کے مطابق موسیٰ مانیکا 17 جولائی 2025 کو اپنے گھر پر معمولی تنازع کے دوران گھریلو ملازم پر تشدد کے کیس میں مرکزی ملزم ہیں۔ جج نے پاکپتن صدر پولیس کو موسیٰ مانیکا کو گرفتار کرکے 19 نومبر کو عدالت میں پیش کرنے کاحکم دیاہے۔ یہ مقدمہ صدر پولیس سٹیشن میں اس وقت درج کیا گیا تھاجب موسیٰ نے 18 سالہ ملازم علی بہادر پر اجازت کے بغیر کمرے سے چادریں اتارنے پر غصے میں فائرنگ کردی تھی. یہ بھی پڑھیں: بعد ازاں پولیس کو کال کی گئی، جس پر پولیس کی ٹیم موقع پر پہنچی، انہیں حراست میں لیا اور واقعے میں استعمال ہونے والا اسلحہ بھی برآمد کرلیا تھا۔,N/A,24_news,14:28:PM
شکار پور : قبائل میں تصادم، مخالفین کے گھر پر راکٹ لانچر سے حملے، 5 افراد جاں بحق,"Nov 13, 2025",https://www.24urdu.com/13-Nov-2025/151928,پولیس حکام کے مطابق شکارپور کے نواحی علاقے ٹاؤن چک کے قریب گوٹھ بیچانجی میں افسوسناک واقعہ پیش آیا، بڈانی قبیلے کے مسلح افراد نے شر قبیلے کے ایک گھر پر حملہ کیا، حملہ آوروں نے گھر کو گھیرے میں لینے کے بعد راکٹ لانچر فائر کیا جس کے نتیجے میں زور دار دھماکہ ہوا۔ دھماکے اور فائرنگ کے نتیجے میں گھر میں موجود 5 افراد جاں بحق ہوگئے، جاں بحق ہونے والوں میں گھر کا مالک عبدالخالق شر، اس کے دو بیٹے خالد شر اور راجا شر، بھائی عبدالستار شر اور مہمان عبدالجبار شر موقع پر ہی جاں بحق ہوگئے۔ واقعے کے بعد علاقے میں خوف و ہراس پھیل گیا جبکہ حملہ آور فرار ہونے میں کامیاب ہوگئے، اطلاع ملتے ہی پولیس کی بھاری نفری موقع پر پہنچ گئی اور علاقے کو گھیرے میں لے کر تفتیش شروع کر دی۔ ابتدائی تحقیقات کے مطابق واقعہ دیرینہ قبائلی دشمنی کا شاخسانہ ہے، لاشیں ضروری کارروائی کے لئے ہسپتال منتقل کر دی گئیں، علاقے میں صورتحال کشیدہ ہے جبکہ مزید کسی ناخوشگوار واقعہ سے نمٹنے کے لئے پولیس کی اضافی نفری تعینات کر دی گئی۔ یہ بھی پڑھیں ایس ایس پی شکارپور شاہزیب چاچڑ نے واقعے کا نوٹس لیا اور پولیس کی بھاری نفری جائے وقوعہ کی جانب روانہ کرکے ملوث ملزمان کا تعاقب کرنے کا حکم دیا۔ ایس ایس پی شکارپور شاہزیب چاچڑ کی قیادت میں پولیس نے وڈو بڈانی جتوئی گینگ کے خلاف بڑے پیمانے پر تابڑتوڑ ایکشن کا آغاز کردیا۔ وڈو بڈانی علاقے کے حکیم بڈانی، مولا بخش بڈانی اور شعبان بڈانی گینگ کے خلاف پولیس کا آپریشن جاری ہے۔ آپریشن کے دوران ڈاکوؤں نے پولیس پارٹی پر اندھا دھند فائرنگ کردی، تبادلے میں 2 ڈاکو ہلاک اور متعدد زخمی ہوئے ہیں۔ ایس ایس پی شکارپور کے مطابق ہلاک ڈاکوؤں کی لاشیں تحویل میں لینے کیلئے اور زخمیوں کی گرفتاری کے لیے علاقے میں ناکہ بندی اور سرچ آپریشن جاری ہے۔ مزید پڑھیں ایس ایس پی  شاہزیب چاچڑ نے بتایا کہ ہلاک اور زخمی ملزمان شر برداری کے 5 افراد پر حملے اور قتل کی واردات میں ملوث تھے ،قتل میں ملوث دیگر ملزمان کو ایک ہی پیغام ہے وہ خود کو قانون کے حوالے کردیں یا مرنے کیلئے تیار رہیں ایس ایس پی شکارپور نے کہا کہ قبائلی تکرار کی آڑ میں کسی کو قانون ہاتھ میں لینے کی اجازت نہیں دی جائے گی،فرار ملزمان کی گرفتاری کیلئے علاقے میں ناکہ بندی اور سرچ آپریشن جاری ہے۔,N/A,24_news,08:51:AM
اعظم سواتی کی ضمانت قبل از گرفتاری میں توسیع,"Nov 08, 2025",https://www.24urdu.com/08-Nov-2025/151385,"راولپنڈی کی انسداد دہشت گری عدالت  میں جج امجد علی شاہ نے کیس پرسماعت کی,انہوں نے پی ٹی آئی رہنما کی ضمانت قبل ازگرفتاری پر توسیع کرتے ہوئے سماعت 17نومبرتک ملتوی کر دی۔ یہ بھی پڑھیں: اعظم سواتی کیخلاف تھانہ صدر حسن ابدال میں دو مقدمات درج ہیں۔",N/A,24_news,11:34:AM
خان پور :شوہر نے بیوی اور بہن کو قتل کر ڈالا,"Nov 09, 2025",https://www.24urdu.com/09-Nov-2025/151547,پولیس کے مطابق یہ واقعہ خان پور کے تھانہ سٹی کی حدود خلیل کالونی میں پیش آیا ہے، والد نے بتایا کہ ملزم عبداللہ اور 3 نامعلوم افراد نے میری بیٹی اور بہو کو قتل کردیا۔ خان پور پولیس کا کہنا ہے کہ ملزم عبداللہ اور 3 نامعلوم افراد کیخلاف تھانہ سٹی میں مقدمہ درج کرلیا گیا، فائرنگ سے 28 سالہ مشعل اور سحر بی بی جاں بحق ہوگئی۔ خانپور کے ڈی پی او عرفان سموں نے واقعہ کا نوٹس لیتے ہوئے ملزمان کی جلد گرفتاری کا حکم  دیا ہے، ڈی ایس پی شاہد نذیر کا کہنا ہے کہ واقعے کی  تحقیقات جاری ہے جلد ہی ملزمان کو گرفتارکرلیا جائے گا۔ یہ بھی پڑھیں یاد رہے کہ گزشتہ دنوں اسلام آباد میں شوہر نے بے دردی سے اپنی بیوی کو قتل کردیا تھا، تھانہ سنبل کے علاقے میں شوہر کے ہاتھوں ہونیوالے بیوی کے مبینہ قتل کے معاملے میں  پولیس نے مقتولہ کے بھائی محمد مقصود کی مدعیت میں مقدمہ درج کر لیا گیا ہے۔ مدعی مقدمہ کا کہنا ہے کہ معمولی تلخ کلامی پر بہنوئی نے ہمشیرہ کو قتل کی نیت سے کلہاڑی کے وار کئے، مقصود نے اپنے بیان میں کہا کہ بہن اور بہنوئی ندیم کے درمیان لڑائی جھگڑا ہوا تھا، بہن کے کمرے میں پہنچا تو بہنوئی کلہاڑی سے بہن پر وار کر رہا تھا۔ شور شرابہ کرنے پر بہنوئی ندیم موقع سے فرار ہونے میں کامیاب ہو گیا، بہن کو شدید زخمی حالت میں اسپتال منتقل کیا گیا تھا، بہن پمز اسپتال میں دوران علاج دم توڑ گئی۔,N/A,24_news,15:38:PM
جوا ایپ کی تشہیرکیس؛ یوٹیوبر ڈکی بھائی کی درخواست پر بڑی پیشرفت,"Nov 15, 2025",https://www.24urdu.com/15-Nov-2025/152198,جسٹس شہرام سرور پیر کوضمانت کی درخواست پر سماعت کریں گے، جسٹس فاروق حیدر نے کیس سننے سے معذرت کرلی تھی۔ درخواست میں این سی سی آئی اے سمیت دیگر کو فریق بنایا گیا ہے، سعد الرحمان عرف ڈکی بھائی نے جوئے کی ایپ کی پروموشن کے مقدمے میں ضمانت دائر کر رکھی ہے جس میں موقف اپنایا گیا کہ درخواست گزار کو بیرون جاتے ہوئے این سی سی آئی اے نے ائیرپورٹ سے گرفتار کیا، این سی سی آئی اے نے کبھی نوٹس بھجوا کر طلب نہیں کیا۔ یہ بھی پڑھیں: درخواست میں مزیدکہا گیا ہے کہ درخواست گزارجسمانی ریمانڈ پر دس روز تک این سی سی آئی اے کی تحویل میں رہے۔,N/A,24_news,15:41:PM
سانحہ 9 مئی: میاں محمود الرشید کی سزا معطلی کی درخواستیں سماعت کیلئے مقرر,"Nov 08, 2025",https://www.24urdu.com/08-Nov-2025/151409,رجسٹرار آفس نے کیس 10 نومبر کو سماعت کے لئے مقرر کردیا اوراس حوالے سے کاز لسٹ بھی جاری کردی۔ جسٹس سید شہباز علی رضوی اور جسٹس تنویر احمد شیخ پر مشتمل دو رکنی بینچ کیس پرسماعت کرے گا،پنجاب حکومت کی جانب سے اسسٹنٹ ایڈووکیٹ جنرل محمد فرخ خان لودھی پیش ہوں گے۔ یہ بھی پڑھیں: میاں محمود الرشید نے اپنی سزا کے خلاف اپیل اور سزامعطلی کی درخواستیں دائر کررکھی ہیں۔,N/A,24_news,13:28:PM
9مئی حملہ کیس، ڈاکٹر یاسمین راشد اور عمر سرفراز چیمہ کی ضمانتوں کی درخواستوں پر سماعت ملتوی,"Nov 15, 2025",https://www.24urdu.com/15-Nov-2025/152208,تفصیلات کے  مطابق عدالت نے پراسکیوشن کو ریکارڈ پیش  کرنے کا حکم دیا ہے ،ملزمہ کی جانب سے رانا مدثر عمر ایڈووکیٹ نے عدالت کو بتایا کہ ہم نے ضمانتوں پر دلائل مکمل کر رکھے ہیں، پراسکیوشن کی وجہ سے ضمانتوں پر فیصلہ تاخیر کا شکار ہے ۔ملزمہ نے مغلپورہ  زمان پارک اور جناح ہاؤس کے قریب چوک میں  پولیس کی گاڑیاں جلانے کے مقدنات میں ضمانت دائر کر رکھی ہے۔ انسداد دہشتگردی عدالت کے جج منظر علی گل نے سابق گورنر عمر سرفراز چیمہ کی پانچ مقدمات میں ضمانت کی درخواست پر سماعت کی۔پراسکیوشن نے مقدمات کا ریکارڈ پیش کرنے کیلیے مہلت طلب کی عدالت نے ضمانت کی درخواستوں پر سماعت 18 نومبر تک ملتوی کر دی۔عدالت نے پراسکیوشن کو  بھی ضمانتوں پر دلائل مکمل کرنے کی ہدایت دی ہے۔عمر سرفراز چیمہ نے زمان پارک مغلپورہ اور  جناح ہاؤس کے قریب پولیس کی گاڑیاں جلانے کے  مقدمات میں ضمانت دائر کر رکھی ہے  ۔ انسداد دہشتگردی عدالت نے سانحہ نو مئی کلب چوک جی او آر کے گیٹ پر حملہ کے مقدمہ کی بھی سماعت ہوئی،ملزمان کیخلاف مقدمہ کے جیل ٹرائل کی کاروائی 18 نومبر تک ملتوی  کر دی گئی، دس پولیس اہلکار بطور گواہ عدالت کے روبرو پیش ہوئے ،ملزمان کے وکلاء نے گواہان سے بیانات پر جزوی جرح مکمل کی  ،عدالت نے گواہان کو آئندہ سماعت پر دوبارہ پیشی کیلیے پابند کر دیا ۔مقدمہ مین مجموعی طور پر 56 گواہان کی شہادت ریکارڈ ہو چکی ہے ۔زیر حراست ملزمان ڈاکٹر یاسمین راشد ، عمر سرفراز چیمہ، اعجاز چوہدری  اور میاں محمود الرشید کی  حاضری مکمل کی گئی۔ پی ٹی آئی رہنماؤں پر کارکنان کو نو مئی بغاوت اور فسادات پر اکسانے کا الزام ہے یہ بھی پڑھیں:,N/A,24_news,17:45:PM
ٹک ٹاک کا جنون 12 سالہ طالبعلم کی جان لے گیا,"Nov 11, 2025",https://www.24urdu.com/11-Nov-2025/151713,گولی لگنے کے نتیجے میں طالب علم کی موقع پر ہی موت واقع ہو گئی۔ پولیس کے مطابق عبدالہادی اپنے گھر کے اندر اپنے والد کے پسٹل سے ٹک ٹاک ویڈیو بنا رہا تھا کہ اچانک پسٹل چل گیا جس سے گولی اس کے جسم میں لگ گئی۔ گولی کی آواز سن کر گھر والوں میں کہرام مچ گیا اور فوری طور پر عبدالہادی کو زخمی حالت میں اسپتال لے جایا گیا، جہاں وہ دم توڑ گیا۔ پولیس نے بتایا کہ جاں بحق ہونے والے طالب علم کی شناخت 12 سالہ عبدالہادی کے نام سے ہوئی ہے وہ اپنے خاندان کے ساتھ اپنے گھر میں موجود تھا جب یہ حادثہ پیش آیا۔ پولیس نے واقعے کی اطلاع ملتے ہی جائے وقوعہ پر پہنچ کر لاش کو قبضے میں لے لیا اور تفتیش شروع کر دی ہے۔ یہ بھی پڑھیں پولیس کا کہنا ہے کہ ابتدائی تحقیقات کے مطابق یہ واقعہ حادثاتی طور پر پیش آیا تاہم مزید تحقیقات جاری ہیں تاکہ اس حادثے کے تمام پہلوؤں کا جائزہ لیا جا سکے۔ گھر والوں نے بتایا کہ عبدالہادی ویڈیو بنانے کے شوق میں والد کے پسٹل کو استعمال کر رہا تھا جس کے دوران پسٹل چل گیا اور یہ افسوسناک حادثہ پیش آیا۔,N/A,24_news,09:42:AM
چاندی سمگلنگ کی بڑی کھیپ پکڑی گئی,"Nov 11, 2025",https://www.24urdu.com/11-Nov-2025/151795,بین الاقوامی پارسلز کی تفصیلی جانچ کے دوران، کسٹمز ٹیم نے تین مختلف کھیپوں میں چھپائی گئی 79.18 کلوگرام چاندی کی جیولری برآمد کی جس کی مالیت تقریباً 66.9 ملین روپے ہے،پارسلز کو زیورات/فیشن زیورات ظاہر کیا گیا تھا جو ہانگ کانگ سے راولپنڈی کے ایک وصول کنندہ کے نام پر بھیجے گئے تھے۔ کراچی میں انٹرنیشنل میل آفس میں سخت نگرانی کے باعث  سمگل شدہ سامان کو ان کی مطلوبہ منزل تک پہنچنے سے پہلے قانون کے مطابق شناخت کر کے قبضہ میں لے لیا گیا ہے۔ ایف بی آر  کےمطابق چاندی کی قیمتوں میں حالیہ اضافے سے چاندی کی  سمگلنگ میں اضافہ ہوا ہے اور  پاکستان بھر میں چاندی  سمگلنگ کے مختلف کیسز رپورٹ کیے جا رہے ہی۔ ایف بی آر بین الاقوامی ڈاک سمیت تمام ذرائع سے اسمگلنگ روکنے کے لیے پرعزم ہے۔,N/A,24_news,23:19:PM
نادیہ حسین کے شوہر اوردیگرملزمان  کیخلاف فراڈ کیس میں بڑی پیشرفت,"Nov 12, 2025",https://www.24urdu.com/12-Nov-2025/151847,ڈسٹرکٹ اینڈ سیشن عدالت جنوبی/ سٹی کورٹ میں نجی کمپنی سے 53 کروڑ سے زائد کے فراڈ کے مقدمے کی سماعت ہوئی،ایف آئی اے کارپوریٹ کرائم سرکل نے مقدمے کا حتمی چالان پیش کردیا،اداکارہ نادیہ حسین کا نام ملزمان کی فہرست میں شامل نہیں۔ نادیہ حسین کے شوہر عاطف خان، فیصل محمود شیخ، امتیاز احمد، منہاس احمد، محمد اسلم میمن اور ریحان علی ملزم قراردیئے گئے ہیں۔ چالان کے مطابق ملزمان کے خلاف جعل سازی، امانت میں خیانت کرنے اور فراڈ کے الزامات ثابت ہوتے ہیں،عاطف خان کمپنی کے مقروض ہونے کے باوجود کمپنی سے فنڈز نکالتے رہے،بڑھتے ہوئے قرض کو چھپانے کے لئے جعلی ٹرانزیکشنز، فرضی واؤچرز اور جعلی چیک استعمال کئے گئے۔ چالان کے مطابق آڈیٹرز سے بچنے کے لئے سہ ماہی رپورٹس سے قبل اپنا بیلنس صفر ظاہر کیا جاتا تھا، سابق سی ایف او فیصل محمود شیخ نے جعلی چیکس پر دستخط کئے، فیصل محمود شیخ نے کمپنی فنڈز کی عاطف خان کے ذاتی اکاؤنٹ میں منتقلی کی منظوری دی، سابق سی ایف او امتیاز علی چنہ نے جعل سازی کو مزید منظم کیا،سہ ماہی رپورٹنگ سے قبل جعلی اندراج کے ذریعے لیکر بیلنس کو مصنوعی طور پر صفر ظاہر کیا جاتا تھا۔ یہ بھی پڑھیں: چالان کے مطابق ایگزیکیٹیو ڈائریکٹر ریحان علی نے بطور مجاز دستخط کنندہ کمپنی کے عاطف خان کے ذاتی اکاؤنٹس میں رقم منتقلی کے چیکس پر دستخط کئے،ہیڈ آف فنانس منہاس احمد پر سنگین غفلت اور جعل سازی کا الزام ہے، بطور ہیڈ آف فنانس ملزم منہاس احمد نے دانستہ طور پر خاموشی اختیار کی، ہیڈ آف رسک و کمپلائنس اسلم میمن جعلی لین دین کی منظوری میں شریک رہے، اسلم میمن کے دستخط کردہ چیکس کے ذریعے تیسرے فریق کے نام نکلوائے گئے فنڈز عاطف خان کے ذاتی مفاد میں استعمال ہوئے۔,N/A,24_news,13:58:PM
بینظیر انکم سپورٹ پروگرام کی رقوم میں کٹوتیوں میں ملوث 2 ملزمان  گرفتار,"Nov 14, 2025",https://www.24urdu.com/14-Nov-2025/152125,ایف آئی اے کمپوزٹ سرکل لاڑکانہ کے مطابق ملزمان عبدالطیف اور مظہر حیدر خواتین کو دی جانے والی مالی امداد میں فی کس ایک ہزار تا 1500روپے کمیشن کے طور پر کاٹ رہے تھے۔ کمیشن وصول کرتے ہوئے رنگے ہاتھوں گرفتار ملزمان سے لاکھوں روپے  بھی برآمد کر لئے گئے ہیں،ایف آئی اے حکام کے مطابق ملزمان کے قبضے سے موبائل فونز، بینک کنیکٹ ڈیوائسز اور دیگر متعلقہ مواد بھی برآمد ہوا ہے،گرفتار ملزمان کے خلاف مقدمہ درج کرکے مزید کارروائی کی جاری ہے۔,N/A,24_news,23:36:PM
پنجاب میں بھی ٹریفک قوانین کی خلاف ورزی پر بھاری جرمانے عائد,"Nov 13, 2025",https://www.24urdu.com/13-Nov-2025/151934,ترمیم شدہ ضوابط کے مطابق، فضائی آلودگی یا دھواں چھوڑنے والی گاڑیوں کے مالکان پر بھاری جرمانے عائد کیے جائیں گے، موٹر سائیکلوں کے لیے 5 ہزار روپے، کاروں اور جیپوں کے لیے 10 ہزار روپے، پبلک سروس وہیکلز کے لیے 15 ہزار روپے اور ہیوی ٹرانسپورٹ وہیکلز کے لیے 20 ہزار روپے جرمانہ مقرر کیا گیا ہے۔ اسی طرح نو پارکنگ زون میں گاڑی کھڑی کرنے پر بھی سخت کارروائی ہوگی۔ موٹر سائیکل کے لیے 2 ہزار، کار اور جیپ کے لیے 10 ہزار، پبلک سروس وہیکل کے لیے 15 ہزار اور ہیوی گاڑیوں کے لیے 20 ہزار روپے تک جرمانہ ہوگا،چلتی گاڑی سے کچرا پھینکنے پر بھی اتنے ہی جرمانے عائد کیے جائیں گے، یعنی 5 ہزار روپے موٹر سائیکل کے لیے، 10 ہزار کار یا جیپ کے لیے، 15 ہزار پبلک سروس وہیکل کے لیے، اور 20 ہزار ہیوی ٹرانسپورٹ گاڑی کے لیے۔ سیٹ بیلٹ کے بغیر گاڑی چلانے پر کار اور جیپ کے لیے 10 ہزار، پبلک سروس وہیکل کے لیے 15 ہزار، اور ہیوی گاڑی کے لیے 20 ہزار روپے جرمانہ ہوگا،سب سے سخت سزا نابالغ ڈرائیونگ پر رکھی گئی ہے جس کے تحت موٹر سائیکل کے لیے 25 ہزار، کار یا جیپ کے لیے 30 ہزار، پبلک سروس وہیکل کے لیے 50 ہزار، اور ہیوی گاڑی کے لیے 1 لاکھ روپے تک جرمانہ عائد کیا جائے گا۔ ڈرائیونگ کے دوران موبائل فون کے استعمال پر موٹر سائیکل سوار کو 5 ہزار، کار یا جیپ کے لیے 10 ہزار، پبلک سروس وہیکل کے لیے 15 ہزار، اور ہیوی گاڑی کے لیے 20 ہزار روپے کا جرمانہ ادا کرنا ہوگا،موٹر سائیکل پر دو سے زیادہ افراد کے سوار ہونے پر 5 ہزار روپے جرمانہ مقرر کیا گیا ہے، جبکہ فٹ پاتھ یا مرکزی سڑک پر پارکنگ کرنے والے ڈرائیوروں پر بھی 2 ہزار سے 20 ہزار روپے تک جرمانے لاگو ہوں گے۔ پنجاب حکومت کے مطابق یہ نئے قوانین ذمہ دارانہ ڈرائیونگ، سڑکوں پر نظم و ضبط، اور حادثات میں کمی کے لیے نافذ کیے جا رہے ہیں تاکہ شہریوں کی جان و مال کا تحفظ یقینی بنایا جا سکے۔,N/A,24_news,09:43:AM
قومی کرکٹ ٹیم کے فاسٹ بولر نسیم شاہ کے گھر پر فائرنگ,"Nov 10, 2025",https://www.24urdu.com/10-Nov-2025/151674,فائرنگ کے نتیجے میں گھرکا مین گیٹ، کھڑکیاں اورایک گاڑی جزوی طورپرمتاثر ہوئی،خوش قسمتی سے واقعے میں کوئی جانی نقصان نہیں ہوا۔ حملہ آورفائرنگ کے بعد فرار ہونے میں کامیاب ہوگئے  جس پر پولیس نے علاقے کو گھیرے میں لے کروسیع سرچ آپریشن شروع کیا۔ نسیم شاہ کے والد، مظفر شاہ، نے پولیس کو بتایا کہ ان کی کسی سے کوئی دشمنی نہیں ہے اور وہ کسی پر شک بھی نہیں کرتے۔ تھانہ معیار پولیس نے رپورٹ درج کرکے واقعے کی تحقیقات شروع کر دی ہیں۔ڈی پی او لوئردیر نے اس افسوس ناک واقعے پر فوری ایکشن لیتے ہوئے کہا ہے کہ واقعے کی ہر پہلو سے تحقیقات کی جا رہی ہیں اور جلد ہی ملزمان کو قانون کے کٹہرے میں لایا جائے گا,N/A,24_news,20:45:PM
بٹ کوائن فراڈ ’’ دولت کی دیوی‘‘ کو 11 سال قید,"Nov 13, 2025",https://www.24urdu.com/13-Nov-2025/151948,47 سالہ ژیمن چیان، جو خود کو ’’گاڈیس آف ویلتھ‘‘ یعنی دولت کی دیوی کہتی تھی، تقریباً 5 سال مفرور رہنے کے بعد گزشتہ برس اپریل میں یارک کے ایک ایئر بی این بی گھر سے گرفتار ہوئی۔ خاتون پر الزام تھا کہ اس نے چین میں اربوں یوان کے فراڈ کے بعد برطانیہ میں جعلی پاسپورٹ کے ذریعے داخل ہو کر منی لانڈرنگ کے ذریعے دولت چھپائی۔ پولیس نے 2018 میں لندن کے علاقے ہیمپسٹیڈ میں اس کے 50 لاکھ پاؤنڈ مالیت کے گھر پر چھاپہ مار کر 61 ہزار سے زائد بٹ کوائن برآمد کیے۔ اس وقت تقریباً ڈیڑھ ارب پاؤنڈ کے تھے، تاہم اب ان کی مالیت 5 ارب پاؤنڈ سے تجاوز کر چکی ہے۔ پراسیکیوٹرز کے مطابق چیان نے 2014 سے 2017 کے دوران چین میں ’’برٹین نائس لائف انشورنس‘‘ کے نام سے ایک جعلی سرمایہ کاری اسکیم چلائی۔ جس کے ذریعے 1 لاکھ 28 ہزار سے زائد افراد کو دھوکا دے کر تقریباً 40 ارب یوان (4.6 ارب پاؤنڈ) لوٹے۔ اس دوران وہ چین سے فرار ہو کر میانمار کے راستے برطانیہ پہنچی اور لندن میں ایک شاہانہ طرز زندگی گزارنے لگی۔ چیان کے وکیل راجر سہوٹا نے کہا کہ ان کی مؤکلہ کو ’’دنیا کی سب سے زیادہ بٹ کوائن رکھنے والی خاتون‘‘ سمجھا جاتا تھا۔ انہوں نے کہا کہ چیان اپنے اقدامات پر شرمندہ ہے اور امید کرتی ہے کہ اس کی تخلیق کردہ دولت سے متاثرین کو کچھ فائدہ پہنچے گا۔ یہ مقدمہ لندن میٹروپولیٹن پولیس کی تاریخ کی سب سے طویل اور پیچیدہ مالیاتی تحقیقات میں سے ایک قرار دیا جا رہا ہے۔ اب برطانیہ کی حکومت اور ہزاروں چینی متاثرین کے درمیان ضبط شدہ دولت کی ملکیت پر مقدمہ زیر سماعت ہے۔,N/A,24_news,11:02:AM
خدیجہ شاہ سمیت 4 ملزمان کیخلاف اشتہاری قرار دینے کی کارروائی کا حکم,"Nov 04, 2025",https://www.24urdu.com/04-Nov-2025/150969,انسدادِ دہشت گردی کی عدالت کے جج منظر علی گل نے سماعت کی،دورانِ سماعت سرکاری وکیل نے عدالت کو بتایا کہ خدیجہ شاہ 9 مئی کے ایک مقدمے میں سزا کے بعد روپوش ہو چکی ہیں۔ عدالت نے حکم دیا کہ پولیس اشتہار شائع کر کے یکم دسمبر تک رپورٹ پیش کرے۔ لاہور کی انسدادِ دہشت گردی کی عدالت نے اپنے حکم میں کہا کہ یکم دسمبر تک ملزمان پیش نہ ہوئے تو انہیں اشتہاری قرار دے دیا جائے گا۔,N/A,24_news,20:35:PM
ثناء یوسف قتل کیس؛  گواہان پر جرح مکمل کرنے کی ہدایت,"Nov 05, 2025",https://www.24urdu.com/05-Nov-2025/151038,ایڈیشنل ڈسٹرکٹ اینڈ سیشن جج افضل مجوکا نے کیس کی سماعت کی،وکیل صفائی کی جانب سے آج بھی گواہان پر جرح نہ کی گئی۔ وکیل سردارقدیرنے کہاکہ کیس کو طول دینے کیلئے جرح سے گریز کیا جا رہا ہے،وکیل صفائی نے کہاکہ آئندہ سماعت پر گواہان پر جرح مکمل کر لیں گے۔ یہ بھی پڑھیں: عدالت نے ملزم کے وکیل کو 11 نومبر کو گواہوں پر جرح کی ہدایت کرتے ہوئے  کیس کی سماعت 11 نومبر تک ملتوی کردی۔,N/A,24_news,13:15:PM
اوکاڑہ  میں پولیس مقابلہ ، ایک ڈاکو ساتھیوں کی فائرنگ سے زخمی ،دوسرا فرار,"Nov 03, 2025",https://www.24urdu.com/03-Nov-2025/150879,تفصیلات کے مطابق اوکاڑہ میں تھانہ گوگیرہ کے علاقہ کمال زرعی فارم پر ڈاکوؤں نے پولیس پر فائرنگ کی، جس کے نتیجہ میں ایک ڈاکو اپنے ہی ساتھیوں کی فائرنگ سے زخمی ہو گیا،زخمی ڈاکو کی شناخت ریاض عرف لالو کے نام سے ہوئی،ریاض عرف لالو ڈکیتی ، راہزنی اور نقب زنی جیسے 74 مقدمات میں ملوث نکلا،ڈاکو کے قبضہ سے نقدی ، طلائی انگوٹھی اور رائفل برآمد ،دو موٹر سائیکل سوار مسلح ڈاکوؤں نے شہری سے نقدی اور طلائی انگوٹھی چھینی ۔اطلاع ملتے ہی ایس ایچ او  گوگیرہ عظمت علی اور انکی ٹیم نے بہادری سے ڈاکوؤں کا تعاقب کیا،ڈاکوؤں نے پولیس پارٹی کو دیکھتے ہی فائرنگ شروع کردی ،پولیس کی حفاظت خود اختیاری کے تحت جوابی فائرنگ کی،ایک ڈاکو اپنے ہی ساتھیوں کی فائرنگ سے زخمی ہو گیا جبکہ ایک فرار ہوگیا۔زخمی ڈاکو کو گرفتار کر لیا گیا ، فرار ڈاکو کی تلاش کے لیے پولیس کا سرچ آپریشن جاری  ہے اور  زخمی ڈاکو  کو برائے علاج معالجہ ہسپتال منتقل کر دیا گیا ہے۔ یہ بھی پڑھیں,N/A,24_news,23:02:PM
کچہ  کریمینلز کے خلاف  آپریشن،دو  شہری بازیاب،اغواء کار ابراہیم ماچھی گرفتار,"Nov 06, 2025",https://www.24urdu.com/06-Nov-2025/151217,ترجمان پولیس  کے مطابق ڈی پی او  صادق آباد  عرفان علی سموں کی قیادت  میں پولیس نے کچہ میں ٹارگٹڈ آپریشن کرکے دو مغوی بحفاظت بازیاب کروا لئے۔نبیل اور حسنین کو دو روز قبل مسلح ملزمان نے احمد پور لمہ کی حدود سے اغوا کیا تھا، پولیس نے تھانہ احمد پور لمہ میں مقدمہ درج کر رکھا تھا، پولیس نے آپریشن کے دوران اغواء کار ابراہیم ماچھی کو بھی گرفتار کرلیا۔ ڈی پی او عرفان علی سموں کی قیادت میں پولیس مغوی کی بازیابی کے لیے شب روز کوشاں تھی ۔ ڈی پی او  صادق آبادکا کہنا ہےکہ عوام کی جان و مال کا تحفظ اور کچہ کریمینلز کی سرکوبی جاری رکھیں گے، پولیس کے انٹیلی جنس بیسڈ ٹارگٹڈ آپریشنز کچے کریمینلز کے خاتمے تک جاری رہیں گے۔ یہ بھی پڑھیں:,N/A,24_news,22:38:PM
کار سوار شہریوں اور فیملیز کو اسلحہ دکھا کر لوٹ مار کرنےوالا ملزم گرفتار,"Nov 03, 2025",https://www.24urdu.com/03-Nov-2025/150852,ایس ایس پی اسپیشل انویسٹیگیشن یونٹ کا کہنا ہے کہ اسٹریٹ کرائم کی وارداتوں میں ملوث ملزم  کو  جمشید کوارٹر کے علاقے سے گرفتار کیا گیا،ملزم سے اسلحہ اور چھینے ہوئے موبائل فون برآمد کئے گئے، ملزم گرومندر، بہادر آباد، جمشید روڈ اور صدر کے علاقوں میں وارداتیں کرتا تھا، کار سوار شہریوں اور فیملیز کو لوٹنا ملزم کا آسان ہدف تھا، گرفتار ملزم شہریوں سے نقدی اور موبائل فون چھینتا تھا،چھینے ہوئے موبائل فون آن لائن اپلیکیشن کےذریعے بیچے جاتے تھے، ملزم کے دیگر ساتھیوں کی گرفتاری کے لیئے چھاپے مارے جارہے ہیں،گرفتار ملزم کی شناخت سلیمان کے نام سے ہوئی، ملزم کے خلاف ایس آئی یو میں مقدمہ درج کرکے تفتیش کا آغاز کردیا گیا ہے۔ یہ بھی پڑھیں:,N/A,24_news,18:57:PM
خلیل الرحمان قمر کی مبینہ ویڈیو بنانے کے مقدمے میں اہم پیشرفت,"Nov 03, 2025",https://www.24urdu.com/03-Nov-2025/150828,سیشن کورٹ لاہور میں مصنف خلیل الرحمان قمر کی مبینہ ویڈیو کیس کی سماعت ہوئی، مبینہ ویڈیو بنانے کے مقدمے میں گرفتار ملزم کی درخواست ضمانت پر سماعت کرتے ہوئے عدالت نے این سی سی آئی اے سے مقدمے کا ریکارڈ طلب کر لیا۔ ڈیوٹی جج نے ضمانت بعدازگرفتاری پر سماعت کی اورسماعت 19 نومبر تک ملتوی کردی۔ واضح رہے کہ 30 اکتوبر کو عدالت نے خلیل الرحمان قمر کی مبینہ ویڈیو کیس میں ضمانت خارج کرنے کی درخواست کا دو صفحات پر مشتمل فیصلہ جاری کیا تھا،فیصلے میں کہا گیا کہ ملزم پردرج مقدمے کی دفعات ناقابل ضمانت ہیں، اس لئے ملزم کی ضمانت کی درخواست خارج کی جاتی ہے،ضمانت ملزم کاقانونی حق سمجھاجاتاہے لیکن ناقابل ضمانت جرائم ملزم کا حق نہیں۔ عدالت نے فیصلے میں کہا کہ ملزم کے موبائل سے قابل اعتراض ویڈیو بنائی گئی، اس قسم کے مقدمے میں سائبرکرائم کومعمولی نہیں سمجھا جا سکتا۔,N/A,24_news,13:54:PM
28 لاکھ روپے میں آسٹریلیا کا جعلی ویزا لگوا کر دینے والا انسانی سمگلر گرفتار,"Nov 06, 2025",https://www.24urdu.com/06-Nov-2025/151162,ایف آئی اے انسداد انسانی سمگلنگ سرکل نے کارروائی  کرتے ہوئے ملزم کو گرفتار کیا۔ ترجمان کے مطابق رجسٹرڈ اوورسیز ایمپلائنمنٹ پروموٹر نہ ہونے کے باوجود کاشف رضا نے شہری سے 8 لاکھ روپے ایڈوانس وصول کیے۔ گلشن اقبال کراچی کے رہائشی ملزم نے ویزے کے نام پر مجموعی طور پر 28 لاکھ میں معاملہ طے کیا تھا۔ ملزم کے خلاف مقدمہ اندراج کے بعد مزید کارروائی جاری ہے۔,N/A,24_news,13:43:PM
کراچی؛ اے این پی عہدیدار کو تلاوت قرآن کے دوران فائرنگ کرکے قتل کردیا گیا,"Nov 07, 2025",https://www.24urdu.com/07-Nov-2025/151336,ڈی ایس پی سہراب گوٹھ اورنگ زیب خٹک اور علاقے کے  ایس ایچ او ولایت شاہ نے بتایا کہ سائٹ سپر ہائی وے صنعتی ایریا کے علاقے جنجال گوٹھ میں نامعلوم ملزمان نے فائرنگ کرکے 55سالہ سمیع اللہ باجوڑی کو قتل کردیا اور فرا ہوگئے۔ ان کا کہنا تھا کہ واقعے کی اطلاع پر پولیس کی بھاری نفری موقع پر پہنچ گئی اور کرائم سین یونٹ کو بھی طلب کرلیا گیا۔ ڈی ایس پی اورنگ زیب خٹک اور ایس ایچ او ولایت شاہ نے بتایا کہ ابتدائی تفتیش کے دوران معلوم ہوا کہ مقتول اپنے گھر میں قائم بیٹھک پر  قرآن پاک پڑھ رہا  تھا کہ اس دورا ن2 نامعلوم ملزمان نے بیٹھک میں گھس کر مقتول کو تین گولیاں مار کر قتل کردیا۔ انہوں نے کہا کہ  ملزمان فائرنگ کے بعد فرار ہوگئے تاہم پولیس نے جائے وقوع سے خول اپنی تحویل میں لے لیے ہیں۔ پولیس کے مطابق مقتول سمیع اللہ باجوڑی اے این پی کے علاقائی صدر تھے اور ان پر اس قبل بھی حملہ ہوچکا تھا۔ مزید بتایا گیا کہ ابتدائی معلومات میں پولیس کو مقتول کے اہل خانہ اور رشتے داروں نے الزام عائد کیا کہ یہ واقعہ ذاتی دشمنی ہوسکتا ہے تاہم اس حوالے سے پولیس مزید تفتیش کر رہی ہے۔ عوامی نیشنل پارٹی سندھ کے ترجمان رحمان بابر نے بتایا کہ سمیع اللہ باجوڑی اے این پی ضلع شرقی نیو سبزی منڈی یوسی 8 کے صدر تھے۔ ترجمان نے کہا کہ اے این پی اس واقعے کی مذمت کرتی ہے، ہم مطالبہ کرتے ہیں کہ ان کے قاتلوں کو فوری گرفتار کیا جائے۔,N/A,24_news,22:21:PM
یوٹیوبرڈکی بھائی کےمقدمہ میں مبینہ رشوت لینےوالےافسران مستعفی,"Nov 06, 2025",https://www.24urdu.com/06-Nov-2025/151178,ذرائع کے مطابق ڈی جی این سی سی آئی اے نے یہ استعفے وزارتِ داخلہ کو ارسال کر دیئے ہیں جن کی منظوری وزارت داخلہ دے گی۔ ذرائع کے مطابق آٹھ افسران کے خلاف کرپشن اور بدعنوانی کا مقدمہ درج کیا گیا تھا،استعفیٰ دینے والوں میں ایڈیشنل ڈائریکٹر سرفراز چوہدری، ڈی ڈی زوار احمد، اے ڈی مجتبیٰ ظفر، شعیب ریاض، محمد عثمان، سب انسپکٹر یاسر رمضان اور علی رضا شامل ہیں۔ رپورٹس کے مطابق ڈی ڈی ایاز خان تاحال مفرور ہیں،ان افسران پر الزام ہے کہ انہوں نے یوٹیوبر ڈکی بھائی کے مقدمے میں مبینہ طور پر رشوت لی اور اختیارات کا ناجائز استعمال کیا۔,N/A,24_news,16:15:PM
ڈکی بھائی جوا ایپ کیس؛عدالت کا فریقین سے جواب طلب,"Nov 03, 2025",https://www.24urdu.com/03-Nov-2025/150839,لاہور ہائیکورٹ میں ڈکی بھائی کی جوا ایپ کی تشہیر کے مقدمے میں ضمانت بعد از گرفتاری کی درخواست پر سماعت ہوئی، جسٹس فاروق حیدر نے کیس کی سماعت کرتے ہوئے فریقین کو نوٹس جاری کردیا اور مزید کارروائی ملتوی کردی۔ درخواست گزار کی جانب سے ایڈووکیٹ عمران چدھڑ عدالت میں پیش ہوئے، سعد الرحمٰن نے اپنی درخواست میں مؤقف اختیار کیا کہ انہیں نیشنل سائبر کرائم انویسٹی گیشن ایجنسی نے بیرونِ ملک جاتے وقت ایئرپورٹ سے گرفتار کیا حالانکہ انہیں کسی قسم کا نوٹس یا طلبی موصول نہیں ہوئی تھی۔ یہ بھی پڑھیں: درخواست میں این سی سی آئی اے سمیت دیگر اداروں کو فریق بنایا گیا ہے۔ سعد الرحمٰن کا مزید کہنا تھا کہ انہیں گرفتاری کے بعد دس روز تک جسمانی ریمانڈ پر این سی سی آئی اے کی تحویل میں رکھا گیا، عدالت نے تمام فریقین سے جواب طلب کرتے ہوئے سماعت ملتوی کردی۔,N/A,24_news,15:57:PM
9 مئی کیسز: مسرت چیمہ اور جمشید اقبال چیمہ کی عبوری ضمانت میں توسیع,"Nov 07, 2025",https://www.24urdu.com/07-Nov-2025/151251,انسداد دہشت گردی عدالت لاہور میں جناح ہاؤس،عسکری ٹاور اور 9 مئی جلاؤ گھیراؤ سمیت 8 مقدمات میں پی ٹی آئی رہنما مسرت جمشید چیمہ اور جمشید اقبال چیمہ کی عبوری ضمانتوں پر سماعت ہوئی۔ انسداد دہشت گردی عدالت کے ایڈمن جج منظر علی گل نے کیسز پر سماعت کی،جمشید اقبال چیمہ عبوری ضمانت کی مدت ختم ہونے پر عدالت میں پیش ہوئے جبکہ مسرت جمشید چیمہ کی جانب سے ایک روزہ حاضری سے استثنیٰ کی درخواست دائر کی گئی۔ مسرت جمشید چیمہ کی جانب سے دائر کی گئی درخواست میں مؤقف اختیار کیا گیا کہ وہ طبیعت کی خرابی کے باعث پیش نہیں ہو سکتیں جسے بعدازاں عدالت نے منظور کر لیا۔ یہ بھی پڑھیں: عدالت نے دونوں رہنماؤں کی عبوری ضمانت میں 12 دسمبر تک توسیع کر دی اور حکم دیا کہ مسرت جمشید چیمہ کی حد تک تفتیش مکمل کی جائے، جمشید اقبال چیمہ کی تفتیش مکمل ہو چکی ہے، آئندہ سماعت پر ملزمان کے وکلا ء ضمانتوں پر دلائل پیش کریں گے۔,N/A,24_news,11:03:AM
سرگودھا ، 12سالہ بچے سے3 افراد کی  زیادتی ، ملزمان گرفتار نہ ہو سکے,"Nov 07, 2025",https://www.24urdu.com/07-Nov-2025/151343,سرگودھا کے تھانہ سٹی میں درج ایف آئی آر کے مطابق  12سالہ بچے  عمر  کو تین افراد نےزیادتی کا نشانہ بنایا، پولیس  تھانہ سٹی میں  ملزمان کے خلاف زیادتی کا مقدمہ درج کر لیا گیا ہے ۔ پولیس کی جانب سے تا حال کوئی گرفتاری عمل میں نہیں  لائی گئی ہے ۔متاثرہ بچے کامیڈیکل کروایا جا رہا ہے۔ یہ بھی پڑھیں:,N/A,24_news,23:21:PM
علیمہ خان کے آٹھویں مرتبہ ناقابل ضمانت وارنٹ گرفتاری جاری,"Nov 06, 2025",https://www.24urdu.com/06-Nov-2025/151143,راولپنڈی کی انسداد دہشت گردی عدالت میں 26 نومبر تھانہ صادق کیس کی سماعت ہوئی،علیمہ خان آج بھی عدالت پیش نہ ہوئیں جس پرعدالت نے علیمہ خان کے ایک بار پھر ناقابل ضمانت وارنٹ گرفتاری جاری کردیئے۔ کیس کی سماعت انسداد دہشت گردی عدالت کے جج امجد علی شاہ نے کی،پراسکیوشن ٹیم ظہیر شاہ بھی کمرہ عدالت پیش ہوئے۔ یہ بھی پڑھیں: علیمہ خان کے اس سے قبل سات مرتبہ ناقابل ضمانت وارنٹ گرفتاری جاری ہوچکےہیں۔,N/A,24_news,12:00:PM
ادویات کی غیر قانونی تشہیر کیس:عدالت کا حکیم شہزاد کو گرفتار کرنے کاحکم,"Nov 04, 2025",https://www.24urdu.com/04-Nov-2025/150941,چیئرمین ڈرگ کورٹ محمد نوید رانا نے وارنٹ گرفتاری جاری کرتے ہوئے متعلقہ ڈی پی او کو حکم دیا کہ حکیم شہزاد کو گرفتار کر کے کل عدالت میں پیش کیا جائے۔ عدالت نے حکیم شہزاد کے ضامنوں کو بھی کل طلب کر لیا ہے۔ عدالت نے آج کے لیے گواہوں کو طلب کر رکھا تھا اور حکیم شہزاد و ان کے بیٹے پر فردِ جرم عائد کر دی تھی تاہم ملزم عدالت میں پیش نہ ہوئے جس پر عدالت نے وارنٹ گرفتاری جاری کیے۔ یہ بھی پڑھیں,N/A,24_news,14:39:PM
بانی پی ٹی آئی کے بھانجے کی موبائل  فون حوالگی کی درخواست خارج,"Nov 06, 2025",https://www.24urdu.com/06-Nov-2025/151190,انسداد دہشتگردی عدالت کے جج منظر علی گل کی عدالت میں شاہ ریز خان کی موبائل فون کی سپرداری کی  درخواست پر سماعت ہوئی،عدالت نے سپرداری کی درخواست کو واپس لینے کی بنیاد پر خارج کر دیا ،شاہ ریز خان کے وکیل نے موبائل فون حوالگی  کی  درخواست  واپس لینے کی استدعا کی ،شاہ ریز خان نے اپنے آئی فون موبائل کی سپرداری پر حوالگی کی درخواست دائر کی تھی ، جس  میں  استدعا کی گئی تھی کہ میرا موبائل فون بطور مال مقدمہ پولیس کے پاس ہے،میرا موبائل فون سپرداری پر  مجھے دیا جائے۔ سرکاری وکیل  نے عدالت کو بتایا کہ ملزم کا موبائل مال مقدمہ ہے اور مقدمہ کا فیصلہ تک پولیس کے پاس رہے گا ۔ واضح رہےکہ شاہ ریز خان کا موبائل  فون پولیس نے جناح ہاؤس حملہ کیس میں قبضہ میں لیا تھا۔ملزم کی جناح ہاؤس حملہ کیس مین ضمانت منظور ہو چکی ہے ۔ملزم شاہ ریز خان  بانی پی ٹی آئی کی بہن  علیمہ خانم  کا بیٹا ہے۔ یہ بھی پڑھیں:1,N/A,24_news,18:51:PM
پی ٹی آئی کے سابق سیکرٹری اطلاعات اسلام آباد سے گرفتار,"Nov 05, 2025",https://www.24urdu.com/05-Nov-2025/151052,"رپورٹ کے مطابق نیشنل سائبر کرائم انوسٹی گیشن ایجنسی اسلام آباد نے پی ٹی آئی کے سابق سیکرٹری اطلاعات احمد جواد کو گرفتار کیا ہے۔ احمد جواد کو پیکا قانون کے تحت جی 13 اسلام آباد سے گرفتار کیا گیا، احمد جواد کو عدالت سے ضمانت  قبل از گرفتاری خارج ہونے پر گرفتار کیا گیا۔ یہ بھی پڑھیں قبل ازیں ڈسٹرکٹ کورٹ اسلام آباد  میں پی ٹی آئی کے سابق سیکرٹری اطلاعات احمد جواد کے خلاف پاک بھارت جنگ کے دوران متنازع ٹویٹس کیس کی سماعت ہوئی۔ ایڈیشنل ڈسٹرکٹ اینڈ سیشن جج افضل مجوکہ نے ان کی درخواست ضمانت پر سماعت کی،  ایف آئی آر کے متن کے مطابق پاک بھارت جنگ کے دوران ایسی پوسٹ شئیر کی گئیں جو جھوٹ پر مبنی اور ریاست مخالف تھیں، ایسی پوسٹ شئیر کیں جس سے اداروں اور شخصیات کو تضحیک کا نشانہ بنایا جائے۔ وکیل صفائی  نے کہا کہ احمد جواد کو ایک مرتبہ بھی انکوائری کیلئے نہیں بلایا گیا، امریکا کے صدر نے جنگ بند ہونے کا کہا، احمد جواد نے بھی کہا جنگ بندی ہوئی، کیا جنگ بندی کی خبر دینا غلط ہے یا خوف و ہراس پھیلانا ہے، راولپنڈی میں آکر میزائل لگے کیا اس سے خوف ہراس نہیں پھیلا۔ وکیل احمد جواد نے کہا کہ  جب ٹویٹس میں کسی شخص کا نام نہیں لیا  تو کیسے ہتک عزت ہو سکتی ہے، پوری ایف آئی آر ہم نے دیکھی ابھی تک معلوم نہیں شکایت کنندہ انیس الرحمن کون ہے۔ وکیل احمد جواد  نےمؤقف اپنایا کہ ایک شہری انیس الرحمن کیسے پوری ریاست کی اور کس حیثیت میں نمائندگی کرسکتا ہے، کیا حکومت یا شہری کا بیان ریکارڈ ہوا کہ ان کو جنگ بندی کے ٹویٹ سے کیا مسئلہ ہوا، ایک ٹویٹ پر کسی کو بلا وجہ گرفتار کر لینا غیر قانونی ہے۔ پراسیکیوٹر  نے کہا کہ پیکا ایکٹ میں لکھا ہے کہ درخواست گزار کوئی بھی ہو سکتا ہے، ""میری گل ہوگئی"" ایسے جملے ہم سب جانتے ہیں کس کے لئے استعمال ہوتے ہیں۔ فریقین کے دلائل سننے کے بعد جج افضل مجوکہ نے احمد جواد کی ضمانت کی درخواست مسترد کر دی۔",N/A,24_news,15:05:PM
پیرس میوزیم سے قیمتی زیورات چرانے کا الزام، 2 مبینہ چور گرفتار کر لئے گئے,"Oct 27, 2025",https://www.24urdu.com/27-Oct-2025/150071,پیرس کے پراسیکیوٹر کے دفتر نے بتایا کہ ایک شخص کو چارلس ڈی گال ایئرپورٹ سے اس وقت حراست میں لیا گیا جب وہ پرواز کے لیے تیار ہو رہا تھا۔ اطلاعات کے مطابق وہ الجزائر جانے والا تھا، جبکہ دوسرا مشتبہ شخص مالی جانے کی تیاری کر رہا تھا۔ گزشتہ اتوار 4 مسلح چوروں نے دن دہاڑے کرین کی مدد سے دنیا کے مشہور ترین میوزیم لوور میں داخل ہو کر تقریباً 88 ملین یورو (102 ملین ڈالر) مالیت کے زیورات چرا لیے تھے۔ فرانسیسی وزیرِ انصاف نے اعتراف کیا ہے کہ سیکیورٹی کے نظام میں سنگین ناکامی ہوئی، جس سے ملک کی ساکھ بھی متاثر ہوئی۔ فرانسیسی پولیس کے مطابق چور صرف 4 منٹ میں کارروائی مکمل کر کے 2 سکوٹروں پر فرار ہو گئے۔ رپورٹس کے مطابق واردات کی جگہ سے ملنے والے ڈی این اے شواہد کی مدد سے ایک مشتبہ شخص کی شناخت ممکن ہوئی۔ جائے وقوعہ سے دستانے  جیکٹ بھی ملی،چوری شدہ زیورات میں امپریس یوجینی، جو نپولین سوم کی اہلیہ تھیں، کا تاج، ماری لوئز کا ہار، اور ایک جوڑی بالیاں شامل ہیں۔ ماہرین کا کہنا ہے کہ ممکن ہے زیورات کو پہلے ہی توڑ کر الگ الگ ٹکڑوں میں فروخت کے لیے تیار کر لیا گیا ہو، جس سے ان کی بازیابی تقریباً ناممکن ہو جائے گی۔ واقعے کے بعد فرانس بھر میں عجائب گھروں اور ثقافتی اداروں کی سیکیورٹی سخت کر دی گئی ہے، جبکہ لوور میوزیم نے اپنے قیمتی زیورات کو بینک آف فرانس کے زیرِ زمین خفیہ لاکرز میں منتقل کر دیا ہے۔,N/A,24_news,10:05:AM
لاہور:ورکشاپ کے مالک نے 12سالہ ملازم کو آگ لگا دی,"Oct 30, 2025",https://www.24urdu.com/30-Oct-2025/150421,پولیس کا کہنا ہے کہ  کام کے دوران بچے پر پیٹرول گر گیا تھا، بچے نے ورکشاپ کے مالک کو بتایا تو اس نے ماچس کی جلتی ہوئی تیلی اس پر پھینک دی۔ پولیس کا کہنا ہے کہ ورکشاپ مالک کو گرفتار کر کے مقدمہ درج کرلیا گیا ہے۔ پولیس نے بتایا کہ آگ لگنے سے بچے کا جسم جھلس گیا، اسے فوری مقامی ہسپتال منتقل کردیا گیا۔ یہ بھی پڑھیں,N/A,24_news,14:05:PM
ڈیجیٹل فراڈ، ریٹائرڈ ملازم51 لاکھ روپے سے محروم,"Oct 31, 2025",https://www.24urdu.com/31-Oct-2025/150531,پولیس کے مطابق ایک نوسرباز نے خود کو ممبئی کرائم برانچ کا اسسٹنٹ کمشنر آف پولیس (اے سی پی) ظاہر کرتے ہوئے متاثرہ شخص کو فون کیا اور بتایا کہ اس کا موبائل نمبر دہشت گردی اور اغوا کے مقدمات میں استعمال ہوا ہے۔ مجرم نے ویڈیو کال کے ذریعے متاثرہ شخص کو آن لائن حراست میں رکھا اور کسی سے رابطہ کرنے کی اجازت نہیں دی اس دوران اس نے اس کے بینک اکاؤنٹ کی تفصیلات حاصل کر لیں۔ نوسرباز نے دھمکی دی کہ اگر متاثرہ شخص نے اپنے اکاؤنٹ کی 95 فیصد رقم منتقل نہ کی تو اس کے خلاف قانونی کارروائی کی جائے گی، خوف کے باعث متاثرہ شخص نے رقم منتقل کر دی، تاہم بعد میں اسے احساس ہوا کہ وہ ایک بڑے فراڈ کا شکار ہو گیا ہے۔ پولیس نے واقعے کا مقدمہ درج کر کے تحقیقات شروع کر دی ہیں۔ یہ ایک ہفتے میں پیش آنے والا دوسرا ایسا واقعہ ہے۔ اس سے قبل 73 سالہ خاتون کو بھی اسی نوعیت کے فراڈ میں 1 کروڑ 43 لاکھ روپے کا نقصان ہوا تھا۔ بھارتی میڈیا کے مطابق ممبئی سائبر پولیس نے ایسے دو ملزمان کو گرفتار کیا ہے جو ایک منظم سائبر کرائم گروہ سے تعلق رکھتے ہیں۔ یہ ملزمان خود کو اعلیٰ پولیس افسر ظاہر کر کے شہریوں کو گرفتاری اور منی لانڈرنگ کے جعلی الزامات میں پھنسا کر رقم ہتھیاتے تھے۔,N/A,24_news,14:31:PM
پینگولن فروخت کی ویڈیو واِئرل، 3 افراد گرفتار,"Oct 29, 2025",https://www.24urdu.com/29-Oct-2025/150335,تفصیلات کے مابق سوشل میڈیاپر پینگولن کی فروخت کی ویڈیو واِئرل ہونے پر محکمہ وائلڈ لائف نے کاروائی کرتےہوئےغیر قانونی طور پر بھارتی پینگولن فروخت کرنے والے تین افراد کو  گرفتار کر لیا،وائلڈ لائف رینجرز کی کامیاب کارروائی کرکے نایاب بھارتی پینگولن برآمد کرلیا۔راولپنڈی سے گرفتار تینوں ملزمان نے بھارتی پینگولن کو 60 ہزار روپے میں فروخت کرنے کا اعتراف کرلیا۔ گرفتار ملزمان کے خلاف چالان درج کرکے 90 ہزار روپے جرمانہ عائد کیا گیا۔بھارتی پینگولن کو قدرتی ماحول میں واپس چھوڑ دیا گیا۔۔محکمہ وائلڈ لائف نے بروقت کارروائی کرکے پینگولن کو تحویل میں لے لیا۔پاکستان اور دنیا بھر میں نایاب جانوروں کی غیر قانونی خرید و فروخت ممنوع ہے۔ یہ بھی پڑھیں:,N/A,24_news,20:10:PM
پکنگ پر گئے 4 نوجوانوں کی مسخ شدہ لاشیں برآمد,"Nov 03, 2025",https://www.24urdu.com/03-Nov-2025/150815,نوجوان تقریباً ایک ہفتہ قبل پکنک منانے کے لیے گئے تھے اور اس کے بعد سے لاپتا تھے اور آج یہ افسوسناک واقعہ سامنے آیا ہے جس نے علاقے میں خوف و ہراس پھیلا دیا۔ ذرائع کے مطابق قتل ہونے والے نوجوانوں کی شناخت ذاکر ولد عبداللہ، رزاق ولد عبداللہ، صادق اور پیرجان کے ناموں سے ہوئی ہے۔ تین نوجوان زِردان کوچہ بلیدہ کے رہائشی تھے، جبکہ ایک کا تعلق بٹ کورے پشت جاڑین بازار سے تھا۔ اہل علاقہ کا کہنا ہے کہ یہ نوجوان پکنک کے لیے نکلے تھے اور اسی دن سے ان کے موبائل فون بند ہوگئے تھے۔ ان کے اہل خانہ نے سوشل میڈیا پر متعدد پوسٹس کے ذریعے حکام بالا سے مدد کی اپیل کی تھی۔ لاشوں کی اطلاع ملتے ہی لواحقین اور مقامی افراد نے پہاڑی علاقے کی جانب روانگی اختیار کی، جہاں سے لاشیں برآمد ہوئیں۔ ذرائع کا کہنا ہے کہ لاشیں بری طرح مسخ شدہ حالت میں تھیں اور نوجوانوں کی موٹر سائیکلیں بھی جلا دی گئی تھیں۔ یہ واقعہ بلوچستان میں جاری انسانی حقوق کی پامالیوں اور جبری گمشدگیوں کی ایک اور مثال کے طور پر دیکھا جا رہا ہے جہاں حالیہ مہینوں میں متعدد ایسے واقعات رپورٹ ہوئے ہیں۔ پولیس اور انتظامیہ کی جانب سے ابھی تک کوئی سرکاری بیان جاری نہیں کیا گیا تاہم مقامی ذرائع کا دعویٰ ہے کہ یہ ایک منظم کارروائی کا نتیجہ ہو سکتا ہے۔ خاندانوں نے مطالبہ کیا ہے کہ واقعے کی شفاف تحقیقات کی جائیں اور ذمہ داروں کو کیفر کردار تک پہنچایا جائے۔,N/A,24_news,12:20:PM
فلک جاوید کے مزید جسمانی ریمانڈ کی درخواست پر فیصلہ محفوظ,"Oct 27, 2025",https://www.24urdu.com/27-Oct-2025/150085,زمان پارک لاہور میں بانی پی ٹی آئی کی رہائش گاہ پر اسلام آباد پولیس پر حملے کے مقدمے میں پولیس نے پی ٹی آئی رہنما صنم جاوید کی بہن فلک جاوید کو مزید جسمانی ریمانڈ کیلئے انسداد دہشتگردی عدالت میں پیش کیا۔ عدالت نے ملزمہ کے مزید جسمانی ریمانڈ کی درخواست پر دلائل کے بعد فیصلہ محفوظ کر لیا۔,N/A,24_news,12:35:PM
اسلام آباد میں ٹریفک پولیس اہلکاروں پر تشدد کرنے والا نوجوان گرفتار کر لیا گیا,"Nov 02, 2025",https://www.24urdu.com/02-Nov-2025/150697,بگڑے نواجوان نے گزشتہ رات آئی ایٹ مرکز میں ہلڑ بازی اور پولیس اہلکاروں پر تشدد کیا تھا۔ ملزم نے ٹریفک پولیس اہلکاروں کو گالیاں دیں، دھمکیاں دیں اور ایک اہلکار کو تھپڑ بھی رسید کیا۔ تھانہ آئی نائن پولیس نے عاقب نعیم کو گاڑی سمیت گرفتار کرکے تھانے منتقل کردیا ہے۔ خیال رہے کہ عاقب نعیم نے پہلے پی ڈبلیو ڈی میں ایک صحافی پر بھی تشدد کیا تھا۔ تھانہ لوہی بھیر میں صحافی کی جانب سے ملزم کے خلاف مقدمے کی درخواست زیرِ التواء ہے۔,N/A,24_news,10:19:AM
سرگودھا؛نویں جماعت کےطالب علم کواغوا کر کے گن پوائنٹ پرزیادتی کانشانہ بنادیاگیا,"Oct 31, 2025",https://www.24urdu.com/31-Oct-2025/150564,تفصیلات کے مطابق عزیز کالونی کاحذیفہ بھٹی نامی اوباش گن پوائنٹ پر متعدد کم سن بچوں کو بدفعلی کا نشانہ بنا چکاہے،حذیفہ گینگ درجنوں کم سن بچوں سے دوران بدفعلی ویڈیوز بناکے بلیک میل کر چکا ہے،گینگ میں 22 سے 28 سال تک کے اوباش شامل ہیں،اوباش گینگ متعدد بار ابوبکر نامی لڑکے کو بھی بدفعلی اور تشدد کا نشانہ بنا چکا ہے۔ پولیس ذرائع کے مطابق حذیفہ گینگ درجنوں لڑکوں کی ویڈیوز بناکے سوشل میڈیا پر وائرل کر چکا ہے،تھانہ سیٹلائٹ ٹاؤن پولیس وائرل ویڈیوز ملنے پر مقدمہ درج کرلیا،ملزمان کی گرفتاری کیلئے چھاپے مارہے جارہے ہیں۔ دوسری جانب ڈی پی او محمد صہیب اشرف اور ایس پی انوسٹی گیشن نےواردات کے جائے وقوعہ کا جائزہ لیا،متاثرہ خاندان سے ملاقات کی اور انصاف کی یقین دہانی کرائی۔ اس سلسلےمیں فرانزک ٹیموں نےموقع سے شواہد اکٹھے کر لئے ہیں،مدعی کی اطلاع پر مقدمہ درج کر لیا گیا ہے،مقدمہ کی تمام پہلوؤں کو مدنظر رکھتے ہوئے تفتیش کی جارہی ہے،ایس ڈی پی او صدر کی زیر نگرانی ملزمان کی گرفتاری کیلئے ٹیمیں تشکیل دے دی گئی ہیں،ملزمان کی گرفتاری اور متاثرہ فیملی کو انصاف کی فراہمی ہر صورت یقینی بنائی جائے گی۔,N/A,24_news,19:21:PM
خلیل الرحمان قمر کی مبینہ ویڈیو کیس میں ضمانت خارج کرنے کی درخواست پر فیصلہ جاری,"Oct 30, 2025",https://www.24urdu.com/30-Oct-2025/150373,ضلع کچہری لاہور کے جوڈیشل مجسٹریٹ نے خلیل الرحمان قمرکی مبینہ ویڈیو کیس میں ملزم کی ضمانت خارج کرنے کی درخواست پر فیصلہ جاری کر دیا۔ فیصلے میں لکھاہے کہ ملزم پردرج مقدمےکی دفعات ناقابل ضمانت ہیں،اس لئےملزم کی ضمانت کی درخواست خارج کی جاتی ہے،ضمانت ملزم کاقانونی حق سمجھاجاتاہےمگرناقابل ضمانت جرائم ملزم کا حق نہیں۔ یہ بھی پڑھیں: فیصلےمیں مزیدکہاگیاہے کہ ملزم کےموبائل سےقابل اعتراض ویڈیوبنائی گئی،اس نوعیت کےمقدمےمیں سائبرکرائم کومعمولی نہیں سمجھاجاسکتا،ملزم کی سزا کے خلاف اپیل لاہورہائیکورٹ میں زیرالتواہے،جوڈیشل مجسٹریٹ نعیم وٹو نے 2 صفحات پر مشتمل تحریری فیصلہ جاری کیا۔,N/A,24_news,09:21:AM
کراچی میں ٹینکرز مافیا بے لگام،4افراد کو روند ڈالا,"Oct 27, 2025",https://www.24urdu.com/27-Oct-2025/150068,پولیس کے مطابق حادثے کے بعد موقع پر موجود شہریوں نے غصے میں آ کر واٹر ٹینکر کو آگ لگا دی تاہم پولیس کی بروقت آمد سے آگ پر قابو پا لیا گیا،ایس ایس پی ایسٹ نے بتایا کہ واقعے سے متعلق قانونی کارروائی جاری ہے اور حادثے کے ذمہ دار ڈرائیور کی تلاش کی جا رہی ہے۔ پولیس کے مطابق کالا پل کے قریب بھی ایک اور واٹر ٹینکر کی ٹکر سے ایک شخص زخمی ہوا، یہ امر قابل ذکر ہے کہ گزشتہ ماہ ڈیفنس فیز ٹو کے علاقے میں بھی واٹر ٹینکر کی ٹکر سے ایک موٹر سائیکل سوار جاں بحق ہو گیا تھا۔ اس واقعے میں بھی جاں بحق شخص کی فوری شناخت نہیں ہو سکی تھی۔ پولیس کا کہنا ہے کہ دونوں واقعات کی تحقیقات جاری ہیں تاکہ مستقبل میں ایسے حادثات کی روک تھام کے لیے مؤثر اقدامات کیے جا سکیں۔,N/A,24_news,09:56:AM
کوٹ مٹھن :لڑکی سے تعلقات کے شبے میں نوجوان کی ناک اور کان کاٹ دیئے,"Nov 03, 2025",https://www.24urdu.com/03-Nov-2025/150811,تفصیلات کے مطابق کوٹ مٹھن کے علاقے بروس آباد میں لڑکی سے تعلقات پر نوجوان کی ناک اور کان کاٹ دیئے جبکہ ملزمان نے فائرنگ کرکے  نوجوان کو زخمی بھی کر دیا ۔ متاثرہ نوجوان محمد بخش کو زخمی حالت میں ہسپتال منتقل کر دیا گیا،ملزمان موقع سے فرار ہوگئے۔ لواحقین کا کہنا ہے کہ 13 افراد نے محمد بخش کو تشدد کا نشانہ بنایا، پولیس مقدمہ درج کرنے سے انکاری اور خاموش تماشائی بنی ہوئی ہے۔,N/A,24_news,11:46:AM
شبلی فراز کی نشست پر سینیٹ الیکشن کا شیڈول معطل کرنے کی استدعا مسترد,"Oct 29, 2025",https://www.24urdu.com/29-Oct-2025/150313,"جسٹس امین الدین خان کی سربراہی میں پانچ رکنی آئینی بنچ نے درخواست پر سماعت کی,آئینی بنچ نے شبلی فراز کی اپیل پر پشاور ہائیکورٹ کا فیصلہ بھی کالعدم قرار دیتے ہوئے اپیل نمٹا دی. عدالت نے پشاور ہائیکورٹ کو شبلی فراز کی زیر التواء درخواست پر فیصلہ کرنے کا حکم دے دیا,عدالت نے شبلی فراز کی خالی سیٹ پر سینیٹ الیکشن روکنے کی استدعا مسترد کرتے ہوئے ریمارکس دیئے کہ سینیٹ الیکشن میں مداخلت نہیں کریں گے۔ دوران سماعت بیرسٹر گوہر نے کہا کہ کل شبلی فراز کی نشست پر سینیٹ کا الیکشن ہے، استدعا ہے کہ الیکشن شیڈول معطل کریں,جسٹس حسن اظہر رضوی نے ریمارکس دیئے کہ سینیٹ الیکشن کے لیے جب آپ نے امیدوار نامزد کر دیا تو پھر حکم امتناع کیوں مانگ رہے ہیں؟ جسٹس جمال خان مندوخیل نے ریمارکس دیئے کہ امیدوار نامزد کرنا تو مجبوری تھی۔ جسٹس حسن اظہر رضوی نے بیرسٹر گوہر سے مکالمہ کرتے ہوئے کہا کہ آپ خود تحریک انصاف کے چیئرمین ہیں، امیدوار نامزد کیا ہے تو پھر حکم امتناعی کیوں مانگ رہے ہیں؟ کل کتنی سیٹوں پر الیکشن ہے؟ وکیل بیرسٹر گوہر نے بتایا کہ صرف ایک سیٹ پر الیکشن ہے، دو آئینی آفس سے ہمیں بے آبرو کرکے نکالا ہے، آپ الیکشن پر حکم امتناع کر دیں، سینٹ کا الیکشن روک دیں,سپریم کورٹ کے آئینی بنچ نے پشاور ہائیکورٹ کے کیس کو غیر معینہ مدت کے لیے ملتوی کرنے کا فیصلہ ختم کر دیا. بعدازاں عدالت نے پشاور ہائیکورٹ کو فریقین کو سن کر فیصلہ کرنے کی ہدایت کر دی۔",N/A,24_news,15:23:PM
علیمہ خان کے چھٹی بار ناقابل ضمانت وارنٹ گرفتاری جاری,"Oct 30, 2025",https://www.24urdu.com/30-Oct-2025/150414,راولپنڈی26 نومبر احتجاج کیس کی سماعت انسداد دہشت گردی کی عدالت کے جج امجد علی شاہ نے کی،عدالت نے علیمہ خان کے بینک اکاؤنٹ فریز کرنے کے حوالے سے سٹیٹ بنک سے جواب طلب کر لیا۔ یہ بھی پڑھیں: علیمہ خان کے پاسپورٹ اور شناختی کارڈ پہلے سے بلاک ہیں ،نادرا نے اس حوالے سے رپورٹ جمع کروا دی۔ 26 نومبر کے احتجاج کے دوران گاڑی کی سپرداری کے حوالے سے پیش ہونے والا ملزم عارف مچلکہ پیش نہ کرسکا ،عدالت نے گاڑی کے مالک عارف کو جیل بھیج دیا۔,N/A,24_news,12:52:PM
سابقہ دشمنی یا کچھ اور ؟، راولپنڈی میں فائرنگ سے 2افراد  قتل,"Oct 29, 2025",https://www.24urdu.com/29-Oct-2025/150346,عینی شاہدین کے مطابق  دو افراد فائرنگ سے زخمی ہوئے ، جنہیں فوری اسپتال منتقل کر دیا گیا جبکہ دیگر 2افراد اسپتال منتقلی کے دوران جاں بحق ہو گئے ،دم توڑنے والے افراد کے نام کی  شناخت وقاص اور خضر کے نام سے ہوئی، واقعہ کی اطلاع پر ایس پی صدر پولیس نفری کے ہمراہ موقع پر  پہنچ گئے،ابتدائی تحقیقات کے مطابق واقعہ سابقہ دشمنی کا شاخسانہ ہے، تاہم تحقیقات کی جا رہی ہیں،ملزمان فائرنگ کے بعد فرار ہونے میں کامیاب ہوگئے،نعشوں کا پوسٹ مارٹم کروایا جا رہا ہے۔ یہ بھی پڑھیں:,N/A,24_news,22:33:PM
شیخ رشیدکی ضمانت منظور، بیرون ملک جانے کی اجازت مل گئی,"Oct 31, 2025",https://www.24urdu.com/31-Oct-2025/150529,لاہور پائیکورٹ راولپنڈی بینچ میں سابق وزیر داخلہ شیخ رشید احمد کی رٹ پیٹشن کی سماعت ہوئی،شیخ رشید اپنے وکیل سردار عبدالرازق خان ایڈووکیٹ کے ہمراہ عدالت میں پیش ہوئے۔ شیخ رشید احمد کے وکیل سردار عبدالرازق نے مؤقف اختیار کیا کہ عدالت نے پہلے ہی ان کا نام ای سی ایل سے نکال دیا تھا، تاہم اب نام پی این آئی ایل اور پاسپورٹ کنٹرول لسٹ میں شامل کر دیا گیا ہے،آئین کے تحت ہر شہری کو بیرون ملک جانے اور آزادانہ نقل و حرکت کا بنیادی حق حاصل ہے،ایف آئی اے کے مطابق شیخ رشید کا نام انسداد دہشت گردی عدالت کے حکم پر پاسپورٹ کنٹرول لسٹ میں شامل کیا گیا۔ یہ بھی پڑھیں: جسٹس صداقت علی نے ریمارکس دیئے کہ شیخ رشید کو عمرے کے لیے جانے دیں، وہ دعا کریں گے تو ملک کے حالات بہتر ہو جائیں گے۔ جسٹس صداقت علی خان نے شیخ رشید احمد کی رٹ پیٹشن منظور کرتے ہوئے انہیں بیرون ملک جانے کی اجازت دے دی۔,N/A,24_news,14:18:PM
متنازعہ ٹویٹ کیس:ایمان مزاری اور ہادی علی چٹھہ کیخلاف فرد جرم عائد,"Oct 30, 2025",https://www.24urdu.com/30-Oct-2025/150383,ڈسٹرکٹ اینڈ سیشن کورٹس اسلام آباد میں ایمان مزاری اور ہادی علی چٹھہ کیخلاف متنازعہ ٹویٹ کیس کی سماعت ہوئی،ایڈیشنل ڈسٹرکٹ اینڈ سیشن جج محمد افضل مجوکہ نے کیس پر سماعت کی،عدالت نے ایمان مزاری اور ہادی علی چٹھہ کیخلاف فرد جرم عائد کردی،تاہم ایمان مزاری اور ہادی علی کی جانب سے صحت جرم سے انکارکیاگیاہے۔ عدالت نے اگلی سماعت پر استغاثہ کے تمام گواہان کو طلب کر تے ہوئے ہادی علی چٹھہ کو دوبارہ ضمانتی مچلکے جمع کروانے کا حکم دیدیا۔ سماعت کے دوران جج اور ہادی علی چٹھہ کے درمیان تلخ کلامی بھی ہوئی،ہادی علی چٹھہ نے کہاکہ میں مچلکے نہیں بھروں گا آپ نے سال جیل میں رکھنا رکھیں،آپ نے کل غیر قانونی کام کیا ہے آپ جج بننے کے اہل نہیں ہیں۔ ایمان مزاری نے کہاکہ آپ ہمیں گرفتار کروانا چاہتے ہیں میری بھی ضمانت کینسل کروا دیں۔ یہ بھی پڑھیں: جج افضل مجوکہ نے کہاکہ میرا اصول ہے کہ میں آپکو عزت دوں گا تو مجھے عزت ملے گی،وکیل صفائی قیصر امام نے کہاکہ انہوں نے دیگر کیسز میں بھی پیش ہونا ہوتا ہے، کبھی ہائیکورٹ کبھی راولپنڈی،اس پرجج افضل مجوکہ نے کہاکہ میں نے اس وجہ سے انکے کہنے پر تین دفعہ سماعت ملتوی کی۔ عدالت نے کیس کی مزید سماعت 5 نومبر تک ملتوی کردی۔ واضح رہے کہ ایمان مزاری اور ہادی علی چٹھہ کیخلاف این سی سی آئی اے نے مقدمہ درج کر رکھا ہے۔,N/A,24_news,10:09:AM
ڈوپلیکیٹ سم کے ذریعے شہری کے اکاؤنٹ سے 85 لاکھ روپے نکلوا لئے گئے,"Oct 24, 2025",https://www.24urdu.com/24-Oct-2025/149756,این سی سی آئی اے کی تحقیقات میں کئی حقائق سامنے آئے ہیں جس کی رپورٹ عدالت میں جمع کرادی گئی ہے، رپورٹ میں بتایا گیا ہے کہ اس واقعے سے نجی بینک کے او ٹی پی ویری فکیشن، اینٹی فراڈ میکنزم پر سوالات اُٹھتے ہیں۔ این سی سی آئی اے رپورٹ میں بتایا گیا کہ بائیومیٹرک تصدیق کے بغیر ڈوپلیکیٹ سم جاری ہوئی، جس کے بعد نجی بینک سے 85 لاکھ روپے کی ٹرانزیکشن ہوئی۔ رپورٹ میں کہا گیا کہ 29 ستمبر رات 7 سے 8 بجے کے درمیان سنی کمار ڈالمین مال کراچی میں تھا، 29 ستمبر کی رات سنی کمار کی موبائل فون کی سم اچانک بند ہوگئی، سنی کمار موبائل کمپنی کی فرنچائز گیا تو حیدرآباد سے ڈوپلیکیٹ سم کا پتہ چلا۔ حیدرآباد سے نکالی گئی موبائل فون سم نجی بینک کے ساتھ لنک تھی، ڈوپلیکیٹ سم سے 100 سے زائد ٹرانزیکشن میں 85 لاکھ روپےنکالےگئے۔ یہ بھی پڑھیں این سی سی آئی اے رپورٹ میں کہا گیا کہ نکالے گئے 85لاکھ روپے مختلف اکاؤنٹس میں بھیجے گئے، نجی بینک انتظامیہ کے نمائندے تفتیش میں پیش ہوئے۔ نجی بینک نے اب تک اہم شواہد فراہم نہیں کیے، موبائل کمپنی کی انتظامیہ نے بھی کیس کے متعلق شواہد نہیں دیے، نجی بینک انتظامیہ سے اکاؤنٹ کی تفصیلات اور ٹرانزیکشنز کی معلومات مانگی گئیں۔ رپورٹ کے مطابق لاگ اِن، لوکیشن، آئی ایم ای آئی، آئی پی ایڈریس، انٹرنل فائنڈنگ کی تفصیل مانگی گئی، 14 اکتوبر تک نجی بینک انتظامیہ نے ہمیں ادھوری معلومات دیں۔ این سی سی آئی اے رپورٹ میں مزید کہا گیا کہ نجی بینک انتظامیہ سے ڈیجیٹل بینکنگ اسپیشلسٹ کا سوال بھی پوچھا گیا تھا، کال لاگ تفصیلات مانگیں، بینک کو ایس او پی تفصیلات بھی دینے کا کہا، نجی موبائل کمپنی سے بائیومیٹرک تصدیق کی ڈیوائس کی تفصیل مانگی گئی تھی۔ مزید پڑھیں موبائل کمپنی سے یہ بھی کہا ڈوپلیکیٹ سم جاری کرنے والی فرنچائز کے مالک کی تفصیل دیں، ڈوپلیکیٹ سم خریدنے والے کی شناخت کی تفصیلات بھی مانگی گئیں۔ این سی سی آئی اے رپورٹ میں کہا گیا کہ منصوبہ بندی کے تحت سائبر فنانشل فراڈ کیا گیا ہے، ڈیجیٹل بینکنگ سسٹم میں فراڈ، غیرقانونی طور پر موبائل سم ایکٹو کی گئی۔,N/A,24_news,12:50:PM
منی لانڈرنگ کیس:پرویز الٰہی کی ایک روزہ حاضری معافی کی درخواست منظور,"Oct 25, 2025",https://www.24urdu.com/25-Oct-2025/149857,چوہدری پرویز الٰہی سمیت دیگر کے خلاف منی لانڈرنگ کے مقدمے کی سماعت ہوئی،سپیشل سینٹرل عدالت کے جج عارف خان نیازی نے کیس کی سماعت کی،ایف آئی اے نے مقدمے کا چالان جمع کروا رکھا ہے۔ عدالت نے پرویز الٰہی کی بریت کی درخواست پر فیصلہ موخر کرتے ہوئےان کی ایک روزہ حاضری معافی کی درخواست منظور کرلی۔ یہ بھی پڑھیں: عدالت میں ان کے وکیل نے مؤقف پیش کیاکہ پرویز الٰہی قریبی رشتے دار کی فوتگی کی وجہ سے عدالت پیش نہیں ہوسکتے ،عدالت ان کی ایک روزہ حاضری معافی کی درخواست منظور کرے۔,N/A,24_news,10:39:AM
اٹلی میں4 ہزار بچوں کیساتھ پادریوں کی جنسی زیادتی کا انکشاف,"Oct 25, 2025",https://www.24urdu.com/25-Oct-2025/149848,"تنظیم کے بانی فرانسسکو زاناردی نے بتایا کہ یہ اعداد و شمار متاثرین کے بیانات، عدالتی ذرائع اور میڈیا رپورٹس پر مبنی ہیں، رپورٹ میں یہ واضح نہیں کیا گیا کہ ان واقعات کا آغاز کب سے ہوا، تاہم تنظیم کا کہنا ہے کہ زیادہ تر الزامات چرچ کے پادریوں پر عائد کیے گئے ہیں۔ رپورٹ میں 1,250 مبینہ زیادتی کے کیسز کی نشاندہی کی گئی جن میں 1,106 پادریوں کو ملوث قرار دیا گیا  جبکہ باقی کیسز نَنز (خواتین مذہبی رضاکار)، مذہبی اساتذہ، عام رضاکاروں اور اسکاؤٹ اراکین سے متعلق ہیں۔ رپورٹ میں بتایا گیا کہ مجموعی طور پر 4,625 متاثرین سامنے آئے ہیں، جن میں سے 4,395 پادریوں کے ہاتھوں زیادتی کا شکار ہوئے، ان میں سے 4,451 متاثرین کی عمریں 18 سال سے کم تھیں، جب کہ زیادہ تر متاثرین (تقریباً 4,100) لڑکے تھے۔ رپورٹ میں مزید انکشاف ہوا کہ پانچ نَنز، 156 کمزور بالغ افراد اور 11 معذور افراد بھی اس خوفناک سلسلے کا شکار بنے۔ تنظیم کے مطابق 1,106 مبینہ مجرم پادریوں میں سے صرف 76 پادریوں پر چرچ کے اندر مقدمہ چلایا گیا، ان میں سے 17 کو عارضی طور پر معطل کیا گیا، سات کو دوسری پیرشز (مذہبی علاقوں) میں منتقل کیا گیا، جب کہ صرف 18 کو معزول یا برطرف کیا گیا، رپورٹ کے مطابق پانچ پادریوں نے خودکشی بھی کر لی۔",N/A,24_news,09:44:AM
چائلڈ پورنو گرافی ملزم کے بھیانک انکشافات، گندی کمائی کی خاطر  رشتہ دار بچیوں کو بھی نہ بخشا,"Oct 23, 2025",https://www.24urdu.com/23-Oct-2025/149681,میڈیا رپورٹ کے مطابق ملزم نےتفتیش میں خوفناک انکشافات کرتے ہوئے بتایا کہ وہ قریبی رشتہ دار 7 بچیوں کے ساتھ گھناؤنے فعل میں ملوث تھا ۔ ملزم 14 سال تک اپنے ہی خاندان کی دو کم عمربچیوں کے ساتھ گھناؤنا فعل کرتا اور ویڈیوز بنا کر ڈارک ویب پر بیچتا رہا ۔ملزم نے 2008 سے 2022 کے دوران بچیوں کی ویڈیوز بنا کر ڈارک ویب پر بیچیں ،ملزم بچیوں کو فحش ویڈیوز دکھا کر اپنے جال میں پھنساتا تھا ۔ ملزم عاصم سے 50 سے زائد ویڈیوز برآمد ہوئیں۔ اس معاملے میں عالمی اداروں نے بھی رپورٹ کیا تھا۔چالاک ملزم کو پکڑنے میں این سی سی آئی اے کو پورا ایک سال لگا ۔ ملزم کی پہلی ویڈیو سنگاپور سے ملی ، تفتیش وہیں سے شروع ہوکر پاکستان تک آئی ۔ ملزم کو ٹریس کرنے کیلئے سنگاپور، آسٹریلیا، پرتگال اور برازیل کے اداروں سے مدد لی گئی۔ یہ بھی پڑھیں:,N/A,24_news,18:33:PM
ہنی ٹریپ گینگ میں شامل2 خواتین سمیت 9 افراد گرفتار،سرغنہ پولیس کانسٹیبل نکلا,"Oct 24, 2025",https://www.24urdu.com/24-Oct-2025/149793,تفصیلات کے مطابق ٹوبہ ٹیک سنگھ میں  پولیس کانسٹیبل محمد قاسم ہنی ٹریپ گینگ  کا سرغنہ تھا، سی سی ڈی نے2خواتین سمیت9 افراد کو گرفتار کرلیا ،ملزمان شہریوں کو خواتین کے بہانے بہلا پھسلا کر ویڈیو بناتے تھے، ملزمان نے شہریوں کو بلیک میل کرکے  لاکھوں روپے کی رقم ،زیورات اور موبائل لئے تھے،ملزمان خود کو سی سی ڈی کے ملازم ظاہر کرتے تھے، اس گروہ نے اوورسیز پاکستانیوں کو بھی لوٹا،ملزمان کے قبضہ سے ویڈیوز بھی برآمد کی گئیں، متاثرہ افراد نے خوف کے باعث قانونی کاروائی سے بھی گریز کیا، ملزمان میں محمد نعیم ،ولی محمد ،عمران سلیم،مدثر ،آصف اور فیاض شامل ہیں۔ یہ بھی پڑھیں:,N/A,24_news,18:51:PM
ڈرون سے ہیروئن سپلائی کرنیوالا بدنام زمانہ شبیر عرف چھبے خاں گرفتار,"Oct 25, 2025",https://www.24urdu.com/25-Oct-2025/149933,تفصیلات کے مطابق قصور کے تھانہ بی ڈویژن پولیس کے ایس ایچ او اسلم بھٹی کی سربراہی میں  ایک بڑی کاروائی  میں ڈرون کے ذریعے منشیات سپلائی کرنیوالا ملزم بدنام زمانہ شبیر عرف چھبے خان گرفتار کر لیا۔ ملزم کے قبضہ لاکھوں روپے مالیت کی ایک کلوگرام سے زائد ہیروئن، ڈرون کیمرا، 10 بیٹریاں اور دیگر سامان برآمد  کر لیا گیا، ملزم روہیوال کا رہائشی ہے جو منشیات کی سپلائی بذریعہ ڈرون کرتا تھا ،تھانہ بی ڈویژن پولیس نے بائی پاس کے قریب سے سپیشل ناکہ بندی کے دوران گاڑی سمیت گرفتار کیا ،ملزم کے خلاف امتناع منشیات کی دفعات کے تحت مقدمہ درج کرکے مزید تفتیش کی جا رہی ہے۔ ڈی پی او  قصور محمد عیسیٰ خاں کی ہدایت پر ناجائز فروشوں کے خلاف بھرپور کارروائیاں جاری ہیں۔ یہ بھی پڑھیں:,N/A,24_news,22:23:PM
پولیس سٹیشن میں خاتون کیساتھ مبینہ زیادتی کا انکشاف,"Oct 25, 2025",https://www.24urdu.com/25-Oct-2025/149864,ضلع پولیس کے ترجمان کے مطابق خاتون نے ڈی آئی جی کو درخواست دی تھی جس میں بتایاگیا تھاکہ وہ اپنی بیٹی کی بازیابی کیلئے فریاد لے کر مہران پولیس سٹیشن گئی تھی جہاں اسے زیادتی کا نشانہ بنایاگیا۔ خاتون کی درخواست  پر ڈی آئی جی نے ایس ایس پی میرپورخاص کو انکوائری کرنے کا حکم دیا۔ بعد ازاں ایس ایس پی ڈاکٹر سمیر نور چنہ نے فوری طور پر ایس ایچ او میرخادم تالپور کو معطل کرتے ہوئے انکوائری کا حکم دیا۔ اعلامیےکے مطابق خاتون اور ایس ایچ اوکے میڈیکل نمونے ٹیسٹ کے لیے جمع ہوگئے ہیں اور تفصیلی میڈیکل رپورٹ آنے کے بعد مزید کارروائی کی جائے گی۔,N/A,24_news,11:32:AM
راولپنڈی: شہری پر وحشیانہ تشدد کرنے والا ملزم ساتھیوں سمیت گرفتار,"Oct 23, 2025",https://www.24urdu.com/23-Oct-2025/149624,تفصیلات کے مطابق گزشتہ روز پنڈی کے علاقے گوال منڈی میں 10 افراد نے شہری کو انسانیت سوز تشدد کا نشانہ بنایا تھا جس کی ویڈیو سوشل میڈیا پر سامنے آئی تھی۔ اس واقعے کی ویڈیو سامنے آنے کے بعد سی پی او سید خالد ہمدانی کی ہدایت پر سٹی پولیس نے رات بھر کریک ڈاؤن کیا، تشدد میں ملوث مرکزی ملزم سمیت 6 افراد کو تحویل میں لے لیا گیا۔ ی پی او خالدہمدانی نے بتایا کہ واقعےکی پولیس کو شکایت درج نہیں کرائی گئی تھی، ویڈیو سامنے  آنے پر پولیس کی مدعیت میں مقدمہ درج کر کے مرکزی ملزم کو گرفتار کیا گیا ہے، تشددمیں ملوث کوئی بھی شخص قانون کی گرفت سے نہیں بچے گا۔ متاثرہ شہری نے رہائشی علاقے میں اسکریپ کا گودام بنانے کی شکایت کی تھی جس پر تشدد کا واقعہ پیش آیا، 10 افراد نے شہری پر سرعام وحشیانہ تشدد کیا اور پھر اُسے زنجیروں سے باندھ کر برہنہ کر کے زمین پر گھسیٹا گیا۔ یہ بھی پڑھیں تھانہ سٹی کی حدود گوال منڈی میں شہری کو برہنہ کرکے مسلح افراد نے ڈنڈوں، پائپوں اور لاتوں سے بری طرح تشدد کیا۔ فوٹیج میں لہولہان شہری ملزموں کی منتیں کرتا رہا لیکن غنڈہ گرد عناصر نے اُس پر کوئی رحم نہیں کیا۔,N/A,24_news,10:53:AM
ٹک ٹاک نے ایک اور جان لے لی,"Oct 25, 2025",https://www.24urdu.com/25-Oct-2025/149894,پولیس کے مطابق گزشتہ روز کراچی کے علاقے گلستان جوہر پہلوان گوٹھ میں ٹک ٹاک بناتے ہوئے سر پر گولی لگنے سے 22 سالہ فرزانہ جان سے گئی۔ پولیس کے مطابق فرزانہ نے شوہر سے کہا کہ وہ پستول اس کے سر پر رکھ کر ٹک ٹاک بنائے،فرزانہ کے شوہر غلام مصطفی نے پستول سر پر رکھ کر گولی چلائی، اسے معلوم نہیں تھا کہ چمبر میں گولی ہے ۔ فرزانہ سر پر گولی لگنے سے شدید زخمی ہوئی جسے تشویشناک حالت میں ہسپتال لایا گیا۔ پولیس نے فرزانہ کے شوہر غلام مصطفی کو گرفتار کرلیا،فرزانہ کی ایک ماہ قبل ہی نکاح ہوا تھا۔ یہ بھی پڑھیں پولیس کے مطابق ملزم غلام مصطفی کے پاس سے برآمد ہونے والا اسلحہ غیر قانونی ہے۔,N/A,24_news,15:10:PM
لیاری گینگ وار کے سرغنہ عزیر بلوچ کیخلاف ایک اور مقدمے کا فیصلہ محفوظ,"Oct 25, 2025",https://www.24urdu.com/25-Oct-2025/149893,ملزم عزیر بلوچ کے خلاف مقدمے کا فیصلہ 29 اکتوبر کو سنائے جانے کا امکان ہے۔ پولیس کے مطابق مفرور ملزمان شمس الدین اور عبدالغفار بگٹی نے اقبالی بیان میں کہا تھا کہ عزیر بلوچ اور نور محمد عرف بابا لاڈلہ نے اسلحہ کی ترسیل میں سہولت فراہم کی،ملزم کے بیان پر عزیر بلوچ کیخلاف دفعہ 109 کے تحت مقدمہ درج کیا گیا تھا،ملزم سے بارود اور گولیاں بھی برآمد ہوئی تھیں۔ یہ بھی پڑھیں: ملزمان کیخلاف تھانہ سی آئی ڈی میں 2012 میں مقدمہ درج کیا گیا تھا۔,N/A,24_news,14:56:PM
علیمہ خان کے چوتھی بارناقابل ضمانت وارنٹ گرفتاری جاری,"Oct 22, 2025",https://www.24urdu.com/22-Oct-2025/149516,راولپنڈی کی انسداد دہشت گردی عدالت میں علیمہ خان سمیت دس ملزمان کے خلاف 26 نومبر تھانہ صادق کیس کی سماعت ہوئی،انسداد دہشت گردی کی عدالت کے جج امجد علی شاہ نے کی سماعت کی،عدم پیشی پر علیمہ خان کے چوتھی بار وارنٹ جاری کردیئےگئے جبکہ ان  کے ضامن کا ایک لاکھ روپے کا مچلکہ بھی بحق سرکار ضبط کرلیاگیا۔ کیس کے 10ملزمان عدالت میں پیش ہوئے لیکن علیمہ خان آج بھی پیش نہیں ہوئیں،عدالت نے کہاکہ علیمہ خان 10،10لاکھ کے 2مچلکے اور ضامن پیش کریں،حملے میں 4گاڑیوں کے 85 لاکھ کے مچلکےبھی بحق سرکار ضبط  کرتے ہوئے گاڑیوں کے مالکان کو24 اکتوبر کو طلب کرلیاگیا،آئی جی بلوچستان اور آئی جی کے پی کو گاڑیاں پکڑ کر عدالت کے حوالے کرنے کا حکم  دیاگیاہے۔ یہ بھی پڑھیں: عدالت نے ایس پی راول محمد سعد اور ڈی ایس پی وارث خان رانا نعیم کو شوکاز نوٹس جاری کرتے ہوئے کہاکہ پولیس افسران نے عدالت میں بوگس رپورٹ جمع کروائی کہ علیمہ خان روپوش ہیں،وہ  گزشتہ روز اڈیالہ جیل کے باہر میڈیا سے گفتگو کرتی دیکھی گئیں کہاں روپوش ہیں؟پولیس افسران عدالت کو دھوکہ دے رہے ہیں،دونوں افسران 24 اکتوبر کو عدالت میں پیش ہوں۔,N/A,24_news,11:53:AM
وزیر اعلیٰ سندھ کے مشیر اللّٰہ ڈنو خان بھیو کی بریت کیخلاف اپیل مسترد,"Oct 25, 2025",https://www.24urdu.com/25-Oct-2025/149860,عدالت نے ریمارکس دیئے کہ نیب احتساب عدالت کے فیصلے میں کوئی قانونی نقص ثابت نہیں کر سکا، نیب پراسیکیوٹر صرف فیصلے کے ایک پیراگراف میں نمبر کی غلطی دکھا سکا، متن میں شواہد یا قانونی تشریح میں کوئی خامی نہیں پائی گئی۔ یہ بھی پڑھیں: عدالت نے قرار دیا کہ سپریم کورٹ کی گائیڈ لائنز کے مطابق احتساب عدالت کے فیصلے میں مداخلت کی کوئی وجہ نہیں۔ نیب نے عدالت کو بتایا کہ اللّٰہ ڈنو خان بھیو پر 48 ملین روپے کنٹریکٹرز سے وصولی کا الزام تھا، جس پر ناکافی شواہد کی بنیاد پر انہیں بری کیا گیا تھا۔,N/A,24_news,11:07:AM
کچے کے ڈاکوؤں کی سہولت کار مشہور ٹک ٹاکر عروسہ سولنگی گرفتار,"Oct 25, 2025",https://www.24urdu.com/25-Oct-2025/149839,پولیس کے مطابق کچے کے جنگلات میں سرگرم جرائم پیشہ گروہ ماضی میں جعلی خواتین کی آوازیں استعمال کر کے ملک بھر سے لوگوں کو بہلا پھسلا کر اپنے ٹھکانوں تک لاتے اور پھر اغوا کر کے بھاری تاوان طلب کرتے تھے،بعد ازاں جب یہ طریقہ بے نقاب ہوا تو ڈاکوؤں نے سستے داموں گاڑیاں دینے کا لالچ دینا شروع کیا اور موقع پر پہنچنے والے افراد کو اغوا کر لیتے۔ جدید دور میں ان گروہوں نے نئی حکمت عملی اپنائی اور خاص طور پر سوشل میڈیا انفلوئنسرز اور ٹک ٹاکرز کے ذریعے شکار کو اپنے جال میں پھانسنے لگے۔ پولیس کا کہنا ہے کہ عروسہ سولنگی مختلف شہروں کے نوجوانوں کو جھوٹے رومانوی تعلقات کا جھانسہ دے کر اپنے قریب بلاتی اور پھر انہیں ڈاکوؤں کے حوالے کر دیتی تھی۔ دورانِ تفتیش اس کے موبائل فون سے ایسے شواہد ملے ہیں جو اس کے متعدد اغوا کی وارداتوں میں ملوث ہونے کا ناقابلِ تردید ثبوت فراہم کرتے ہیں۔ تحقیقات میں یہ بھی سامنے آیا ہے کہ عروسہ ویڈیو کالز کے ذریعے نوجوانوں کو یقین دہانی کراتی اور پھر انہیں کشمور کے کچے علاقے آنے پر مجبور کرتی جہاں پہنچنے کے بعد وہ ڈاکوؤں کے ہتھے چڑھ جاتے۔ پولیس نے خاتون کو حراست میں لے کر مزید تفتیش شروع کر دی ہے تاکہ اس گھناؤنے جرائم کے نیٹ ورک کے دیگر کرداروں کو بھی بے نقاب کیا جا سکے۔,N/A,24_news,09:08:AM
جوا ایپ کی تشہیر؛ڈکی بھائی کی اہلیہ عروب جتوئی کیخلاف کیس میں اہم پیشرفت,"Oct 23, 2025",https://www.24urdu.com/23-Oct-2025/149612,رپورٹ کے مطابق غیر قانونی جوا ایپ کی تشہیر کے مقدمے میں یوٹیوبر ڈکی بھائی کی اہلیہ عروب جتوئی عبوری ضمانت کی مدت ختم ہونے پر عدالت میں پیش ہوئیں۔ عدالت نے سماعت کے دوران عروب جتوئی کی عبوری ضمانت میں 6 نومبر تک توسیع کرتے ہوئے تفتیشی افسر کو ہدایت دی کہ وہ آئندہ سماعت پر کیس سے متعلق جامع رپورٹ عدالت میں جمع کرائیں۔ یاد رہے کہ ڈکی بھائی اور ان کی اہلیہ عروب جتوئی سمیت متعدد یوٹیوبرز پر الزام ہے کہ انہوں نے ایک غیر قانونی آن لائن جوا ایپ کی تشہیر کی جس کے نتیجے میں شہریوں کو مالی نقصان پہنچا۔,N/A,24_news,09:48:AM
علیمہ خان کاشناختی کارڈاورپاسپورٹ ضبط کرنے کاحکم,"Oct 24, 2025",https://www.24urdu.com/24-Oct-2025/149739,"انسداد دہشت گردی عدالت راولپنڈی میں علیمہ خان سمیت 11 ملزمان کے خلاف 26 نومبر کے احتجاج پر درج مقدمے کی سماعت ہوئی،مقدمے کی سماعت انسداد دہشتگردی عدالت کے جج امجد علی شاہ نے کی,علیمہ خان ناقابل ضمانت وارنٹ گرفتاری جاری ہونے کے باوجود عدالت پیش نہیں ہوئیں جس پرعدالت نے علیمہ خان کا شناختی کارڈ اور پاسپورٹ ضبط کرنے کا حکم دے دیا۔ عدالت نے علیمہ خان کے بینک اکاؤنٹ بھی فریز کرنے کے احکامات دے دئیے جبکہ نادرا اور امیگریشن حکام کو شناختی کارڈاورپاسپورٹ ضبط کرنے کے حوالے سے ہدایات جاری کردیں۔ عدالت نے علیمہ خان کے ضامن عمر شریف کی جائیداد بھی ضبط کرنے کا حکم دے دیا،عدالت نے اس موقع پرکہاکہ ملزمہ ہر جگہ موجود ہوتی ہیں لیکن عدالت پیش نہیں ہوتیں۔ سپیشل پراسیکیوٹر ظہیر شاہ عدالت پیش ہوئے جبکہ علیمہ خان کا کوئی وکیل عدالت پیش نہیں ہوا۔ علیمہ خان کے علاوہ مقدمے میں نامزد دیگر 10 ملزمان عدالت پیش ہوئے،استغاثہ کے گواہان مال مقدمہ سمیت عدالت میں موجود تھے۔ عدالت نے مقدمے کی سماعت 27 اکتوبر تک ملتوی کردی۔",N/A,24_news,11:13:AM
گلے پر ڈور پھرنے سے نوجوان کی ہلاکت پرپولیس کی مدعیت میں مقدمہ درج,"Oct 23, 2025",https://www.24urdu.com/23-Oct-2025/149649,مقدمہ اے ایس آئی محسن ارشاد کی مدعیت میں تھانہ نواں کوٹ میں درج کیا گیاہے۔ ایف آئی آرکے متن کے مطابق21 سالہ یوسف گلے میں دھاتی ڈور پھرنے سے جاں بحق ہوا،پولیس کو جب اطلاع ملی تو ہسپتال میں یوسف جاں بحق ہو چکا تھا۔ مقدمہ 322 کی دفعات کے تحت درج کیا گیاہے۔ مزنگ کا رہائشی نوجوان موٹر سائیکل پر اپنے گھر جا رہا تھا کہ راستے میں گلے پر ڈور پھر گئی،اسےزخمی حالت میں ہسپتال منتقل کیا جا رہا تھا تاہم راستے میں دم توڑ گیا۔,N/A,24_news,13:07:PM
قومی کرکٹر کے ساتھ کروڑوں کا فراڈ,"Oct 20, 2025",https://www.24urdu.com/20-Oct-2025/149317,کرکٹر کے مطابق مذکورہ شوروم مالک نے ان کی گاڑی اصل دستاویزات کے بغیر فروخت کر دی، جب کہ اصل کاغذات تاحال کرکٹر کے پاس موجود ہیں۔ ان کا کہنا تھا کہ شوروم مالک نے نہ صرف گاڑی فروخت کی بلکہ اس کے بدلے جعلی دستاویزات والی ایک اور گاڑی فراہم کی اور اس کے علاوہ 70 لاکھ روپے کی اضافی رقم بھی وصول کی۔ قومی کھلاڑی نے اس معاملے پر شدید تحفظات کا اظہار کرتے ہوئے حکومتِ پنجاب، پولیس حکام، اور اعلیٰ حکومتی شخصیات سے فوری کارروائی کی اپیل کی ہے۔ انہوں نے  کہا کہ وہ اس معاملے کی تمام تر تفصیلات فراہم کرنے کے لیے تیار ہیں۔ ان کا مزید کہنا تھا کہ ہمیں ایسے لوگوں کو قانون کے کٹہرے میں لانا ہوگا جو لوگوں کی محنت کی کمائی سے کھیلتے ہیں اور ان کے ساتھ فراڈ کرتے ہیں۔ صہیب مقصود نے کہا کہ ’اگر ایک قومی کرکٹر ہو کر میں خود کو بے بس محسوس کر رہا ہوں۔ عام شہریوں کے ساتھ کیا سلوک کیا جاتا ہوگا؟ ہمیں ایسے لوگوں کے خلاف سخت کارروائی کر کے معاشرے کو محفوظ بنانا ہوگا۔,N/A,24_news,15:23:PM
سنگجانی جلسہ؛ عمر ایوب، زرتاج گل سمیت دیگر کے وارنٹ گرفتاری جاری,"Oct 20, 2025",https://www.24urdu.com/20-Oct-2025/149309,انسداد دہشت گردی عدالت کے جج طاہر عباس سپرا نے کیس کی سماعت کی، عدالت نے عمر ایوب، زین قریشی، زرتاج گل اور علی بخاری کے وارنٹ گرفتاری جاری کرتے ہوئے  پی ٹی آئی رہنماؤں کو گرفتار کر کے پیش کرنے کا حکم دےدیا۔ شیر افضل مروت کی طرف سے کیس ٹرانسفر کی درخواست دائر کی گئی ،جس پر عدالت نے شیر افضل مروت کی درخواست پر نوٹسز جاری کر کے دلائل طلب کر لیے۔ عدالت نے کیس کی سماعت 23 اکتوبر تک ملتوی کر دی۔,N/A,24_news,15:01:PM
لاہور پولیس کا سابق اہلکار گینگ کا سرغنہ نکلا,"Oct 19, 2025",https://www.24urdu.com/19-Oct-2025/149244,ملزم کے گروہ کے بارے  میں پولیس کو دوران تفتیش انکشاف ہوا کہ ملزم توقیر کے گروہ کے لوگ جعلی پولیس اہلکار بن کر لوگوں کے گھروں میں ریڈ بھی کر چکے ہیں۔ پولیس ذرائع کے مطابق ملزم توقیر نے چند روز قبل کوٹ لکھپت کے علاقے میں مالک مکان پر کرایہ مانگنے پر تشدد کیاجس کامقدمہ ملزم توقیر اور اسکے ساتھیوں کے خلاف کوٹ لکھپت میں مقدمہ درج ہوا ہے۔ یہ بھی پڑھیں: مرکزی ملزم توقیر تاحال پولیس کی گرفت میں نہیں آ سکا۔ پولیس ذرائع کے مطابق معاملے کی تحقیقات کی جارہی ہیں۔,N/A,24_news,15:40:PM
سرجن نے ڈاکٹر بیوی کو انجیکشن لگا کر قتل کر دیا,"Oct 16, 2025",https://www.24urdu.com/16-Oct-2025/148889,بھارتی میڈیا کے مطابق یہ واقعہ رواں سال 21 اپریل کو بنگلورو شہر میں پیش آیا تھا ۔ واقعہ میں جنرل سرجن، ڈاکٹر مہندرا ریڈی نے اپنی اہلیہ، ماہرِ امراضِ جِلد  کو بے ہوشی کی دوا پروپوفول کی زیادہ مقدار دے کر موت کے گھاٹ اتار دیا۔ بعدازاں مہندرا خود ہی اپنی اہلیہ کو قریبی ہسپتال لے گیا جہاں ڈاکٹروں نے اِسے مردہ قرار دیا۔ بھارتی میڈیا کے مطابق ابتدائی طور پر اس معاملے کو قدرتی یا حادثاتی موت سمجھا گیا۔ بعد ازاں پولیس نے شواہد جمع کرتے ہوئے جائے وقوعہ سے کینولا سیٹ، انجیکشن ٹیوب اور دیگر طبی آلات برآمد  کیے جنہیں فرانزک معائنے کے لیے بھیجا گیا۔ فرانزک رپورٹ میں مقتولہ کے جسم میں پروپوفول کی موجودگی کی تصدیق ہوئی جس سے واضح ہوگیا کہ اِن کی موت انجیکشن کے ذریعے دی گئی دوا کی زیادتی سے ہوئی ہے۔ بھارتی میڈیا کے مطابق رپورٹ کے سامنے آنے کے بعد مقتولہ کے والد نے 13 اکتوبر کو باقاعدہ طور پر اپنے دماد کے خلاف شکایت درج کروائی۔ جس پر پولیس نے 14 اکتوبر کو ملزم کو ساحلی شہر منی پال سے گرفتار کر لیا۔,N/A,24_news,13:02:PM
وزیر اعظم اور وزیر اعلیٰ پنجاب کو سوشل میڈیا پر  سیکورٹی تھریٹ سے متعلق پیغام،ملزم گرفتار,"Oct 21, 2025",https://www.24urdu.com/21-Oct-2025/149450,مذہبی جماعت کے سوشل میڈیا ٹیم کے اہم رہنما کوگلگت سے گرفتار کیا گیا ،ملزم زعفران نے وزیر اعظم پاکستان اور وزیر اعلی پنجاب مریم نواز کیخلاف سوشل میڈیا پر سنگین الفاظ کا استعمال کیا تھا، تھانہ ترنول پولیس نے دہشتگردی مقدمے میں مطلوب مذہبی جماعت کے سوشل میڈیا رہنما کو گلگت سے گرفتار کیا۔ ملزم زعفران نے چند روز قبل سوشل میڈیا پر وزیر اعظم وزیر اور اعلیٰ پنجاب کی سیکورٹی سے متعلق تھریٹ پیغام لکھا تھا۔ پولیس کے مطابق ملزم کو شناخت پریڈ کیلئے اڈیالہ جیل بھیج دیا گیا۔,N/A,24_news,21:23:PM
نیشنل سائبر کرائم کے ڈپٹی ڈائریکٹر محمدعثمان اسلام آباد سے اغوا,"Oct 18, 2025",https://www.24urdu.com/18-Oct-2025/149118,اسلام آباد پولیس کے مطابق اسلام آباد سے ڈپٹی ڈائریکٹر سائبر کرائم محمد عثمان کو زارا ہائٹس کی پارکنگ سے اغوا کیا گیا ہے، چار مسلح افراد نے گاڑی روکی اور محمد عثمان کو زبردستی ساتھ لے گئے۔ پولیس کا کہنا ہے کہ واقعہ 14 اکتوبر کو رات 7 سے 8 کے درمیان پیش آیا ہے جس کی فوٹیج بھی سامنے آگئی ہے، محمدعثمان کی اہلیہ کی درخواست پر تھانہ شمس کالونی میں  365 کی دفعات کے تحت مقدمہ درج کرلیا گیا، تاہم کیس میں تاحال کوئی پیشرفت سامنے نہیں آسکی۔ پولیس کے مطابق  محمد عثمان حساس نوعیت کی پراجیکٹس پر کام کر رہے تھے۔ یہ بھی پڑھیں یاد رہے کہ اس سے قبل اسسٹنٹ کمشنر زیارت محمد افضل اور ان کے فرزند مستنصر بلال کو 10 اگست کو دہشت گردوں نے زیزری کے مقام سے اغوا کیا تھا تاہم گزشتہ روز اسسٹنٹ کمشنر زیارت محمد افضل کا بیٹا ہرنائی کے پہاڑی علاقے سے بازیاب ہو گیا۔ بعد ازاں اغواکاروں نے اسسٹنٹ کمشنر زیارت محمد افضل اور ان کے بیٹے کی ویڈیو بھی جاری کی تھی، جس میں وہ اغوا کاروں کے مطالبات پورے کرنے کی اپیل کررہے تھے۔ اس سے قبل، بلوچستان حکومت نے اسسٹنٹ کمشنر اور ان کے بیٹے کے اغواکاروں کا سراغ لگانے پر 5 کروڑ روپے کے نقد انعام کا اعلان کیا تھا۔ مغوی اسسٹنٹ کمشنر محمد افضل تاحال بازیاب نہیں ہوسکے، اسسٹنٹ کمشنر کی بازیابی کے لیے ضلعی انتظامیہ کے اقدامات جاری ہیں۔,N/A,24_news,12:58:PM
اعجاز چودھری کی سزا کیخلاف اپیلیں سماعت کے لئے مقرر,"Oct 18, 2025",https://www.24urdu.com/18-Oct-2025/149102,رجسٹرار آفس نے کیس کو سماعت کیلئےمقرر کرنے سےمتعلق کاز لسٹ جاری کردی ۔ جسٹس سید شہباز علی رضوی  اورجسٹس طارق محمود باجوہ پر مشتمل 2رکنی بینچ اعجاز چودھری کی سزاکے خلاف اپیلوں پرسماعت کرے گا۔ یہ بھی پڑھیں: پنجاب حکومت کی جانب سے اسسٹنٹ ایڈووکیٹ جنرل فرخ خان لودھی پیش ہو ں گے۔,N/A,24_news,11:31:AM
علیمہ خان کے تیسری بار ناقابل ضمانت وارنٹ جاری,"Oct 20, 2025",https://www.24urdu.com/20-Oct-2025/149315,"علیمہ خان سمیت 11 ملزمان کے خلاف 26 نومبر کے احتجاج پر درج مقدمات کی سماعت انسداد دہشت گردی عدالت راولپنڈی کے جج امجد علی شاہ کی عدالت میں ہوئی۔ علیمہ خان کے علاوہ مقدمے میں نامزد 10 ملزمان عدالت پیش ہوئے جبکہ استغاثہ کے پانچ گواہان بھی مال مقدمہ سمیت عدالت پیش ہوئے۔ عدالت نے علیمہ خان کی عدم حاضری پر تیسری مرتبہ ناقابل ضمانت وارنٹ گرفتاری جاری کرتے ہوئے پولیس کو حکم دیا کہ علیمہ خان کو گرفتار کر کے 22 اکتوبر کو پیش کریں,علیمہ خان کے ضامن عمر شریف کے بھی ناقابل ضمانت وارنٹ گرفتاری جاری کر دیئے گئے۔ یہ بھی پڑھیں: انسداد دہشت گردی عدالت نے علیمہ خان کے ضامن کی جائیداد کی دستاویزات کی تصدیق کیلئے ڈی سی راولپنڈی کو بھی ہدایات جاری کر دیں۔",N/A,24_news,15:15:PM
ٹک ٹاکر ثناء یوسف کیس،سماعت 23 اکتوبر تک ملتوی,"Oct 18, 2025",https://www.24urdu.com/18-Oct-2025/149137,ڈسٹرکٹ اینڈ سیشن کورٹس اسلام آباد میں ٹک ٹاکر ثناء یوسف کے مبینہ قتل کیس کی سماعت ہوئی،ایڈیشنل ڈسٹرکٹ اینڈ سیشن جج محمد افضل مجوکہ نے کیس پر سماعت کی ،ملزم عمر حیات کے وکلاء کی جانب سے آج بھی گواہان پر جرح نہ کی گئی۔ جج افضل مجوکہ نے گواہان پر جرح نہ کرنے پر اظہار برہمی کرتے ہوئے کہاکہ گلی سماعت میں اگر جرح نہیں کی جاتی تو اسٹیٹ کونسل مقرر ہوگا،یہ آخری دفعہ موقع دے رہا ہوں کہ گواہان پر جرح کریں۔ یہ بھی پڑھیں: عدالت نے کیس کی سماعت 23 اکتوبر تک ملتوی کردی,N/A,24_news,16:09:PM
کینیڈا میں کپل شرما کے کیفے پر پھر فائرنگ,"Oct 17, 2025",https://www.24urdu.com/17-Oct-2025/148989,بھارتی میڈیا کے مطابق اس بار بھی بدنام زمانہ بشنوئی گینگ نے اس حملے کی ذمہ داری قبول کر لی ہے۔ رپورٹ میں بتایا گیا ہے کہ گزشتہ رات نامعلوم حملہ آوروں نے کیفے کی عمارت پر گولیاں چلائیں، جس سے کھڑکیاں چکناچور ہو گئیں تاہم خوش قسمتی سے کوئی جانی نقصان نہیں ہوا۔ فائرنگ کی سی سی ٹی وی فوٹیج بھی منظر عام پر آگئی ہے جس میں ایک کار سے حملہ آوروں کو فائرنگ کرتے دیکھا جا سکتا ہے، یہ گزشتہ چار ماہ میں تیسرا واقعہ ہے۔ مبینہ طور پر لارنس بشنوئی گینگ سے تعلق رکھنے والے کولویر سدھو اور گولڈی ڈھیلون نے سوشل میڈیا پر اس حملے کی ذمہ داری بھی قبول کرلی ہے۔ انہوں نے دعویٰ کیا کہ ان کا عام لوگوں سے کوئی تنازع نہیں، لیکن وہ لوگوں کو دھوکہ دینے یا مذہبی جذبات مجروح کرنے والوں کو نشانہ بنائیں گے۔ پولیس کے مطابق حملے کی وجوہات مالی تنازع یا مذہبی جذبات کو ٹھیس پہنچنا ہو سکتی ہیں۔ پولیس نے تحقیقات شروع کر دی ہیں اور عینی شاہدین کے بیانات قلمبند کیے جا رہے ہیں۔,N/A,24_news,11:35:AM
فراڈ کیس کا معاملہ،خاتون ملزمہ عدالت سے فرار، پٹواری پکڑا گیا,"Oct 21, 2025",https://www.24urdu.com/21-Oct-2025/149393,اسلام آباد فیڈرل گورنمنٹ ایمپلائیز ہاوسنگ اتھارٹی مبینہ میں فراڈ کیس کے معاملہ پر اہم پیشرفت ہوئی، عدالت نے مبینہ فراڈ کیس میں خاتون اور مرد ملزم کی ضمانت خارج کردی، خاتون ملزمہ عظمہ بتول عدالت سے فرار ہونے میں کامیاب ہوگئی ، ایف آئی اے کی جانب سے ملزم کو گرفتار کیا گیا۔ جج سینٹرل ایف آئی اے ہمایوں دلاور نے ضمانت کی درخواستوں پر سماعت کی، ملزم ذاکر حسین ایف جی ایمپلائیز ہاؤسنگ اتھارٹی میں بطور پٹوری تعینات تھا۔ اسپیشل جج سینٹرل اسلام آباد نے ملزم کی ضمانت خارج کر دی۔ ملزم نے جی-14/3 کی سپلیمنٹری ایوارڈ میں جعلی شریک مالکان کا اندراج کیا، مبینہ اختیارات کا ناجائز استعمال کرتے ہوئے غیر متعلقہ افراد کو پلاٹس جاری کیے گئے،مبینہ جعلسازی سے اصل مالکان کے حقوق متاثر ہوئے۔,N/A,24_news,10:36:AM
سپین میں پکاسو کی نایاب پینٹنگ چوری,"Oct 17, 2025",https://www.24urdu.com/17-Oct-2025/149001,رپورٹس کے مطابق پکاسو کی یہ نایاب تخلیق اسٹِل لائف وِد گٹار ساڑھے 6 لاکھ یورو مالیت کی ہے، جو  ایک آرٹ نمائش کے لیے بھیجی جا رہی تھی۔ ذرائع کے مطابق 3  اکتوبر کو یہ پینٹنگ ایک وین کے ذریعے مادِرِڈ سے  نمائش کے مقام پر منتقل کی گئی تھی۔ وین صبح 10 بجے نمائش ہال پہنچی، جہاں تمام آرٹ ورکس اتارے گئے، تاہم بعد میں معلوم ہوا کہ پیک کی گئی پیٹنگز  میں کچھ  پر نمبر نہیں لگے تھے، جس کے باعث گنتی مکمل نہیں ہو سکی۔ نمائش کی تیاری کے دوران جب دوبارہ چیکنگ کی گئی تو پکاسو کی پینٹنگ لاپتہ پائی گئی۔ واقعے کے بعد پولیس نے تفتیش شروع کر دی ہے، جبکہ کاخا گرناڈا فاؤنڈیشن نے حکام کو یقین دہانی کرائی ہے کہ وہ مکمل تعاون کرے گی۔ یہ پینٹنگ 1919 میں بنائی گئی تھی اور ایک نجی کلیکٹر کی ملکیت ہے۔ تخلیق کا سائز چھوٹا ہونے کے باوجود اس کی فنّی اور تاریخی اہمیت بہت زیادہ بتائی جا رہی ہے۔ پولیس نے اب تک کسی گرفتاری یا شبہات کی تصدیق نہیں کی، تاہم واقعے کی تحقیقات آرٹ چوری کے امکان کے تحت جاری ہیں۔,N/A,24_news,12:18:PM
راولپنڈی  پولیس کی کارروائی، کار لفٹر گرفتار،لاکھوں روپے برآمد,"Oct 19, 2025",https://www.24urdu.com/19-Oct-2025/149259,تفصیلات کے مطابق  زیر حراست شخص ساتھیوں کے ہمراہ گاڑیاں چراتا اور پشاور سے دیگر اضلاع  میں لےجا کر فروخت کرتا تھا،زیر حراست شخص قبل ازیں سرقہ وہیکلز کی وارداتوں میں ملوث و ریکارڈ یافتہ ہے،ملزم کے دیگر ساتھیوں کی گرفتاری کا تحرک جاری ہے۔ ایس پی پوٹھوہار طلحہ ولی کا کہنا ہے کہ زیر حراست شخص کو ٹھوس شواہد کے ساتھ چالان عدالت کیا جائے گا۔,N/A,24_news,18:42:PM
امیر بالاج قتل کیس کی تفتیش سی سی ڈی کے حوالے,"Oct 19, 2025",https://www.24urdu.com/19-Oct-2025/149232,امیر بالاج قتل کیس کا مرکزی ملزم مظفر شاہ گولی لگنے سے موقع پر ہی ہلاک ہو گیا تھا جبکہ کیس میں نامزد طیفی بٹ مبینہ پولیس مقابلے میں ہلاک ہو گیا اور کیس کا واحد ملزم گوگی بٹ پولیس کو مطلوب ہے۔ یہ بھی پڑھیں: پولیس ذرائع کے مطابق قتل کیس کی تحقیقات کے لیے بنائی گئی جے آئی ٹی نے تفتیش میں طیفی بٹ اور گوگی بٹ کو گنہگارقرار دیا تھا۔ واضح رہے کہ امیر بالاج قتل کیس کا مرکزی ملزم خواجہ تعریف گلشن عرف طیفی بٹ 11 اکتوبر کو پنجاب پولیس کے کرائم کنٹرول ڈپارٹمنٹ (سی سی ڈی) سے مبینہ مقابلے میں ہلاک ہوگیا تھا، ملزم طیفی بٹ کو دبئی سے انٹرپول کے ذریعے گرفتار کیا گیا تھا، ملزم کو جمعہ 10 اکتوبر کو متحدہ عرب امارات سے پاکستان منتقل کیا گیا تھا۔ یاد رہے کہ امیر بالاج ٹیپو کے والد امیر محمد خان المعروف ٹیپو ٹرکاں والے 22 مارچ 2010 کو لاہور ایئرپورٹ پر قاتلانہ حملے میں جاں بحق ہوگئے تھے، وہ عمرہ کی ادائیگی کے بعد سعودی عرب سے واپس آئے تھے اور انہیں ایئرپورٹ کی پارکنگ میں گولیوں کا نشانہ بنایا گیا تھا۔,N/A,24_news,13:25:PM
سیالکوٹ: 5 سالہ بچی کا زیادتی کے بعد قتل، ملزم والدین سمیت گرفتار,"Oct 16, 2025",https://www.24urdu.com/16-Oct-2025/148875,ترجمان پولیس کے مطابق 15 ستمبر کو اغوا ہونے والی بچی کی لاش 18 ستمبر کو کھیتوں سے برآمد ہوئی تھی۔ ڈی پی او فیصل شہزاد نے ملزمان کی گرفتاری کے لیے حصوصی ٹیمیں تشکیل دی تھیں، جس پر جدید ٹیکنالوجی اور ہیومن انٹیلیجنس کی مدد سے ملزمان کا سراغ لگا کر گرفتار کیا گیا۔ ترجمان پولیس کے مطابق ملزم ابو ہریرہ نے زیادتی کے بعد اینٹ مار کر قتل کیا جبکہ والدین نے شواہد مٹانے میں مدد کی۔ ڈی پی او فیصل شہزاد کا کہنا تھا کہ ملزمان کو قانون کے مطابق کیفر کردار تک پہنچایا جائے گا اور متاثرہ خاندان کو انصاف کی فراہمی یقینی بنائی جائے گی۔ یہ بھی پڑھیں,N/A,24_news,12:03:PM
نارووال:تھانہ صدر کے علاقہ مہار شریف میں لڑکا اور لڑکی قتل,"Oct 19, 2025",https://www.24urdu.com/19-Oct-2025/149267,ایس ایچ او تھانہ صدر آصف نوید کے مطابق  نوجوان لڑکی لڑکا کی گاڑی گیراج سے ڈیڈ باڈیز برآمد ہوئی ہیں،گاڑی گیراج قریب سے  بدبو آنے پر علاقہ مکین نے پولیس کو اطلاع دی۔ پولیس نے بتایا کہ مقتولین جمعرات سے گھر سے غائب تھے،مقتولین کے حوالے سے کسی بھی فیملی نے تھانہ میں کوئی رپورٹ نہیں درج کروائی تھی۔ ایس ایچ او تھانہ صدر کا کہنا تھا کہ فرانزک ٹیموں کو جائے وقوعہ پر بلا لیا گیا ہے،شبہ ہے مقتولین کو پسند کی شادی کرنے پر قتل کیا گیا ہے۔,N/A,24_news,20:07:PM
امیر بالاج کیس کا ملزم اورلاہورگینگ وارکااہم کردارطیفی بٹ کون تھا؟,"Oct 11, 2025",https://www.24urdu.com/11-Oct-2025/148338,پولیس کے مطابق طیفی بٹ کو 10 اکتوبر 2025 کو دبئی سے گرفتار کر نے کے بعد پاکستان لایا گیا تھا اورتفتیش کے لئے کراچی سے لاہور لایاجارہاتھاکہ  رحیم یار خان کے علاقے احمد پور لمہ میں مسلح افراد نے پولیس وین پر حملہ کردیا، حملہ آور توفائرنگ کے بعد فرار ہو گئے جبکہ طیفی بٹ گولی لگنے سے موقع پر ہی ہلاک ہو گیا۔ خواجہ تعریف گلشن عرف طیفی بٹ لاہور کے علاقے گوالمنڈی سے تعلق رکھنے والا گینگسٹر تھاجس کا نام شہر کی انڈر ورلڈ میں 3 دہائیوں سے جاری خاندانی دشمنیوں، قتل و غارت اور لینڈ گرابنگ کی جنگوں سے جڑا ہوا تھا، وہ خواجہ عقیل عرف گوگی بٹ کا کزن تھا،گوگی بٹ پر بھی سنگین مقدمات درج رہے ہیں۔ 1994 میں مخالف گروپ کے سرغنہ امیرالدین عرف بلا ٹرکاں والا کے قتل کے بعد بٹ اور ٹیپو گروپ میں خونریز گینگ وار شروع ہوئی، 2010 میں بلاٹرکاں والے کے بیٹے ٹیپو ٹرکاں والا کے لاہور ایئرپورٹ پر قتل کا الزام بھی طیفی بٹ اور گوگی بٹ پر لگا تھا۔ طیفی بٹ کے بارے میں کہاجاتاہے کہ اس نے بھولا سنیارا اور ہمایوں گجر جیسے گروپوں کوساتھ ملاکر ایک مضبوط نیٹ ورک بنایا ہواتھا۔ پولیس ریکارڈ کے مطابق طیفی بٹ پر 16 قتل، زمینوں پر قبضے، منشیات کی سمگلنگ اور سیاسی سرپرستی جیسے الزامات تھے، جن میں سے بیشتر مقدمات میں وہ بری ہو چکا تھا۔ گوگی بٹ نےطیفی بٹ کی ہلاکت پر شدید ردعمل دیتے ہوئے کہا ہے کہ ہم تاجر ہیں، قاتل نہیں، یہ سب سیاسی انتقام ہے،جے آئی ٹی رپورٹ جانبدار ہے اور حکومت ان کے خاندان کو نشانہ بنا رہی ہے۔ دوسری طرف پنجاب پولیس کے ترجمان نے تمام الزامات مسترد کرتے ہوئے کہا ہے کہ کارروائی قانون کے مطابق ہوئی اور طیفی بٹ کی گرفتاری ملک گیر کومبنگ آپریشن کا حصہ تھی،حملے میں ملوث افراد کی گرفتاری کے لیے ٹیمیں تشکیل دے دی گئی ہیں۔,N/A,24_news,13:37:PM
بیرون ملک مقیم انتہائی مطلوب ٹک ٹاکر گرفتار,"Oct 10, 2025",https://www.24urdu.com/10-Oct-2025/148235,نیشنل سائبر کرائم انوسٹی گیشن ایجنسی (این سی سی آئی اے) نے ٹک ٹاکر آصف شاہ کو دبئی سے واپسی پر ملتان ایئرپورٹ سے گرفتار کیا ہے، ٹک ٹاکر آصف شاہ پر چائلڈ پورنوگرافی میں ملوث ہونے کا الزام ہے۔ این سی سی آئی اے ترجمان کا کہنا ہے کہ محمد آصف کا نام پی سی ایل اور پی این آئی ایل فہرستوں میں شامل تھا، ملزم کی نشاندہی نیشنل چائلڈ رائٹس کمیشن اور غیر ملکی تنظیموں نے کی۔ این سی سی آئی اے ترجمان نے مزید بتایا کہ ملزم کیخلاف پیکا کی دفعات کے تحت مقدمہ درج کیا گیا ہے جبکہ مزید تفتیش جاری ہے۔ یہ بھی پڑھیں,N/A,24_news,14:54:PM
سوشل میڈیا پر ویڈیو بناکر شہریوں میں خوف پھیلانے والا ٹک ٹاکر گرفتار,"Oct 11, 2025",https://www.24urdu.com/11-Oct-2025/148398,پشاور پولیس کا کہنا ہے کہ تھانہ کوتوالی پولیس نے کارروائی کرتے ہوئے سوشل میڈیا پر ویڈیوز اپ لوڈ کرنے والا ’’لوفر لفنگا‘‘ ٹک ٹاکر گرفتار کرلیا،پولیس کا کہنا ہے کہ گرفتار ٹک ٹاکر تحصیل گورگٹری اور گرد و نواح میں ویڈیوز بنا کر شہریوں میں خوف و بے چینی پھیلا رہا تھا۔ ملزم نے پولیس و شہریوں سے معافی مانگ لی اور آئندہ ایسی سرگرمی نہ کرنے کا عہد کیا۔,N/A,24_news,23:10:PM
اہل خانہ کے 11 افراد کے قتل میں ملوث 2مجرموں کو 11-11 مرتبہ سزائے موت,"Oct 15, 2025",https://www.24urdu.com/15-Oct-2025/148824,(امداد بزدار)عدالت نے 11 اہلِ خانہ کے قتل میں ملوث مجرم وہاب اللہ انڈھڑ سمیت دو مجرموں کو 11، 11 بار عمر قید کی سزا سنا دی گئی ہے۔ عدالت نے تین ملزمان کو جرم ثابت نہ ہونے پر بری کر دیا، ایڈیشنل سیشن جج نے محفوظ فیصلہ سنایا، پنو عاقل کے قریب درگاہ ہالے جوی پر وہاب اللہ انڈھڑ نے 11 اہلِ خانہ کو چھریوں کے وار سے ذبح کر کے قتل کیا تھا۔ اگست 2020 میں وہاب اللہ انڈھڑ اور اس کے چار بیٹے حبیب اللہ، در محمد، حزب اللہ اور ماجد انڈھڑ کو عادل پور سے گرفتار کر کے مقدمہ درج کیا گیا تھا۔ ملزم وہاب انڈھڑ نے بیٹوں کے ساتھ مل کر بیوی، بیٹیوں، بہو سمیت 11 اہلِ خانہ کو چھریوں کے وار سے قتل کیا تھا۔,N/A,24_news,22:37:PM
طیفی بٹ کی لاش پوسٹ مارٹم کے بعد ورثاکے حوالے,"Oct 12, 2025",https://www.24urdu.com/12-Oct-2025/148426,خواجہ تعریف گلشن المعروف طیفی بٹ کی لاش کا رحیم یارخان کے ہسپتال میں پوسٹ مارٹم کیاگیا،پولیس کے مطابق پوسٹ مارٹم کے بعد طیفی بٹ کی لاش کو ورثا کے حوالے کر دیا گیا ہے اورورثا لاش کو گلبرگ نصیر آباد لے آئے ہیں ۔ یہ بھی پڑھیں: خواجہ تعریف گلشن المعروف طیفی بٹ کی نماز جنازہ آج بعد از نمازعصر 50 ایم گلبرگ نصیر آباد میں ادا کی جائے گی۔ واضح رہے کہ امیربالاج قتل کیس کامرکزی ملزم اورلاہور کامعروف انڈرورلڈڈان طیفی بٹ جمعہ اور ہفتہ کی درمیانی شب مبینہ پولیس مقابلے میں ہلاک ہوگیا تھا.,N/A,24_news,11:46:AM
گوگی بٹ کی پرانی رہائشگاہ کے قریب نامعلوم افراد کی فائرنگ,"Oct 11, 2025",https://www.24urdu.com/11-Oct-2025/148368,پولیس ذرائع کے مطابق دو نامعلوم موٹر سائیکل سوار آئے اور گھر کے قریب  فائر کیے، جانی نقصان نہیں ہوا،پولیس کی نفری پہنچ گئی ہے اور  واقعہ کی تفتیش شروع کر دی گئی ۔ گوالمنڈی چوک گوگی بٹ کی پرانی رہائش گاہ کے قریب نامعلوم موٹر سائیکل سوار کی فائرنگ کرکے فرار ہوگیا،گوگی بٹ کی پرانی رہائش گاہ کے قریب  گوال منڈی  نامعلوم موٹر سوار کلاشنکوف سے فائرنگ کی۔ موبائل فوٹیج میں مسلح شخص کو کلاشنکوف رکھتے ہوئے دیکھا جاسکتا ہے،پولیس حکام کے مطابق نامعلوم افراد کی جانب سے کی جانے والی فائرنگ کے خول قبضے میں لے لیےہیں،کسی بھی شخص کو قانون ہاتھ میں لینے اجازت نہیں ہے۔ پولیس نے مزید بتایا ہے کہ سی سی ٹی وی کیمروں کی مدد سے جلد ملزم کو گرفتار کرلیا جائےگا۔ یاد رہے کہ آج صبح بالاج ٹیپو کے قتل کے مرکزی ملز طیفی بٹ بھی ساتھیوں کی فائرنگ سے جاں بحق ہو گئے تھے۔,N/A,24_news,17:55:PM
راولپنڈی:ڈیلوری بوائے کو مزاحمت کرنے پر دوران ڈکیتی گولی مار کر قتل کر دیا گیا,"Oct 15, 2025",https://www.24urdu.com/15-Oct-2025/148818,ذرائع  کے مطابق اولپنڈی کے ڈھوک بنارس گلی نمبر 16 میں ڈیلوری بوائے کو دوران ڈکیتی گولی مار کر قتل کر دیا گیا ۔ موٹر سائیکل پر سوار 2 افراد نے ڈیلوری بوائے کو ڈکیتی کے دوران مزاحمت کرنے پر قتل کر دیا ۔پولیس کی بھاری نفری موقع پر پہنچ گئی ،نعش  پوسٹمارٹم کے لیے ہسپتال منتقل کر دی گئی۔تھانہ ریس کورس پولیس نے مزید تحقیقات شروع کردی ہے۔ یہ بھی پڑھیں:,N/A,24_news,21:34:PM
امیربالاج قتل کیس:گوگی بٹ کی درخواست ضمانت خارج,"Oct 13, 2025",https://www.24urdu.com/13-Oct-2025/148527,(شاہین عتیق)امیربالاج قتل کیس میں گوگی بٹ کی درخواست ضمانت خارج ہوگئی۔ ایڈیشنل سیشن جج سیدنجف حیدرکاظمی نےگوگی بٹ کی درخواست ضمانت پیش نہ ہونےپرخارج کی ۔ عدالت میں سی سی ڈی کےتفتیشی آفیسرمحمد لطیف موجودتھے،لیکن گوگی بٹ عدالت میں پیش ہوانہ ہی ان کےوکیل پیش ہوئے۔ یہ بھی پڑھیں: عدالت نےپہلی آواز8،دوسری ساڑھے8،تیسری9اورچوتھی10بجےدی ،گوگی بٹ نےدرخواست ضمانت16اگست کودائرکی تھی اورعدالت نے آج ہر صورت میں وکلا ءکو بحث کے لیے پابند کیا تھا.,N/A,24_news,10:53:AM
27 سال قبل لاپتہ لڑکی کے اغوا کار اسی کے والدین نکلے، لیکن کیوں؟‌ خوفناک انکشاف,"Oct 16, 2025",https://www.24urdu.com/16-Oct-2025/148867,غیرملکی میڈیا رپورٹ کے مطابق والدین نے 15 سالہ بیٹی کو 27 سال تک گھر ایک کمرے میں قید رکھا بازیاب ہونے والی خاتون ان27 سال قبل لاپتہ لڑکی کے اغوا کار اسی کے والدین نکلے، لیکن کیوں؟‌ خوفناک انکشاف تہائی لاغر، بیماریوں میں مبتلا اور نیم مردہ حالت میں ملی۔ مذکورہ خاتون کی شناخت میریلا کے نام سے ہوئی ہے، اسے 27سال قبل 15 سال کی عمر میں قید کیا گیا تھا جواب 42 سال کی ہوچکی ہے۔ علاقہ پولیس کے مطابق گزشتہ ماہ اس کے پڑوسیوں نے رات گئے گھر میں شور شرابے کی اطلاع دی، جس کے بعد پولیس نے کارروئی کی تو ایک لاپتہ لڑکی کو بازیاب کیا جسے اسی کے والدین نے قید کیا ہوا تھا۔ پولیس کی جاری کی گئی تصاویر میں 42 سالہ میریلا کو ایک چھوٹے سے بستر پر لیٹا دیکھا جا سکتا ہے، جس کے اردگرد بچوں کے کھلونے اور پھول میز رکھے ہوئے ہیں۔ پولیس کا کہنا ہے کہ ابتدائی طور پر میریلا اور اس کی ماں نے دعویٰ کیا کہ گھر میں ایسا کوئی مسئلہ نہیں لیکن میریلا کی جسمانی حالت دیکھ کر افسران کو تشویش لاحق ہوئی۔ یہ بھی پڑھیں وہ جھکی ہوئی کمر، سوجی ہوئی ٹانگوں اور انتہائی کمزور جسم کے ساتھ ایک بوڑھی عورت جیسی دکھائی دے رہی تھی لہٰذا اسے فوری طور پر مقامی ہسپتال منتقل کر دیا گیا۔ پولیس کی جانب سے تاحال میریلا کے والدین کے خلاف کوئی مقدمہ درج نہیں کیا گیا ہے، تاہم پولیس نے معاملے کو ممکنہ تشدد اور قید کے مقدمے کے طور پر تفتیش میں شامل کرلیا ہے۔,N/A,24_news,11:37:AM
کراچی: ایک ماہ میں 51 شہری قتل، 1542 موبائل چھین لیے گئے,"Oct 06, 2025",https://www.24urdu.com/06-Oct-2025/147810,(24 نیوز)کراچی میں ایک ماہ کے دوران قتل و غارت کی وارداتوں میں 51 شہریوں کو موت کے گھاٹ اتار دیا گیا۔ شہر میں گزشتہ ماہ ستمبر بھی شہریوں کے لیے ستم گر ثابت ہوا، ستمبر میں اسٹریٹ کرائمز ، گاڑیوں اور موٹر سائیکلوں کی چوری و چھینا جھپٹی کے واقعات میں شہری بھاری مالیت کے موبائل فونز ، گاڑیوں اور موٹر سائیکلوں سے محروم ہوگئے۔ سیٹیزن پولیس کی ماہانہ رپورٹ کے مطابق شہر میں قتل و غارت گری کی وارداتوں میں 51 شہری موت کے گھاٹ بھی اتار دیئے گئے جبکہ شہریوں کو بھتہ خوری کے واقعات کا بھی سامنا کرنا پڑا۔ گزشتہ ماہ ستمبر میں شہری مجموعی طور پر 199 گاڑیوں اور 3698 موٹر سائیکلوں جبکہ 1542 موبائل فونز سے محروم کر دیئے گئے، اس دوران ملزمان نے  517 موٹر سائیکلوں کو چوری اور 3181 موٹر سائیکلوں کو چوری کرلیا۔,N/A,24_news,22:44:PM
امیربالاج قتل کیس کامرکزی ملزم طیفی بٹ مبینہ پولیس مقابلے میں ہلاک,"Oct 11, 2025",https://www.24urdu.com/11-Oct-2025/148308,طیفی بٹ کوگزشتہ روزپولیس دبئی سےپاکستان واپس لائی تھی۔ ذرائع کے مطابق خواجہ تعریف گلشن المعروف طیفی بٹ کوتفتیش کےلئےکراچی سے لاہورمنتقل کیا جارہا تھاکہ نامعلوم افراد نےرحیم یار خان کے قریب فائرنگ کردی۔ یہ بھی پڑھیں: بتایاگیاہے کہ ڈی ایس پی سی سی ڈی سید حسین حیدرڈی او سی سی ڈی انسپکٹر عبدالہادی اور کانسٹیبل صغیر علی کے ہمراہ اشتہاری طیفی بٹ کولاہور لارہے تھےکہ  طیفی بٹ کو دو گاڑیوں پرسوارافرادکی جانب سے مبینہ طورپر سی سی ڈی کی حراست سے فرارکرایاگیا،پولیس نے طیفی بٹ کو حراست میں فرار کرانے والوں  کاپیچھاکیااور طیفی بٹ مبینہ مقابلے میں مارا گیا، ڈاکوؤں کی فائرنگ سے سی سی ڈی ڈرائیور نور علی دائیں بازو پر گولی لگنے سے زخمی بھی ہوا۔ ذرائع کے مطابق سنجرپوربائی پاس پر2 گاڑیوں پر سوارملزمان نے مبینہ طور پرحملہ کیا،طیفی بٹ کوچھڑانےکیلئے7سے8افرادنےسرکاری گاڑی پراندھادھندفائرنگ کی،فائرنگ سےسرکاری گاڑی کاڈرائیونور علی دائیں بازوپرگولی لگنےسےزخمی ہوا۔ سی سی ڈی پرحملے اورطیفی بٹ کےفرارکامقدمہ تھانہ کوٹ سبزل میں  ڈی ایس پی سی سی ڈی سید حسین حیدر کی مدعیت میں درج کیاگیا۔ ذرائع کے مطابق  طیفی بٹ کی نعش کو ٹی ایچ کیو صادق آباد سے شیخ زید  ہسپتال رحیم یارخان منتقل کردیاگیا ہے۔,N/A,24_news,10:05:AM
بٹ خیلہ میں ٹک ٹاک پر لڑکے کا روپ دھارنے والی لڑکی گرفتار,"Oct 07, 2025",https://www.24urdu.com/07-Oct-2025/147891,پولیس کے مطابق والدہ نے شکایت درج کروائی تھی کہ بیٹی سوشل میڈیا پربطورلڑکا ویڈیوزبنا کراپ لوڈ کرتی ہے جس سے خاندان اورمعاشرے میں منفی اثرات مرتب ہو رہے ہیں۔ والدہ نے مؤقف اختیارکیا کہ مسلسل سمجھانے کے باوجود بیٹی باز نہیں آئی جس پرمجبورا ً تھانے میں رپورٹ درج کروائی۔لیوی فورس نے کارروائی کرتے ہوئے گزشتہ روز لڑکی کو حراست میں لے کر تھانہ کوٹ منتقل کیا، جہاں ابتدائی تفتیش کے بعد اسے جیل بھیج دیا گیا۔ بعد ازاں والدہ کی منت سماجت، آئندہ سوشل میڈیا استعمال نہ کرنے کی یقین دہانی اور تحریری معاہدے کے بعد لیوی حکام نے لڑکی کو ضمانت پررہا کردیا۔ پولیس ذرائع کے مطابق لڑکی نے تسلیم کیا کہ وہ تفریح کے مقصد سے ٹک ٹاک پر لڑکے کا روپ دھارتی تھی، اس کا کسی کو نقصان پہنچانے کا ارادہ نہیں تھا۔ پولیس نے والدین اور نوجوانوں سے اپیل کی ہے کہ وہ سوشل میڈیا کے ذمہ دارانہ استعمال کو یقینی بنائیں تاکہ ایسی سرگرمیوں سے معاشرتی اقدار اور روایات متاثر نہ ہوں۔,N/A,24_news,17:33:PM
عادل راجا ہتک عزت کا کیس ہار گئے،13 کروڑ روپے ہرجانہ ادا کرنا ہوں گے,"Oct 09, 2025",https://www.24urdu.com/09-Oct-2025/148110,لندن ہائیکورٹ کے جج کا کہنا ہے کہ عادل راجا نے بریگیڈیئر (ر) راشد نصیر کو بدنام کیا اور ان پر جھوٹے الزامات لگائے، عادل راجا کو بریگیڈیئر (ر) راشد نصیر کو 50 ہزار پاؤنڈ ہرجانہ ادا کرنا ہوں گے۔ جج نے عادل راجہ کو بریگیڈیئر (ر) راشد نصیر کو عدالتی اخرجات کے تقریباً 3 لاکھ پاؤنڈ بھی دینے کا حکم دیا اور یہ احکامات جاری کئے کہ عادل راجہ اپنے تمام میڈیا پلیٹ فارمز پر راشد نصیر کے کیس جیتنے کی خبر دیں گے۔ یہ بھی پڑھیں: یاد رہے کہ بریگیڈیئرریٹائرڈ راشد نصیر نے 9 میڈیا آئٹمز کو ہتک آمیز قرار دے کر لندن ہائی کورٹ سے رجوع کیا تھا،جج رچرڈ اسپئیرمین نے تسلیم کیا کہ ان میڈیا آئٹمز سے راشد نصیر کی شہرت کو نقصان پہنچا اور عادل راجا اپنے الزامات کو ثابت کرنے میں ناکام رہے۔,N/A,24_news,15:22:PM
لڑکے نے لڑکی کو قتل کرنے کے بعد خود کو بھی مار لیا,"Oct 10, 2025",https://www.24urdu.com/10-Oct-2025/148250,پولیس ذرائع کے مطابق دو لڑکے اور دو لڑکیاں ریسٹورنٹ پر کھانا کھانے آئے۔کچھ دیر بعد آپس میں تلخ کلامی پر عمران اصغر نامی لڑکے نے پستول نکال لیا۔عمران نے تلخ کلامی پر عائزہ شہزاد نامی لڑکی کے سر پر گولی ماری۔لڑکی کو گولی مارنے کے بعد عمران نامی لڑکے نے مبینہ خودکشی کر لی۔ لڑکی کو ہسپتال منتقل کیا گیا جہاں زخموں کی تاب نہ لاتے ہوئے دم توڑ گئی۔قتل اور خود کشی کے بعد ساتھ آئے لڑکا اور لڑکی موقع سے فرار ہوگئے۔فرار لڑکے اور لڑکی کی تلاش جاری ہے۔چاروں نوجوان نجی فیکٹری میں ایک ساتھ کام کرتے تھے۔پولیس کا کہنا ہے کہ موقع سے شواہد اکھٹے کر کے قانونی کاروائی کا آغاز کر دیا گیا۔ یہ بھی پڑھیں:,N/A,24_news,17:59:PM
اسلام آباد؛ سرکاری افسر کی ٹارگٹ کِلنگ کامقدمہ درج،عینی شاہدین کے بیانات بھی قلمبند,"Oct 08, 2025",https://www.24urdu.com/08-Oct-2025/148016,مقتول کے بھائی کی درخواست پر تھانہ کوہسار میں نامعلوم ملزمان کے خلاف مقدمہ درج کر لیا گیا،مقدمہ میں قتل اور اقدام قتل کی دفعات شامل ہیں۔ مقدمے کے مطابق مقتول احسان الہی دوست قیصر اشفاق کے  ساتھ بلیو ایریا کھانا کھانے کے لئے ریسٹورنٹ گئے،نجی بیکرز کے سامنے نامعلوم ملزمان نے دونوں پر فائرنگ کردی،فائرنگ سے احسان الہی جان بحق جبکہ قیصر اشفاق زخمی ہوگئے ۔ ذرائع  کے مطابق پولیس نے موقع سے شواہد اکٹھے کرکے تحقیقات کا دائرہ کار وسیع کردیا ہے،پولیس نے سی سی ٹی وی فوٹجز اور عینی شاہدین کے بیانات بھی قلمبند کر لیے۔,N/A,24_news,19:13:PM
پاکستان تحریک انصاف کے رہنماء شاہ محمود قریشی کی بریت کا فیصلہ چیلنج,"Oct 15, 2025",https://www.24urdu.com/15-Oct-2025/148744,پنجاب حکومت نے سانحہ 9 مئی مقدمات میں شاہ محمود قریشی کی بریت کے خلاف اپیل دائر کر دی۔ اپیل پراسیکیوٹر جنرل پنجاب کی وساطت سے انسدادِ دہشت گردی کورٹ کے فیصلے کے خلاف دائرکی گئی ہے جس میں اے ٹی سی کا شاہ محمود قریشی کو بری کرنے کا فیصلہ کالعدم قرار دینے کی استدعا کی گئی ہے۔ شاہ محمود قریشی کی بریت کے خلاف پنجاب حکومت کی اپیل آج سماعت کے لیے مقرربھی ہوگئی ہے،جسٹس سید شہباز علی رضوی اور جسٹس طارق محمود پنجاب حکومت کی اپیل پر سماعت کریں گے۔ یہ بھی پڑھیں: اپیل میں مؤقف اختیارکیاگیاہے کہ شاہ محمود قریشی کے خلاف ٹھوس شواہد موجود تھے،بریت کا فیصلہ قانونی طور پر درست نہیں۔ بریت کے خلاف اپیل کے بعد لاہور ہائیکورٹ میں سانحہ 9 مئی مقدمات کی کارروائی دوبارہ اہم مرحلے میں داخل ہوگئی ہے۔,N/A,24_news,10:30:AM
جعلی ادویات بیچنے والا مالک’’بادشاہ دی ہٹی‘‘کو بڑی سزا اور کروڑوں روپے جرمانہ,"Oct 06, 2025",https://www.24urdu.com/06-Oct-2025/147796,تفصیلات کے مطابق ملزم  عبدالرزاق کو مجموعی طور پر 8 سال 3 ماہ قید اور 2 کروڑ 60 لاکھ روپے جرمانے کی سزا سنائی گئی ہے۔ عدالت نے غیر قانونی طور پر ادویات بنانے پر پانچ سال قید اور دس لاکھ روپے جرمانہ، جبکہ غیر رجسٹرڈ ادویات کی فروخت پر تین سال قید اور اڑھائی کروڑ روپے جرمانے کی سزا سنائی۔جرمانہ ادا نہ کرنے کی صورت میں ملزم کو مزید چوبیس ماہ قید بھگتنا ہوگی۔فیصلہ ڈرگ کورٹ راولپنڈی ڈویژن کے چیئرمین محمد فیصل بٹ نے ملزم عبدالرزاق کو سزا کے بعد اڈیالہ جیل منتقل کرنے کاحکم دیدیا۔ یہ بھی پڑھیں:,N/A,24_news,20:41:PM
ظالموں نے زہر،تیزاب اور تشدد سے خاتون کو مار دیا،ویڈیو نے ہلچل مچا دی,"Oct 04, 2025",https://www.24urdu.com/04-Oct-2025/147586,پولیس کے مطابق مقتولہ کے سسرالیوں نے بہو کو زہر کی گولیاں کھلائیں بعد ازاں تیزاب پلادیا،شوہر اپنی ماں،بیٹیوں اور بھانجے کیساتھ مل کر دوسری بیوی پر تشدد کرتا رہا ،ہسپتال لے جانے کی بجائے خاتون کے بھائی کو کال کی کہ تمہاری بہن نے زہر کھالیا ہے،راشدہ تنظیم تشدد، زہر اور تیزاب پلانے کے بعد ہسپتال میں زندگی کی بازی ہار گئی۔خاتون نے مرنے سے قبل ویڈیو بیان میں حقیقت عیاں کردی۔ہوش میں آکر راشدہ نے  آخری گفتگو   میں بیان دیا کہ مجھے زبردستی زہر کی گولیاں کھلائی گئیں اور تیزاب پلایا گیا،مجھ سے ویڈیو میں زبردستی بیان دلوایا گیا کہ تم نے زہر خود کھا کر خود کشی کی ہے۔میری ساس، شوہر، پہلی بیوی کی بیٹیاں اور بھانجا ظلم کرتے رہے،سوتیلی بیٹیاں بالوں سے گھسیٹ کر منہ پر جوتے مارتی رہیں،ملزمان برہنہ کرکے زبردستی ویڈیو بناتے رہے،شوہر چار سال سے تشدد کرتا ہے اور گھٹیا الزام لگاتا ہے،مقتولہ کی اسجد سے دوسری شادی پر اسجد کی بیٹیاں ناخوش تھیں جس وجہ سے راشدہ پرظلم کیاجاتا تھا ۔ مقدمہ  کے مدعی کا کہنا ہے کہ 13 ستمبر کو بہن کی موت ہوئی پولیس نے 6 دن تک کوئی کاروائی نہ کی بلکہ 19 ستمبر تک ملزمان نے ضمانت کروانے کا موقع دیا۔واقعے کا مقدمہ خاوند اسجد، پہلی بیوی کی تین بیٹیوں اور بھانجے علی حسن کیخلاف تھانہ کنجاہ میں درج کر لیا گیا۔،ایس ایچ او کنجاہ کا کہنا ہے کہ ملزمان سے تفتیش کی جارہی ہے اور  قانون کے مطابق سزا دلوائیں گے ۔ مقتولہ راشدہ تنظیم کے ورثا نےوزیر اعلیٰ پنجاب اور آئی جی پنجاب سے انصاف کا مطالبہ کیا ہے۔ یہ بھی پڑھیں:,N/A,24_news,18:59:PM
جھگڑے کے دوران دوست نے دوست کو موت کے گھاٹ اتار دیا,"Oct 04, 2025",https://www.24urdu.com/04-Oct-2025/147549,چھیپا حکام کے مطابق گلبرگ موسیٰ کالونی یو سی پارک کے قریب آپسی جھگڑے میں چھری کے وار سے ایک شخص جاں بحق ہوگیا۔ جاں بحق شخص کی لاش چھیپا ایمبولینس سے عباسی ہسپتال منتقل کی گئی۔ چھیپا حکام کے مطابق جاں بحق ہونے والے شخص کی شناخت 20 سالہ وسیم ولد ابراہیم کے نام سے ہوئی۔ گلبرگ تھانے کے ہیڈ محرر اے آیس آئی یاسرنے بتایا کہ ابتدائی اطلاعات کے مطابق یہ واقعہ ذاتی جھگڑے کے باعث پیش آیا، وسیم اور کامران آپس میں دوست اور موسیٰ کالونی کے رہائشی ہیں۔ یہ بھی پڑھیں ابتدائی معلومات کے مطابق کامران نے نامعلوم وجہ کے سبب اپنے دوست کو چھری مارکر قتل کردیا۔ پولیس نے ملزم کامران کو حراست میں لے لیا ہے، پولیس واقعہ کی مزید تفتیش کررہی ہے۔,N/A,24_news,13:24:PM
شراب و اسلحہ برآمدگی کیس: علی امین گنڈا پور کے وارنٹ گرفتاری برقرار,"Oct 04, 2025",https://www.24urdu.com/04-Oct-2025/147507,جوڈیشل مجسٹریٹ مبشر حسن چشتی نے کیس پر سماعت کی،علی امین گنڈا پور آج بھی عدالت میں پیش نہ ہوئے جس پرعدالت نےعلی امین گنڈاپورکے وارنٹ گرفتاری برقراررکھتے ہوئے کیس کی مزید سماعت 18 اکتوبر تک ملتوی کردی۔ یہ بھی پڑھیں: علی امین گنڈا پور کیخلاف تھانہ بارہ کہو میں مقدمہ درج ہے۔,N/A,24_news,09:40:AM
عمرایوب، شیخ وقاص اکرم اور زرتاج گل کے وارنٹ گرفتاری جاری,"Oct 06, 2025",https://www.24urdu.com/06-Oct-2025/147747,انسداد دہشت گردی عدالت اسلام آباد میں پی ٹی آئی رہنماؤں کیخلاف سنگجانی جلسہ کیس کی سماعت ہوئی،عدالت نے عمر ایوب کی حاضری سے استثنیٰ کی درخواست مسترد کردی، جج طاہر عباس سپرا نے ریمارکس دیئے کہ یہ تمام لوگ ایک دفعہ بھی اس مقدمےمیں پیش نہیں ہوئے۔ یہ بھی پڑھیں: عدالت نے عمرایوب، شیخ وقاص اکرم اور زرتاج گل کے وارنٹ گرفتاری جاری کرتے ہوئے  تینوں رہنماؤں کو گرفتار کرکے پیش کرنے کا حکم دیدیا، کیس کی مزید سماعت 20 اکتوبر تک ملتوی کردی گئی۔,N/A,24_news,12:13:PM
پی ٹی آئی رہنماشاہ محمود قریشی کی عبوری ضمانت میں 31 اکتوبر تک توسیع,"Oct 06, 2025",https://www.24urdu.com/06-Oct-2025/147742,انسداد دہشت گردی عدالت کے ڈیوٹی جج ارشد جاوید نے سماعت کی،شاہ محمود قریشی کے جیل وارنٹ پیپرز عدالت میں پیش کئے گئے،شاہ محمود قریشی نے جناح ہاؤس حملہ اور عسکری ٹاور حملہ کیسز میں عبوری ضمانت دائر کر رکھی ہے۔ عدالت نے آئندہ سماعت پر عبوری ضمانت پر وکلاء سے دلائل طلب کر لئے۔ یہ بھی پڑھیں: شاہ محمود قریشی کی عبوری ضمانتیں گرفتاری کے باعث خارج ہو گئی تھیں جولاہور ہائیکورٹ کے حکم پر بحال ہوئیں۔,N/A,24_news,11:02:AM
لاہور: 4 ڈولفن اہلکار رشوت لینے پر ملازمت سے برطرف,"Sep 30, 2025",https://www.24urdu.com/30-Sep-2025/147135,ترجمان لاہور پولیس کے مطابق ڈولفن اہلکاروں کو انکوائری رپورٹ میں رشوت لینے کا الزام ثابت ہونے پر سزا سنائی گئی۔ انکوائری رپورٹ کے مطابق رشوت ستانی کا واقعہ 17 ستمبر کو حاجی کیمپ کے پاس پیش آیا، شہری خریداری کے بعد آن لائن بائیک رائیڈر کا انتظار کر رہا تھا۔ رپورٹ کے مطابق ڈولفن اہلکاروں نے رشوت لینے کے لیے شہری کا جھوٹا بیان ریکارڈ کیا اور ویڈیو بنائی۔ اہل کاروں نے ویڈیو بیان لے کر شہری سے 50 ہزار روپے رشوت کا مطالبہ کیا، شہری نے 29 ہزار روپے اے ٹی ایم سے نکلوا کر ڈولفن اہلکاروں کو دیے تھے۔,N/A,24_news,23:49:PM
9مئی کے 11 مقدمات میں فرد جرم عائد کرنے کی تاریخ مقرر,"Oct 01, 2025",https://www.24urdu.com/01-Oct-2025/147180,(ویب ڈیسک)انسداد دہشت گردی عدالت راولپنڈی نے 9 مئی کے 11 مقدمات کی سماعت 15 اکتوبر تک ملتوی کر دی، آئندہ تاریخ پر تمام کیسز میں فرد جرم عائد کی جائے گی۔ عدالت میں ملزمان کی حاضری لگائی گئی اور جنہیں چالان نقول نہیں ملیں ان میں چالان نقول تقسیم کی گئی۔ یہ بھی پڑھیں: سانحہ 9 مئی کیسز میں جی ایچ کیو گیٹ 4 حملہ، آرمی میوزیم پر حملہ، حساس بلڈنگ جلانے اور میٹرو  بس سٹیشن جلانے کے کیسز بھی شامل کر لیے گئے ہیں۔,N/A,24_news,12:47:PM
پی ٹی آئی کے سابق رکن سندھ اسمبلی سمیت 19 ملزمان کی ضمانت منظور,"Oct 03, 2025",https://www.24urdu.com/03-Oct-2025/147411,"(جواد آصف)انسداد دہشتگردی عدالت نے بنارس میں تحریک انصاف کے امن مارچ میں ہنگامہ آرائی کے مقدمے میں سابق رکن سندھ اسمبلی سعید آفریدی سمیت 19 ملزمان کی ضمانت منظور کرلی۔ انسداد دہشت گردی عدالت نے  30,30 ہزار کے مچلکے فی کس جمع کروانے کابھی حکم دیاہے۔ وکیل صفائی شجاعت علی خان ایڈووکیٹ نے عدالت میں دلائل دیتے ہوئے کہاکہ تحریک انصاف کی جانب سے امن مارچ کا انعقاد کیا گیا تھا،پولیس نے پرامن کارکنان پر لاٹھی چارج کیا۔ یہ بھی پڑھیں: وکیل صفائی نے کہاکہ گرفتار کارکنان سے سوائے امن کے پرچم کے کوئی برآمدگی نہیں ہوئی، بغیر کسی برآمدگی انسداد دہشت گردی دفعات کے تحت ان کے خلاف مقدمہ درج کیا گیا۔ سرکاری وکیل نے کہاکہ  ملزمان کے حملے سے پولیس اہلکار زخمی ہوئے جبکہ پولیس موبائل کو بھی نقصان پہنچایا گیا۔",N/A,24_news,12:00:PM
توشہ خانہ 2کیس:بانی پی ٹی آئی اور بشریٰ بی بی کیخلاف سماعت منسوخ,"Oct 02, 2025",https://www.24urdu.com/02-Oct-2025/147274,بانی پی ٹی آئی اور بشریٰ بی بی کے خلاف توشہ خانہ 2کیس کی اگلی تاریخ آج اسلام آباد جوڈیشل کمپلیکس میں دی جائے گی۔ یہ بھی پڑھیں: رات گئے عدالتی عملے کی جانب سے وکلاء صفائی اور پراسیکوشن ٹیم کواس حوالے سے آگاہ کر دیا گیا ہے۔,N/A,24_news,09:46:AM
امیربالاج قتل کیس، ملزم گوگی بٹ کی عبوری ضمانت میں توسیع,"Sep 29, 2025",https://www.24urdu.com/29-Sep-2025/146969,لاہور کی سیشن کورٹ میں امیر بالاج قتل کیس میں ملزم عقیل عرف گوگی بٹ کی عبوری درخواست ضمانت پر سماعت ہوئی۔ ایڈیشنل سیشن جج نجف حیدر کیس کی سماعت کی۔ عقیل عرف گوگی بٹ سخت سکیورٹی میں عدالت میں پیش ہوئے۔ عدالت نے پراسیکیوٹر کو نوٹس جاری کرتے ہوئے دلائل طلب کر لئے۔ عدالت نے ملزم عقیل عرف گوگی بٹ کی عبوری ضمانت میں 8 اکتوبر تک توسیع کردی۔ تھانہ چوہنگ پولیس نے مقدمہ درج کررکھا ہے۔,N/A,24_news,13:04:PM
خاتون کی نازیبا تصاویر اور ویڈیوز بنانے والا ملزم گرفتار,"Oct 02, 2025",https://www.24urdu.com/02-Oct-2025/147355,این سی سی آئی اے کے مطابق خاتون کو بلیک میل کرنے والا ملزم ہاشر گل نے متاثرہ خاتون کی ویڈیوز ریکارڈ کر کے واٹس ایپ پر شیئر کیں اور خاتون کے شوہر کو بھی نازیبا مواد بھیج کر متاثرہ خاندان کی عزت و وقار مجروح کیا۔ بیان میں کہا گیا کہ ملزم نے متاثرہ خاتون کو 10 ہزار روپے اکاؤنٹ میں بھیجنے پر مجبور کیا، ملزم سے موبائل فون اور الیکٹرونک ڈیوائسز برآمد کرلیے اور دیگر شواہد بھی قبضے میں لے لیے گئے۔ مزید بتایا گیا کہ ملزم کے خلاف پیکاایکٹ اور دیگر دفعات کےتحت مقدمہ درج کرلیاگیا اور مزید تفتیش جاری ہے۔,N/A,24_news,22:59:PM
سوشل میڈیا ایکٹوسٹ فلک جاوید کے جسمانی ریمانڈ میں 4 روز کی توسیع کردی گئی,"Sep 30, 2025",https://www.24urdu.com/30-Sep-2025/147093,جوڈیشل مجسٹریٹ نعیم وٹو نے درخواست پرسماعت کی،این سی سی آئی اے نے پانچ روزہ جسمانی ریمانڈ مکمل ہونے کے بعد ملزمہ کو عدالت پیش کیا،نیشنل سائبرکرائم انویسٹی گیشن ایجنسی نےمزید جسمانی ریمانڈ کی استدعا کی،ملزمہ کے وکیل نے جسمانی ریمانڈ کی مخالفت کی۔ عدالت نےفلک جاوید کےجسمانی ریمانڈ میں چار روز کی توسیع کردی اور آئندہ سماعت پر این سی سی آئی اے سےتفتیش کی رپورٹ طلب کرلی،ملزمہ کواین سی سی آئی اے نے چند روزقبل اچھرہ سے گرفتار کیا تھا۔ این سی سی آئی اے نےملزمہ کے خلاف نیشنل سائبرکرائم انویسٹی گیشن ایجنسی نے ریاست مخالف ٹویٹ اورصوبائی وزیر کے خلاف نامناسب تصویر اپلوڈ کرنے کا مقدمہ درج کررکھا ہے۔,N/A,24_news,16:03:PM
ریاست مخالف بیانات؛ فلک جاوید کے جسمانی ریمانڈ میں مزید 4 دن کی توسیع,"Oct 04, 2025",https://www.24urdu.com/04-Oct-2025/147566,تفصیلات کے مطابق متنازع ٹویٹ اور صوبائی وزیر کی نامناسب تصویر اپلوڈ کرنے کے مقدمے کی سماعت ہوئی،گرفتار پاکستان تحریک انصاف (پی ٹی آئی) کی رہنما فلک جاوید کو 4 روزہ جسمانی ریمانڈ مکمل ہونے پر عدالت میں پیش کیا گیا۔ سماعت کے دوران نیشنل سائبر کرائم انویسٹی گیشن ایجنسی (این سی سی آئی اے) نے فلک جاوید کے مزید جسمانی ریمانڈ کی استدعا کی تاہم ملزمہ کے وکیل نے درخواست کی مخالفت کرتے ہوئے مؤقف اختیار کیا کہ اب تک 9 روزہ ریمانڈ کے باوجود کوئی پیش رفت سامنے نہیں آئی۔ فلک جاوید کے وکیل نے کہا کہ ایف آئی آر جھوٹ پر مبنی ہے اور محض سیاسی بنیادوں پر درج کی گئی ہے، ملزمہ کو اس کی بہن صنم جاوید کی وجہ سے گرفتار کیا گیا۔ وکیل نے الزام لگایا کہ اگرچہ این سی سی آئی اے نے موبائل ریکور کرنے کا کہا مگر اب تک اس مقصد کے لیے ملزمہ کو کہیں نہیں لے جایا گیا،وکیلِ صفائی نے عدالت سے استدعا کی کہ مزید جسمانی ریمانڈ کی بجائے ملزمہ کو جوڈیشل ریمانڈ پر جیل بھیج دیا جائے تاہم عدالت نے دلائل سننے کے بعد فیصلہ محفوظ کر لیا۔ بعد ازاں عدالت نے محفوظ فیصلہ سناتے ہوئے فلک جاوید کے جسمانی ریمانڈ میں مزید 4دن کی توسیع کردی۔,N/A,24_news,15:17:PM
بیوی سے ناجائز تعلقات ،شک پر سگے بڑے بھائی اور 3 سالہ بیٹے کو قتل کر دیا,"Oct 01, 2025",https://www.24urdu.com/01-Oct-2025/147244,پولیس کا کہنا ہےکہ قتل ہونے والوں کی شناخت شیر باز خان اور اس کے 3 سالہ بھتیجے عبدالاحد کے نام سے ہوئی ہے تاہم لاشوں کو پوسٹ مارٹم کے لیے اسپتال منتقل کر دیا گیا ہے جبکہ فرار ہونے والے ملزم عاشق حسین کی گرفتاری کے لیے چھاپے مارے جا رہے ہیں۔واقعے کے بعد مقتول کے بھائی گلبہار خان کی مدعیت میں مقدمہ درج کر لیا گیا ہے۔ایف آئی آر کے مطابق ملزم عاشق حسین راولپنڈی میں کرائے کے مکان میں رہائش پذیر تھا اور گزشتہ رات اپنے بیٹے عبدالاحد کے ساتھ روات آیا۔گلبہار خان نے بیان میں کہا آدھی رات کے قریب عاشق حسین نے پہلے اپنے بڑے بھائی شیر باز پر فائرنگ کی اور پھر اپنے ہی تین سالہ بیٹے پر گولیاں چلائیں، جس سے دونوں موقع پر جاں بحق ہو گئے۔ابتدائی تحقیقات کے مطابق ملزم کو شک تھا کہ اسکی بیوی اور مقتول بھائی کے درمیان ناجائز تعلقات ہیں، جس پر اس نے انتہائی قدم اٹھایا ۔پولیس مزید تفتیش کر رہی ہے۔ یہ بھی پڑھیں:,N/A,24_news,21:39:PM
راولپنڈی میں 13 سالہ لڑکے کا بے دردی سے قتل,"Sep 29, 2025",https://www.24urdu.com/29-Sep-2025/146953,تفصیلات کے مطابق راولپنڈی میں ایک افسوسناک واقعہ پیش آیا ہے، لڑکے کی لاش مکان کی تیسری منز ل کی چھت پر پڑی ملی ہے جسے بے دردی سے قتل کیا گیا ہے،پولیس حکام کا کہنا ہے کہ لڑکے کے گردن اور جسم کے مختلف حصوں پر تشدد اور گہرے زخموں کے نشان ہیں، پیرو دھائی پولیس موقع پر پہنچ گئی ہے۔ پولیس حکام کا کہنا ہے کہ تحقیقات کا آغاز کر دیا گیا لڑکے کی لاش پوسٹ مارٹم کے لیے اسپتال منتقل کر دی گئی ہے۔ دوسری جانب اورنگی ٹاؤن میں ڈاکوؤں نے دن دہاڑے ڈکیتی میں مزاحمت پر باپ کو بچوں کے سامنے بےدردی سے گولیاں مار کر قتل کردیا۔,N/A,24_news,10:46:AM
توشہ خانہ ٹو کیس :بانی پی ٹی آئی اور بشریٰ بی بی کی بریت کی درخواستیں سماعت کیلئے مقرر,"Sep 25, 2025",https://www.24urdu.com/25-Sep-2025/146476,"اسلام آباد ہائیکورٹ نے درخواستیں 7 اکتوبر کو سماعت کے لئے مقرر کر دیں،جسٹس انعام امین منہاس درخواستوں پر سماعت کریں گے۔ یہ بھی پڑھیں: بانی پی ٹی آئی اور بشریٰ بی بی نے توشہ خانہ ٹو کیس کا ٹرائل روکنے کی بھی استدعا کر رکھی ہے,جنوری میں بریت کی درخواستیں بھی عدالت میں دائر ہوئی تھیں۔",N/A,24_news,09:18:AM
ٹک ٹاکراقرا کنول، ندیم نانی والا اور محمد حسنین شاہ کیخلاف مقدمات درج,"Sep 25, 2025",https://www.24urdu.com/25-Sep-2025/146506,معروف سوشل میڈیا انفلوئنسرز اقرا کنول کے خلاف 3مقدمات درج کئے گئے جبکہ ندیم مبارک عرف نانی والا ،حسنین شاہ کے خلاف بھی 3 مقدمات درج کئے۔ تحقیقاتی ایجنسی نےیوٹیوبرز سے مؤقف جاننے کے لئے3مرتبہ طلب کیا، حکام کا کہنا تھا کہ یوٹیوبرز نے جان بوجھ کر تفتیش میں شامل ہونے سےگریز کیا۔ تینوں یوٹیوبرز پر غیر قانونی ٹریڈنگ ایپس کی تشہیر میں ملوث کا الزام ہے، یوٹیوبرز عوام کو منافع کا لالچ دے کر سرمایہ کاری کیلئے اُکساتے رہے،مقدمات میں نامزد ملزموں کی گرفتاری کے لئے خصوصی چھاپہ مار ٹیمیں تشکیل دے دی گئی ہیں۔ یہ بھی پڑھیں,N/A,24_news,12:49:PM
فلک جاوید کے جسمانی ریمانڈ کے خلاف اپیل پر سماعت بغیر کارروائی ملتوی,"Sep 27, 2025",https://www.24urdu.com/27-Sep-2025/146753,فلک جاوید کے وکیل میاں علی اشفاق نے اپیل دائر کر رکھی ہے جس میں مؤقف اختیار کیا گیا کہ جوڈیشل مجسٹریٹ نے حقائق کے برعکس ملزمہ کا جسمانی ریمانڈ منظور کیا،وکیل کے مطابق قانون کے مطابق صرف ڈکیتی اور قتل جیسے مقدمات میں خاتون کا جسمانی ریمانڈ دیا جاسکتا ہے۔ درخواست میں عدالت سے استدعا کی گئی ہے کہ مجسٹریٹ کے جسمانی ریمانڈ کے فیصلے کو کالعدم قرار دیا جائے۔,N/A,24_news,11:20:AM
